ID,Product Name,Category,Price,Tax
1,Product_1,Category_11,255.29,2.04
2,Product_2,Category_7,0.67,15.23
3,Product_3,Category_7,174.62,15.23
4,Product_4,Category_8,13.38,4.87
5,Product_5,Category_6,397.89,10.37
6,Product_6,Category_14,456.33,18.89
7,Product_7,Category_12,185.57,16.64
8,Product_8,Category_7,252.01,15.23
9,Product_9,Category_19,183.88,12.09
10,Product_10,Category_3,427.60,9.60
11,Product_11,Category_6,444.62,10.37
12,Product_12,Category_15,365.28,5.71
13,Product_13,Category_2,450.45,5.19
14,Product_14,Category_8,163.91,4.87
15,Product_15,Category_7,241.08,15.23
16,Product_16,Category_4,316.86,7.07
17,Product_17,Category_12,320.35,16.64
18,Product_18,Category_1,410.90,1.59
19,Product_19,Category_19,497.58,12.09
20,Product_20,Category_20,45.92,7.01
21,Product_21,Category_2,168.56,5.19
22,Product_22,Category_17,156.91,8.62
23,Product_23,Category_13,349.50,9.82
24,Product_24,Category_9,481.64,17.02
25,Product_25,Category_15,124.27,5.71
26,Product_26,Category_20,230.66,7.01
27,Product_27,Category_16,75.94,10.21
28,Product_28,Category_7,296.10,15.23
29,Product_29,Category_9,482.06,17.02
30,Product_30,Category_12,128.07,16.64
31,Product_31,Category_13,61.30,9.82
32,Product_32,Category_17,348.76,8.62
33,Product_33,Category_17,57.08,8.62
34,Product_34,Category_11,27.17,2.04
35,Product_35,Category_16,351.37,10.21
36,Product_36,Category_2,423.38,5.19
37,Product_37,Category_6,8.55,10.37
38,Product_38,Category_16,408.72,10.21
39,Product_39,Category_4,239.01,7.07
40,Product_40,Category_15,354.93,5.71
41,Product_41,Category_16,95.50,10.21
42,Product_42,Category_3,346.78,9.60
43,Product_43,Category_16,373.55,10.21
44,Product_44,Category_1,7.80,1.59
45,Product_45,Category_13,313.87,9.82
46,Product_46,Category_5,360.23,15.25
47,Product_47,Category_1,87.83,1.59
48,Product_48,Category_19,433.71,12.09
49,Product_49,Category_2,284.78,5.19
50,Product_50,Category_18,472.02,1.76
51,Product_51,Category_3,61.55,9.60
52,Product_52,Category_16,465.60,10.21
53,Product_53,Category_6,188.99,10.37
54,Product_54,Category_12,231.57,16.64
55,Product_55,Category_12,184.90,16.64
56,Product_56,Category_6,167.53,10.37
57,Product_57,Category_6,138.40,10.37
58,Product_58,Category_12,82.38,16.64
59,Product_59,Category_6,84.27,10.37
60,Product_60,Category_18,33.93,1.76
61,Product_61,Category_14,327.44,18.89
62,Product_62,Category_16,326.50,10.21
63,Product_63,Category_9,386.04,17.02
64,Product_64,Category_6,439.74,10.37
65,Product_65,Category_5,453.32,15.25
66,Product_66,Category_6,335.11,10.37
67,Product_67,Category_5,39.90,15.25
68,Product_68,Category_7,445.91,15.23
69,Product_69,Category_14,395.84,18.89
70,Product_70,Category_10,338.17,1.96
71,Product_71,Category_9,68.79,17.02
72,Product_72,Category_2,251.96,5.19
73,Product_73,Category_8,378.14,4.87
74,Product_74,Category_6,48.58,10.37
75,Product_75,Category_18,17.72,1.76
76,Product_76,Category_4,260.99,7.07
77,Product_77,Category_18,93.14,1.76
78,Product_78,Category_15,111.92,5.71
79,Product_79,Category_12,137.79,16.64
80,Product_80,Category_4,430.44,7.07
81,Product_81,Category_2,334.42,5.19
82,Product_82,Category_17,106.35,8.62
83,Product_83,Category_13,279.04,9.82
84,Product_84,Category_10,310.92,1.96
85,Product_85,Category_11,382.36,2.04
86,Product_86,Category_8,122.55,4.87
87,Product_87,Category_16,336.49,10.21
88,Product_88,Category_7,374.25,15.23
89,Product_89,Category_4,397.87,7.07
90,Product_90,Category_12,378.81,16.64
91,Product_91,Category_1,443.13,1.59
92,Product_92,Category_4,388.27,7.07
93,Product_93,Category_19,314.00,12.09
94,Product_94,Category_15,89.21,5.71
95,Product_95,Category_15,363.89,5.71
96,Product_96,Category_12,184.21,16.64
97,Product_97,Category_13,102.65,9.82
98,Product_98,Category_3,295.64,9.60
99,Product_99,Category_11,150.87,2.04
100,Product_100,Category_12,70.61,16.64
101,Product_101,Category_18,481.69,1.76
102,Product_102,Category_2,331.37,5.19
103,Product_103,Category_7,24.78,15.23
104,Product_104,Category_19,361.32,12.09
105,Product_105,Category_2,386.82,5.19
106,Product_106,Category_16,433.34,10.21
107,Product_107,Category_2,75.61,5.19
108,Product_108,Category_16,457.70,10.21
109,Product_109,Category_12,245.47,16.64
110,Product_110,Category_7,29.61,15.23
111,Product_111,Category_11,142.79,2.04
112,Product_112,Category_4,439.07,7.07
113,Product_113,Category_8,22.44,4.87
114,Product_114,Category_18,187.17,1.76
115,Product_115,Category_18,409.19,1.76
116,Product_116,Category_2,30.08,5.19
117,Product_117,Category_4,262.54,7.07
118,Product_118,Category_15,15.27,5.71
119,Product_119,Category_4,295.32,7.07
120,Product_120,Category_3,462.47,9.60
121,Product_121,Category_1,417.82,1.59
122,Product_122,Category_13,166.43,9.82
123,Product_123,Category_17,27.52,8.62
124,Product_124,Category_6,295.03,10.37
125,Product_125,Category_3,404.70,9.60
126,Product_126,Category_18,495.82,1.76
127,Product_127,Category_2,359.45,5.19
128,Product_128,Category_15,336.92,5.71
129,Product_129,Category_4,305.23,7.07
130,Product_130,Category_1,121.82,1.59
131,Product_131,Category_7,263.67,15.23
132,Product_132,Category_12,31.35,16.64
133,Product_133,Category_12,125.98,16.64
134,Product_134,Category_13,161.93,9.82
135,Product_135,Category_12,26.85,16.64
136,Product_136,Category_8,278.04,4.87
137,Product_137,Category_20,103.03,7.01
138,Product_138,Category_8,451.90,4.87
139,Product_139,Category_2,451.58,5.19
140,Product_140,Category_13,290.77,9.82
141,Product_141,Category_1,6.79,1.59
142,Product_142,Category_6,447.70,10.37
143,Product_143,Category_2,136.33,5.19
144,Product_144,Category_11,252.44,2.04
145,Product_145,Category_11,70.66,2.04
146,Product_146,Category_18,455.45,1.76
147,Product_147,Category_10,432.34,1.96
148,Product_148,Category_15,166.00,5.71
149,Product_149,Category_19,342.02,12.09
150,Product_150,Category_5,481.85,15.25
151,Product_151,Category_18,107.41,1.76
152,Product_152,Category_3,383.91,9.60
153,Product_153,Category_18,24.38,1.76
154,Product_154,Category_18,297.39,1.76
155,Product_155,Category_6,138.27,10.37
156,Product_156,Category_3,386.35,9.60
157,Product_157,Category_8,308.93,4.87
158,Product_158,Category_8,102.48,4.87
159,Product_159,Category_16,123.42,10.21
160,Product_160,Category_14,194.54,18.89
161,Product_161,Category_4,241.76,7.07
162,Product_162,Category_9,443.57,17.02
163,Product_163,Category_9,19.01,17.02
164,Product_164,Category_5,34.50,15.25
165,Product_165,Category_2,184.62,5.19
166,Product_166,Category_20,185.72,7.01
167,Product_167,Category_4,155.21,7.07
168,Product_168,Category_14,475.45,18.89
169,Product_169,Category_11,120.40,2.04
170,Product_170,Category_9,367.22,17.02
171,Product_171,Category_16,108.59,10.21
172,Product_172,Category_6,90.25,10.37
173,Product_173,Category_8,228.87,4.87
174,Product_174,Category_11,73.47,2.04
175,Product_175,Category_19,137.15,12.09
176,Product_176,Category_4,193.90,7.07
177,Product_177,Category_18,397.66,1.76
178,Product_178,Category_15,493.22,5.71
179,Product_179,Category_14,95.85,18.89
180,Product_180,Category_7,162.08,15.23
181,Product_181,Category_5,266.51,15.25
182,Product_182,Category_11,96.00,2.04
183,Product_183,Category_9,389.14,17.02
184,Product_184,Category_18,455.68,1.76
185,Product_185,Category_9,169.13,17.02
186,Product_186,Category_19,246.96,12.09
187,Product_187,Category_13,235.19,9.82
188,Product_188,Category_19,56.53,12.09
189,Product_189,Category_19,449.58,12.09
190,Product_190,Category_6,15.65,10.37
191,Product_191,Category_10,294.22,1.96
192,Product_192,Category_5,202.88,15.25
193,Product_193,Category_16,389.48,10.21
194,Product_194,Category_10,240.18,1.96
195,Product_195,Category_18,259.90,1.76
196,Product_196,Category_12,267.11,16.64
197,Product_197,Category_5,348.99,15.25
198,Product_198,Category_18,15.58,1.76
199,Product_199,Category_3,256.98,9.60
200,Product_200,Category_1,232.28,1.59
201,Product_201,Category_5,180.47,15.25
202,Product_202,Category_8,287.72,4.87
203,Product_203,Category_6,412.32,10.37
204,Product_204,Category_8,52.17,4.87
205,Product_205,Category_16,94.86,10.21
206,Product_206,Category_6,453.04,10.37
207,Product_207,Category_11,151.79,2.04
208,Product_208,Category_13,347.94,9.82
209,Product_209,Category_8,425.94,4.87
210,Product_210,Category_20,69.13,7.01
211,Product_211,Category_8,457.87,4.87
212,Product_212,Category_11,2.61,2.04
213,Product_213,Category_11,81.11,2.04
214,Product_214,Category_18,426.51,1.76
215,Product_215,Category_18,0.94,1.76
216,Product_216,Category_14,200.43,18.89
217,Product_217,Category_4,418.74,7.07
218,Product_218,Category_1,395.00,1.59
219,Product_219,Category_15,266.39,5.71
220,Product_220,Category_7,16.51,15.23
221,Product_221,Category_15,458.02,5.71
222,Product_222,Category_8,218.03,4.87
223,Product_223,Category_19,304.11,12.09
224,Product_224,Category_1,237.89,1.59
225,Product_225,Category_19,192.23,12.09
226,Product_226,Category_15,394.48,5.71
227,Product_227,Category_9,143.42,17.02
228,Product_228,Category_4,210.90,7.07
229,Product_229,Category_10,342.51,1.96
230,Product_230,Category_2,376.94,5.19
231,Product_231,Category_1,390.63,1.59
232,Product_232,Category_2,226.03,5.19
233,Product_233,Category_9,148.88,17.02
234,Product_234,Category_11,413.70,2.04
235,Product_235,Category_1,76.05,1.59
236,Product_236,Category_11,490.77,2.04
237,Product_237,Category_18,479.15,1.76
238,Product_238,Category_20,280.07,7.01
239,Product_239,Category_4,189.59,7.07
240,Product_240,Category_2,327.12,5.19
241,Product_241,Category_12,311.99,16.64
242,Product_242,Category_3,172.86,9.60
243,Product_243,Category_12,50.22,16.64
244,Product_244,Category_11,402.70,2.04
245,Product_245,Category_9,387.35,17.02
246,Product_246,Category_19,101.94,12.09
247,Product_247,Category_15,329.61,5.71
248,Product_248,Category_13,268.06,9.82
249,Product_249,Category_1,127.37,1.59
250,Product_250,Category_10,401.42,1.96
251,Product_251,Category_8,244.64,4.87
252,Product_252,Category_4,411.55,7.07
253,Product_253,Category_4,475.62,7.07
254,Product_254,Category_19,88.06,12.09
255,Product_255,Category_2,181.28,5.19
256,Product_256,Category_18,291.76,1.76
257,Product_257,Category_11,208.82,2.04
258,Product_258,Category_17,308.24,8.62
259,Product_259,Category_4,185.03,7.07
260,Product_260,Category_19,481.46,12.09
261,Product_261,Category_7,182.40,15.23
262,Product_262,Category_7,215.41,15.23
263,Product_263,Category_7,189.26,15.23
264,Product_264,Category_18,420.26,1.76
265,Product_265,Category_4,398.35,7.07
266,Product_266,Category_5,249.04,15.25
267,Product_267,Category_7,445.79,15.23
268,Product_268,Category_2,409.19,5.19
269,Product_269,Category_19,447.24,12.09
270,Product_270,Category_3,459.69,9.60
271,Product_271,Category_20,338.24,7.01
272,Product_272,Category_20,232.21,7.01
273,Product_273,Category_16,381.38,10.21
274,Product_274,Category_13,435.14,9.82
275,Product_275,Category_8,479.59,4.87
276,Product_276,Category_4,37.30,7.07
277,Product_277,Category_12,75.34,16.64
278,Product_278,Category_14,267.80,18.89
279,Product_279,Category_12,176.74,16.64
280,Product_280,Category_10,87.61,1.96
281,Product_281,Category_18,407.23,1.76
282,Product_282,Category_18,67.74,1.76
283,Product_283,Category_4,401.69,7.07
284,Product_284,Category_16,102.12,10.21
285,Product_285,Category_19,369.78,12.09
286,Product_286,Category_17,363.24,8.62
287,Product_287,Category_18,140.84,1.76
288,Product_288,Category_5,460.60,15.25
289,Product_289,Category_6,403.28,10.37
290,Product_290,Category_18,445.14,1.76
291,Product_291,Category_5,221.09,15.25
292,Product_292,Category_17,457.69,8.62
293,Product_293,Category_3,276.32,9.60
294,Product_294,Category_20,96.40,7.01
295,Product_295,Category_10,200.94,1.96
296,Product_296,Category_12,55.63,16.64
297,Product_297,Category_6,324.64,10.37
298,Product_298,Category_16,303.44,10.21
299,Product_299,Category_4,27.46,7.07
300,Product_300,Category_1,20.20,1.59
301,Product_301,Category_12,50.99,16.64
302,Product_302,Category_19,482.77,12.09
303,Product_303,Category_18,21.56,1.76
304,Product_304,Category_4,472.58,7.07
305,Product_305,Category_1,182.33,1.59
306,Product_306,Category_4,190.54,7.07
307,Product_307,Category_10,320.76,1.96
308,Product_308,Category_20,468.58,7.01
309,Product_309,Category_19,329.39,12.09
310,Product_310,Category_15,458.72,5.71
311,Product_311,Category_7,395.72,15.23
312,Product_312,Category_6,226.37,10.37
313,Product_313,Category_20,485.46,7.01
314,Product_314,Category_16,290.94,10.21
315,Product_315,Category_6,30.09,10.37
316,Product_316,Category_14,401.05,18.89
317,Product_317,Category_11,117.97,2.04
318,Product_318,Category_19,361.01,12.09
319,Product_319,Category_10,178.12,1.96
320,Product_320,Category_9,145.79,17.02
321,Product_321,Category_9,259.06,17.02
322,Product_322,Category_16,385.53,10.21
323,Product_323,Category_17,274.73,8.62
324,Product_324,Category_10,237.33,1.96
325,Product_325,Category_10,102.91,1.96
326,Product_326,Category_15,463.62,5.71
327,Product_327,Category_20,178.54,7.01
328,Product_328,Category_2,430.38,5.19
329,Product_329,Category_9,482.60,17.02
330,Product_330,Category_7,212.09,15.23
331,Product_331,Category_6,362.20,10.37
332,Product_332,Category_15,57.86,5.71
333,Product_333,Category_4,179.16,7.07
334,Product_334,Category_20,254.93,7.01
335,Product_335,Category_18,493.48,1.76
336,Product_336,Category_13,318.12,9.82
337,Product_337,Category_3,220.23,9.60
338,Product_338,Category_5,69.72,15.25
339,Product_339,Category_17,136.88,8.62
340,Product_340,Category_1,301.19,1.59
341,Product_341,Category_4,126.00,7.07
342,Product_342,Category_16,113.34,10.21
343,Product_343,Category_2,26.73,5.19
344,Product_344,Category_6,15.63,10.37
345,Product_345,Category_7,14.34,15.23
346,Product_346,Category_10,123.98,1.96
347,Product_347,Category_9,368.91,17.02
348,Product_348,Category_18,482.66,1.76
349,Product_349,Category_15,463.28,5.71
350,Product_350,Category_6,384.36,10.37
351,Product_351,Category_11,405.18,2.04
352,Product_352,Category_2,400.26,5.19
353,Product_353,Category_19,208.14,12.09
354,Product_354,Category_15,165.28,5.71
355,Product_355,Category_10,376.97,1.96
356,Product_356,Category_1,386.01,1.59
357,Product_357,Category_10,277.49,1.96
358,Product_358,Category_3,36.36,9.60
359,Product_359,Category_5,363.38,15.25
360,Product_360,Category_18,318.31,1.76
361,Product_361,Category_20,404.44,7.01
362,Product_362,Category_1,144.03,1.59
363,Product_363,Category_10,17.14,1.96
364,Product_364,Category_13,293.23,9.82
365,Product_365,Category_13,200.39,9.82
366,Product_366,Category_18,352.28,1.76
367,Product_367,Category_12,459.64,16.64
368,Product_368,Category_19,254.86,12.09
369,Product_369,Category_1,421.84,1.59
370,Product_370,Category_10,78.70,1.96
371,Product_371,Category_14,353.02,18.89
372,Product_372,Category_12,411.00,16.64
373,Product_373,Category_8,42.25,4.87
374,Product_374,Category_16,477.04,10.21
375,Product_375,Category_18,123.49,1.76
376,Product_376,Category_19,290.20,12.09
377,Product_377,Category_10,9.33,1.96
378,Product_378,Category_6,53.81,10.37
379,Product_379,Category_6,265.93,10.37
380,Product_380,Category_5,245.74,15.25
381,Product_381,Category_17,330.22,8.62
382,Product_382,Category_14,473.40,18.89
383,Product_383,Category_10,171.58,1.96
384,Product_384,Category_6,342.68,10.37
385,Product_385,Category_20,5.63,7.01
386,Product_386,Category_1,477.17,1.59
387,Product_387,Category_8,271.19,4.87
388,Product_388,Category_8,330.94,4.87
389,Product_389,Category_3,39.59,9.60
390,Product_390,Category_12,128.13,16.64
391,Product_391,Category_11,453.96,2.04
392,Product_392,Category_14,11.96,18.89
393,Product_393,Category_14,318.87,18.89
394,Product_394,Category_2,445.25,5.19
395,Product_395,Category_9,419.77,17.02
396,Product_396,Category_7,178.29,15.23
397,Product_397,Category_17,205.41,8.62
398,Product_398,Category_9,482.40,17.02
399,Product_399,Category_8,268.78,4.87
400,Product_400,Category_19,350.55,12.09
401,Product_401,Category_4,439.40,7.07
402,Product_402,Category_13,92.93,9.82
403,Product_403,Category_14,248.71,18.89
404,Product_404,Category_1,48.54,1.59
405,Product_405,Category_9,331.09,17.02
406,Product_406,Category_3,69.28,9.60
407,Product_407,Category_18,417.65,1.76
408,Product_408,Category_15,203.62,5.71
409,Product_409,Category_3,155.33,9.60
410,Product_410,Category_8,236.99,4.87
411,Product_411,Category_19,366.48,12.09
412,Product_412,Category_14,320.14,18.89
413,Product_413,Category_7,111.61,15.23
414,Product_414,Category_20,381.24,7.01
415,Product_415,Category_4,258.36,7.07
416,Product_416,Category_17,71.43,8.62
417,Product_417,Category_1,62.87,1.59
418,Product_418,Category_16,207.80,10.21
419,Product_419,Category_2,464.01,5.19
420,Product_420,Category_4,404.57,7.07
421,Product_421,Category_7,251.66,15.23
422,Product_422,Category_8,199.08,4.87
423,Product_423,Category_16,371.89,10.21
424,Product_424,Category_9,247.70,17.02
425,Product_425,Category_4,333.44,7.07
426,Product_426,Category_3,121.44,9.60
427,Product_427,Category_1,104.37,1.59
428,Product_428,Category_9,288.67,17.02
429,Product_429,Category_13,247.18,9.82
430,Product_430,Category_6,81.19,10.37
431,Product_431,Category_20,354.77,7.01
432,Product_432,Category_5,150.94,15.25
433,Product_433,Category_5,345.05,15.25
434,Product_434,Category_12,43.08,16.64
435,Product_435,Category_10,42.89,1.96
436,Product_436,Category_15,144.28,5.71
437,Product_437,Category_3,63.56,9.60
438,Product_438,Category_20,189.87,7.01
439,Product_439,Category_4,78.23,7.07
440,Product_440,Category_5,441.90,15.25
441,Product_441,Category_8,442.51,4.87
442,Product_442,Category_4,141.60,7.07
443,Product_443,Category_9,334.22,17.02
444,Product_444,Category_20,16.06,7.01
445,Product_445,Category_8,390.12,4.87
446,Product_446,Category_9,382.43,17.02
447,Product_447,Category_15,491.67,5.71
448,Product_448,Category_8,39.77,4.87
449,Product_449,Category_5,190.28,15.25
450,Product_450,Category_20,126.48,7.01
451,Product_451,Category_6,287.30,10.37
452,Product_452,Category_17,142.47,8.62
453,Product_453,Category_14,225.85,18.89
454,Product_454,Category_9,387.85,17.02
455,Product_455,Category_17,258.97,8.62
456,Product_456,Category_20,300.08,7.01
457,Product_457,Category_18,214.70,1.76
458,Product_458,Category_9,101.77,17.02
459,Product_459,Category_20,37.34,7.01
460,Product_460,Category_4,145.22,7.07
461,Product_461,Category_4,413.59,7.07
462,Product_462,Category_15,428.73,5.71
463,Product_463,Category_20,378.04,7.01
464,Product_464,Category_15,238.26,5.71
465,Product_465,Category_20,93.97,7.01
466,Product_466,Category_9,249.77,17.02
467,Product_467,Category_4,360.33,7.07
468,Product_468,Category_3,52.96,9.60
469,Product_469,Category_6,236.97,10.37
470,Product_470,Category_20,441.73,7.01
471,Product_471,Category_15,149.01,5.71
472,Product_472,Category_2,179.41,5.19
473,Product_473,Category_14,66.63,18.89
474,Product_474,Category_6,463.24,10.37
475,Product_475,Category_3,171.19,9.60
476,Product_476,Category_18,437.19,1.76
477,Product_477,Category_11,127.93,2.04
478,Product_478,Category_10,66.54,1.96
479,Product_479,Category_6,133.69,10.37
480,Product_480,Category_1,239.64,1.59
481,Product_481,Category_1,184.65,1.59
482,Product_482,Category_16,243.52,10.21
483,Product_483,Category_4,349.02,7.07
484,Product_484,Category_9,277.27,17.02
485,Product_485,Category_2,187.19,5.19
486,Product_486,Category_7,319.11,15.23
487,Product_487,Category_4,339.73,7.07
488,Product_488,Category_13,227.97,9.82
489,Product_489,Category_4,496.74,7.07
490,Product_490,Category_3,306.33,9.60
491,Product_491,Category_16,1.62,10.21
492,Product_492,Category_15,256.46,5.71
493,Product_493,Category_14,345.78,18.89
494,Product_494,Category_13,494.40,9.82
495,Product_495,Category_15,431.91,5.71
496,Product_496,Category_14,462.82,18.89
497,Product_497,Category_3,417.77,9.60
498,Product_498,Category_1,391.68,1.59
499,Product_499,Category_1,372.04,1.59
500,Product_500,Category_16,318.24,10.21
501,Product_501,Category_19,395.79,12.09
502,Product_502,Category_17,326.87,8.62
503,Product_503,Category_19,245.68,12.09
504,Product_504,Category_8,0.28,4.87
505,Product_505,Category_8,96.05,4.87
506,Product_506,Category_19,387.71,12.09
507,Product_507,Category_11,34.24,2.04
508,Product_508,Category_14,74.08,18.89
509,Product_509,Category_6,246.29,10.37
510,Product_510,Category_3,50.22,9.60
511,Product_511,Category_18,237.77,1.76
512,Product_512,Category_18,145.17,1.76
513,Product_513,Category_15,456.22,5.71
514,Product_514,Category_11,206.77,2.04
515,Product_515,Category_19,457.41,12.09
516,Product_516,Category_5,314.10,15.25
517,Product_517,Category_4,319.88,7.07
518,Product_518,Category_15,143.59,5.71
519,Product_519,Category_12,486.25,16.64
520,Product_520,Category_10,185.95,1.96
521,Product_521,Category_7,9.52,15.23
522,Product_522,Category_20,188.04,7.01
523,Product_523,Category_11,412.16,2.04
524,Product_524,Category_11,117.34,2.04
525,Product_525,Category_15,55.87,5.71
526,Product_526,Category_11,152.94,2.04
527,Product_527,Category_3,138.81,9.60
528,Product_528,Category_5,366.04,15.25
529,Product_529,Category_7,452.16,15.23
530,Product_530,Category_11,266.86,2.04
531,Product_531,Category_1,26.43,1.59
532,Product_532,Category_14,328.51,18.89
533,Product_533,Category_5,441.05,15.25
534,Product_534,Category_11,333.30,2.04
535,Product_535,Category_20,237.69,7.01
536,Product_536,Category_3,477.26,9.60
537,Product_537,Category_19,488.23,12.09
538,Product_538,Category_14,275.37,18.89
539,Product_539,Category_11,181.75,2.04
540,Product_540,Category_19,290.72,12.09
541,Product_541,Category_3,190.07,9.60
542,Product_542,Category_4,449.80,7.07
543,Product_543,Category_4,223.16,7.07
544,Product_544,Category_16,332.53,10.21
545,Product_545,Category_11,263.04,2.04
546,Product_546,Category_3,125.52,9.60
547,Product_547,Category_3,445.37,9.60
548,Product_548,Category_8,142.08,4.87
549,Product_549,Category_1,333.53,1.59
550,Product_550,Category_8,470.67,4.87
551,Product_551,Category_15,208.10,5.71
552,Product_552,Category_9,15.36,17.02
553,Product_553,Category_9,479.01,17.02
554,Product_554,Category_3,413.33,9.60
555,Product_555,Category_16,233.61,10.21
556,Product_556,Category_9,404.58,17.02
557,Product_557,Category_10,436.70,1.96
558,Product_558,Category_3,169.69,9.60
559,Product_559,Category_13,222.28,9.82
560,Product_560,Category_10,389.06,1.96
561,Product_561,Category_16,466.13,10.21
562,Product_562,Category_5,445.58,15.25
563,Product_563,Category_9,198.06,17.02
564,Product_564,Category_13,499.50,9.82
565,Product_565,Category_10,424.50,1.96
566,Product_566,Category_5,191.46,15.25
567,Product_567,Category_12,279.12,16.64
568,Product_568,Category_9,117.23,17.02
569,Product_569,Category_16,288.79,10.21
570,Product_570,Category_14,318.43,18.89
571,Product_571,Category_11,280.88,2.04
572,Product_572,Category_20,89.59,7.01
573,Product_573,Category_10,471.91,1.96
574,Product_574,Category_3,339.82,9.60
575,Product_575,Category_20,119.05,7.01
576,Product_576,Category_7,132.12,15.23
577,Product_577,Category_3,18.52,9.60
578,Product_578,Category_1,357.10,1.59
579,Product_579,Category_9,478.13,17.02
580,Product_580,Category_20,325.24,7.01
581,Product_581,Category_9,203.11,17.02
582,Product_582,Category_6,87.72,10.37
583,Product_583,Category_4,250.37,7.07
584,Product_584,Category_3,483.28,9.60
585,Product_585,Category_9,493.85,17.02
586,Product_586,Category_14,310.71,18.89
587,Product_587,Category_20,304.26,7.01
588,Product_588,Category_4,110.80,7.07
589,Product_589,Category_13,234.53,9.82
590,Product_590,Category_9,239.63,17.02
591,Product_591,Category_19,462.71,12.09
592,Product_592,Category_6,496.03,10.37
593,Product_593,Category_18,77.63,1.76
594,Product_594,Category_3,2.41,9.60
595,Product_595,Category_1,421.68,1.59
596,Product_596,Category_20,106.26,7.01
597,Product_597,Category_17,243.38,8.62
598,Product_598,Category_13,184.55,9.82
599,Product_599,Category_16,25.53,10.21
600,Product_600,Category_1,246.01,1.59
601,Product_601,Category_1,307.33,1.59
602,Product_602,Category_16,351.64,10.21
603,Product_603,Category_12,94.30,16.64
604,Product_604,Category_4,121.40,7.07
605,Product_605,Category_9,351.69,17.02
606,Product_606,Category_2,433.24,5.19
607,Product_607,Category_15,454.38,5.71
608,Product_608,Category_7,199.67,15.23
609,Product_609,Category_2,59.58,5.19
610,Product_610,Category_11,129.29,2.04
611,Product_611,Category_16,300.28,10.21
612,Product_612,Category_5,215.28,15.25
613,Product_613,Category_1,215.26,1.59
614,Product_614,Category_9,458.51,17.02
615,Product_615,Category_19,139.66,12.09
616,Product_616,Category_12,98.42,16.64
617,Product_617,Category_16,238.55,10.21
618,Product_618,Category_12,445.41,16.64
619,Product_619,Category_16,180.95,10.21
620,Product_620,Category_19,143.53,12.09
621,Product_621,Category_18,179.59,1.76
622,Product_622,Category_19,396.37,12.09
623,Product_623,Category_10,479.49,1.96
624,Product_624,Category_11,136.89,2.04
625,Product_625,Category_2,149.43,5.19
626,Product_626,Category_6,199.65,10.37
627,Product_627,Category_15,181.57,5.71
628,Product_628,Category_19,158.60,12.09
629,Product_629,Category_14,442.09,18.89
630,Product_630,Category_5,158.29,15.25
631,Product_631,Category_14,106.44,18.89
632,Product_632,Category_1,393.40,1.59
633,Product_633,Category_6,327.92,10.37
634,Product_634,Category_6,460.74,10.37
635,Product_635,Category_15,459.93,5.71
636,Product_636,Category_6,33.43,10.37
637,Product_637,Category_13,119.28,9.82
638,Product_638,Category_4,292.84,7.07
639,Product_639,Category_11,215.01,2.04
640,Product_640,Category_6,481.27,10.37
641,Product_641,Category_10,142.97,1.96
642,Product_642,Category_16,348.65,10.21
643,Product_643,Category_19,326.71,12.09
644,Product_644,Category_6,465.92,10.37
645,Product_645,Category_19,9.45,12.09
646,Product_646,Category_7,187.35,15.23
647,Product_647,Category_16,135.53,10.21
648,Product_648,Category_3,414.87,9.60
649,Product_649,Category_20,488.85,7.01
650,Product_650,Category_8,21.14,4.87
651,Product_651,Category_6,477.35,10.37
652,Product_652,Category_12,85.03,16.64
653,Product_653,Category_4,268.18,7.07
654,Product_654,Category_16,271.07,10.21
655,Product_655,Category_11,408.99,2.04
656,Product_656,Category_10,357.21,1.96
657,Product_657,Category_13,152.18,9.82
658,Product_658,Category_7,357.18,15.23
659,Product_659,Category_2,475.55,5.19
660,Product_660,Category_20,493.20,7.01
661,Product_661,Category_9,478.54,17.02
662,Product_662,Category_14,160.55,18.89
663,Product_663,Category_7,403.89,15.23
664,Product_664,Category_8,68.15,4.87
665,Product_665,Category_14,478.80,18.89
666,Product_666,Category_14,192.09,18.89
667,Product_667,Category_10,266.02,1.96
668,Product_668,Category_2,169.00,5.19
669,Product_669,Category_6,189.82,10.37
670,Product_670,Category_20,345.33,7.01
671,Product_671,Category_7,203.40,15.23
672,Product_672,Category_16,174.16,10.21
673,Product_673,Category_15,483.42,5.71
674,Product_674,Category_14,306.70,18.89
675,Product_675,Category_13,190.94,9.82
676,Product_676,Category_13,126.09,9.82
677,Product_677,Category_17,345.01,8.62
678,Product_678,Category_20,460.03,7.01
679,Product_679,Category_14,200.43,18.89
680,Product_680,Category_12,450.02,16.64
681,Product_681,Category_16,376.19,10.21
682,Product_682,Category_19,18.78,12.09
683,Product_683,Category_19,98.42,12.09
684,Product_684,Category_2,265.02,5.19
685,Product_685,Category_18,206.76,1.76
686,Product_686,Category_7,453.28,15.23
687,Product_687,Category_17,470.90,8.62
688,Product_688,Category_14,128.90,18.89
689,Product_689,Category_18,432.52,1.76
690,Product_690,Category_3,144.74,9.60
691,Product_691,Category_5,8.00,15.25
692,Product_692,Category_3,169.47,9.60
693,Product_693,Category_1,478.36,1.59
694,Product_694,Category_12,264.28,16.64
695,Product_695,Category_1,435.89,1.59
696,Product_696,Category_7,353.27,15.23
697,Product_697,Category_13,44.16,9.82
698,Product_698,Category_10,393.06,1.96
699,Product_699,Category_6,379.76,10.37
700,Product_700,Category_2,381.30,5.19
701,Product_701,Category_1,242.68,1.59
702,Product_702,Category_12,41.89,16.64
703,Product_703,Category_15,143.93,5.71
704,Product_704,Category_10,297.94,1.96
705,Product_705,Category_8,243.28,4.87
706,Product_706,Category_8,494.00,4.87
707,Product_707,Category_13,5.27,9.82
708,Product_708,Category_2,342.96,5.19
709,Product_709,Category_13,370.12,9.82
710,Product_710,Category_17,7.72,8.62
711,Product_711,Category_9,227.67,17.02
712,Product_712,Category_5,429.47,15.25
713,Product_713,Category_16,138.00,10.21
714,Product_714,Category_18,388.40,1.76
715,Product_715,Category_6,58.48,10.37
716,Product_716,Category_13,154.28,9.82
717,Product_717,Category_1,196.35,1.59
718,Product_718,Category_8,68.51,4.87
719,Product_719,Category_19,174.98,12.09
720,Product_720,Category_15,189.34,5.71
721,Product_721,Category_6,41.40,10.37
722,Product_722,Category_8,234.95,4.87
723,Product_723,Category_14,459.93,18.89
724,Product_724,Category_12,254.09,16.64
725,Product_725,Category_12,397.29,16.64
726,Product_726,Category_15,247.65,5.71
727,Product_727,Category_18,131.99,1.76
728,Product_728,Category_3,97.99,9.60
729,Product_729,Category_7,273.07,15.23
730,Product_730,Category_13,132.51,9.82
731,Product_731,Category_8,338.99,4.87
732,Product_732,Category_18,357.42,1.76
733,Product_733,Category_12,193.67,16.64
734,Product_734,Category_17,465.84,8.62
735,Product_735,Category_4,167.52,7.07
736,Product_736,Category_9,294.53,17.02
737,Product_737,Category_3,9.37,9.60
738,Product_738,Category_10,464.52,1.96
739,Product_739,Category_12,336.04,16.64
740,Product_740,Category_20,26.70,7.01
741,Product_741,Category_3,316.86,9.60
742,Product_742,Category_6,229.37,10.37
743,Product_743,Category_14,262.89,18.89
744,Product_744,Category_14,197.20,18.89
745,Product_745,Category_14,495.96,18.89
746,Product_746,Category_15,399.29,5.71
747,Product_747,Category_17,395.54,8.62
748,Product_748,Category_14,115.14,18.89
749,Product_749,Category_17,43.66,8.62
750,Product_750,Category_14,181.71,18.89
751,Product_751,Category_6,110.41,10.37
752,Product_752,Category_12,157.08,16.64
753,Product_753,Category_3,166.01,9.60
754,Product_754,Category_6,198.87,10.37
755,Product_755,Category_6,469.69,10.37
756,Product_756,Category_12,493.13,16.64
757,Product_757,Category_15,495.05,5.71
758,Product_758,Category_14,16.62,18.89
759,Product_759,Category_11,59.25,2.04
760,Product_760,Category_10,155.68,1.96
761,Product_761,Category_11,43.49,2.04
762,Product_762,Category_1,406.07,1.59
763,Product_763,Category_4,242.14,7.07
764,Product_764,Category_8,285.21,4.87
765,Product_765,Category_7,64.76,15.23
766,Product_766,Category_10,396.44,1.96
767,Product_767,Category_10,46.03,1.96
768,Product_768,Category_5,34.44,15.25
769,Product_769,Category_12,371.59,16.64
770,Product_770,Category_17,360.96,8.62
771,Product_771,Category_7,150.57,15.23
772,Product_772,Category_15,172.37,5.71
773,Product_773,Category_7,362.27,15.23
774,Product_774,Category_18,60.85,1.76
775,Product_775,Category_6,289.27,10.37
776,Product_776,Category_15,2.31,5.71
777,Product_777,Category_7,307.95,15.23
778,Product_778,Category_17,344.09,8.62
779,Product_779,Category_10,251.72,1.96
780,Product_780,Category_3,365.48,9.60
781,Product_781,Category_4,399.55,7.07
782,Product_782,Category_15,110.12,5.71
783,Product_783,Category_13,297.59,9.82
784,Product_784,Category_7,166.68,15.23
785,Product_785,Category_20,167.08,7.01
786,Product_786,Category_13,300.02,9.82
787,Product_787,Category_19,106.68,12.09
788,Product_788,Category_3,189.24,9.60
789,Product_789,Category_9,336.67,17.02
790,Product_790,Category_19,477.74,12.09
791,Product_791,Category_6,409.64,10.37
792,Product_792,Category_19,455.91,12.09
793,Product_793,Category_10,349.19,1.96
794,Product_794,Category_12,75.26,16.64
795,Product_795,Category_1,498.52,1.59
796,Product_796,Category_1,133.76,1.59
797,Product_797,Category_8,187.98,4.87
798,Product_798,Category_1,422.81,1.59
799,Product_799,Category_9,82.58,17.02
800,Product_800,Category_10,164.91,1.96
801,Product_801,Category_6,415.11,10.37
802,Product_802,Category_17,0.12,8.62
803,Product_803,Category_18,68.26,1.76
804,Product_804,Category_2,461.88,5.19
805,Product_805,Category_7,244.86,15.23
806,Product_806,Category_15,402.59,5.71
807,Product_807,Category_20,484.86,7.01
808,Product_808,Category_5,427.88,15.25
809,Product_809,Category_17,108.67,8.62
810,Product_810,Category_20,57.94,7.01
811,Product_811,Category_12,33.58,16.64
812,Product_812,Category_10,98.62,1.96
813,Product_813,Category_4,328.26,7.07
814,Product_814,Category_16,295.93,10.21
815,Product_815,Category_16,44.71,10.21
816,Product_816,Category_14,229.49,18.89
817,Product_817,Category_7,420.33,15.23
818,Product_818,Category_14,328.53,18.89
819,Product_819,Category_17,160.00,8.62
820,Product_820,Category_14,17.95,18.89
821,Product_821,Category_14,229.03,18.89
822,Product_822,Category_10,281.27,1.96
823,Product_823,Category_11,14.25,2.04
824,Product_824,Category_12,312.20,16.64
825,Product_825,Category_20,421.62,7.01
826,Product_826,Category_8,199.74,4.87
827,Product_827,Category_9,472.22,17.02
828,Product_828,Category_17,353.50,8.62
829,Product_829,Category_6,201.79,10.37
830,Product_830,Category_5,497.08,15.25
831,Product_831,Category_8,315.51,4.87
832,Product_832,Category_11,438.43,2.04
833,Product_833,Category_5,421.27,15.25
834,Product_834,Category_20,0.06,7.01
835,Product_835,Category_18,496.00,1.76
836,Product_836,Category_3,397.15,9.60
837,Product_837,Category_19,287.26,12.09
838,Product_838,Category_12,279.93,16.64
839,Product_839,Category_14,455.05,18.89
840,Product_840,Category_2,129.10,5.19
841,Product_841,Category_19,409.73,12.09
842,Product_842,Category_15,50.70,5.71
843,Product_843,Category_16,306.63,10.21
844,Product_844,Category_1,357.11,1.59
845,Product_845,Category_12,31.84,16.64
846,Product_846,Category_10,300.07,1.96
847,Product_847,Category_3,2.23,9.60
848,Product_848,Category_13,338.29,9.82
849,Product_849,Category_8,115.65,4.87
850,Product_850,Category_14,42.72,18.89
851,Product_851,Category_20,492.77,7.01
852,Product_852,Category_9,5.75,17.02
853,Product_853,Category_3,150.40,9.60
854,Product_854,Category_15,295.21,5.71
855,Product_855,Category_10,372.50,1.96
856,Product_856,Category_10,20.60,1.96
857,Product_857,Category_5,10.42,15.25
858,Product_858,Category_20,154.09,7.01
859,Product_859,Category_5,150.27,15.25
860,Product_860,Category_13,89.02,9.82
861,Product_861,Category_19,202.19,12.09
862,Product_862,Category_14,313.98,18.89
863,Product_863,Category_18,275.17,1.76
864,Product_864,Category_19,166.92,12.09
865,Product_865,Category_14,471.15,18.89
866,Product_866,Category_19,5.53,12.09
867,Product_867,Category_7,192.61,15.23
868,Product_868,Category_16,181.42,10.21
869,Product_869,Category_15,316.03,5.71
870,Product_870,Category_20,95.02,7.01
871,Product_871,Category_13,314.35,9.82
872,Product_872,Category_10,225.76,1.96
873,Product_873,Category_11,185.15,2.04
874,Product_874,Category_16,339.28,10.21
875,Product_875,Category_8,346.62,4.87
876,Product_876,Category_20,330.09,7.01
877,Product_877,Category_2,208.21,5.19
878,Product_878,Category_19,69.67,12.09
879,Product_879,Category_8,321.92,4.87
880,Product_880,Category_3,219.56,9.60
881,Product_881,Category_6,19.83,10.37
882,Product_882,Category_8,322.37,4.87
883,Product_883,Category_5,335.03,15.25
884,Product_884,Category_18,407.74,1.76
885,Product_885,Category_16,263.31,10.21
886,Product_886,Category_13,156.86,9.82
887,Product_887,Category_8,29.47,4.87
888,Product_888,Category_17,126.43,8.62
889,Product_889,Category_1,46.71,1.59
890,Product_890,Category_3,393.20,9.60
891,Product_891,Category_3,122.14,9.60
892,Product_892,Category_11,335.67,2.04
893,Product_893,Category_8,458.47,4.87
894,Product_894,Category_4,96.13,7.07
895,Product_895,Category_20,374.91,7.01
896,Product_896,Category_18,482.94,1.76
897,Product_897,Category_7,11.44,15.23
898,Product_898,Category_7,74.07,15.23
899,Product_899,Category_13,232.01,9.82
900,Product_900,Category_18,248.32,1.76
901,Product_901,Category_18,82.19,1.76
902,Product_902,Category_16,0.48,10.21
903,Product_903,Category_6,470.01,10.37
904,Product_904,Category_13,407.60,9.82
905,Product_905,Category_8,384.78,4.87
906,Product_906,Category_3,354.93,9.60
907,Product_907,Category_5,201.60,15.25
908,Product_908,Category_16,116.83,10.21
909,Product_909,Category_19,490.15,12.09
910,Product_910,Category_14,24.30,18.89
911,Product_911,Category_1,63.44,1.59
912,Product_912,Category_19,256.16,12.09
913,Product_913,Category_2,305.07,5.19
914,Product_914,Category_10,390.22,1.96
915,Product_915,Category_12,159.60,16.64
916,Product_916,Category_6,30.47,10.37
917,Product_917,Category_15,180.51,5.71
918,Product_918,Category_17,38.25,8.62
919,Product_919,Category_8,181.09,4.87
920,Product_920,Category_9,100.27,17.02
921,Product_921,Category_4,75.12,7.07
922,Product_922,Category_9,5.99,17.02
923,Product_923,Category_20,120.23,7.01
924,Product_924,Category_14,149.85,18.89
925,Product_925,Category_18,320.42,1.76
926,Product_926,Category_17,84.52,8.62
927,Product_927,Category_3,96.32,9.60
928,Product_928,Category_8,123.99,4.87
929,Product_929,Category_4,236.21,7.07
930,Product_930,Category_12,39.57,16.64
931,Product_931,Category_13,97.76,9.82
932,Product_932,Category_6,91.39,10.37
933,Product_933,Category_5,148.38,15.25
934,Product_934,Category_18,145.89,1.76
935,Product_935,Category_9,454.75,17.02
936,Product_936,Category_4,312.12,7.07
937,Product_937,Category_13,115.78,9.82
938,Product_938,Category_11,124.36,2.04
939,Product_939,Category_1,494.02,1.59
940,Product_940,Category_8,81.66,4.87
941,Product_941,Category_3,215.51,9.60
942,Product_942,Category_9,337.03,17.02
943,Product_943,Category_2,154.80,5.19
944,Product_944,Category_18,424.18,1.76
945,Product_945,Category_11,435.98,2.04
946,Product_946,Category_20,395.72,7.01
947,Product_947,Category_20,176.37,7.01
948,Product_948,Category_16,465.10,10.21
949,Product_949,Category_20,232.00,7.01
950,Product_950,Category_19,472.19,12.09
951,Product_951,Category_1,451.19,1.59
952,Product_952,Category_19,5.12,12.09
953,Product_953,Category_4,486.43,7.07
954,Product_954,Category_18,158.64,1.76
955,Product_955,Category_7,416.27,15.23
956,Product_956,Category_7,189.91,15.23
957,Product_957,Category_18,289.15,1.76
958,Product_958,Category_2,399.13,5.19
959,Product_959,Category_7,326.05,15.23
960,Product_960,Category_18,50.94,1.76
961,Product_961,Category_13,313.21,9.82
962,Product_962,Category_10,185.58,1.96
963,Product_963,Category_8,355.06,4.87
964,Product_964,Category_8,20.18,4.87
965,Product_965,Category_7,317.58,15.23
966,Product_966,Category_11,147.63,2.04
967,Product_967,Category_18,360.20,1.76
968,Product_968,Category_2,72.42,5.19
969,Product_969,Category_12,401.62,16.64
970,Product_970,Category_8,95.03,4.87
971,Product_971,Category_15,239.15,5.71
972,Product_972,Category_17,237.17,8.62
973,Product_973,Category_1,115.67,1.59
974,Product_974,Category_6,368.92,10.37
975,Product_975,Category_14,272.14,18.89
976,Product_976,Category_18,20.30,1.76
977,Product_977,Category_14,353.10,18.89
978,Product_978,Category_11,147.03,2.04
979,Product_979,Category_13,268.51,9.82
980,Product_980,Category_10,128.95,1.96
981,Product_981,Category_15,200.14,5.71
982,Product_982,Category_9,393.21,17.02
983,Product_983,Category_8,244.23,4.87
984,Product_984,Category_3,402.07,9.60
985,Product_985,Category_4,9.35,7.07
986,Product_986,Category_11,154.96,2.04
987,Product_987,Category_11,24.86,2.04
988,Product_988,Category_2,172.87,5.19
989,Product_989,Category_12,294.75,16.64
990,Product_990,Category_9,309.27,17.02
991,Product_991,Category_14,327.38,18.89
992,Product_992,Category_7,211.33,15.23
993,Product_993,Category_4,124.53,7.07
994,Product_994,Category_1,139.25,1.59
995,Product_995,Category_10,33.10,1.96
996,Product_996,Category_17,308.68,8.62
997,Product_997,Category_8,255.64,4.87
998,Product_998,Category_11,190.63,2.04
999,Product_999,Category_18,204.16,1.76
1000,Product_1000,Category_3,228.98,9.60
1001,Product_1001,Category_19,475.50,12.09
1002,Product_1002,Category_17,83.99,8.62
1003,Product_1003,Category_8,206.92,4.87
1004,Product_1004,Category_1,43.40,1.59
1005,Product_1005,Category_10,188.83,1.96
1006,Product_1006,Category_13,345.37,9.82
1007,Product_1007,Category_3,374.64,9.60
1008,Product_1008,Category_17,341.37,8.62
1009,Product_1009,Category_14,465.03,18.89
1010,Product_1010,Category_15,394.94,5.71
1011,Product_1011,Category_15,74.83,5.71
1012,Product_1012,Category_16,346.30,10.21
1013,Product_1013,Category_14,39.81,18.89
1014,Product_1014,Category_18,414.15,1.76
1015,Product_1015,Category_19,171.10,12.09
1016,Product_1016,Category_3,182.47,9.60
1017,Product_1017,Category_12,471.22,16.64
1018,Product_1018,Category_6,76.65,10.37
1019,Product_1019,Category_17,175.69,8.62
1020,Product_1020,Category_7,157.62,15.23
1021,Product_1021,Category_3,402.61,9.60
1022,Product_1022,Category_4,477.46,7.07
1023,Product_1023,Category_18,253.88,1.76
1024,Product_1024,Category_5,139.83,15.25
1025,Product_1025,Category_10,352.59,1.96
1026,Product_1026,Category_15,251.43,5.71
1027,Product_1027,Category_20,211.96,7.01
1028,Product_1028,Category_3,442.97,9.60
1029,Product_1029,Category_17,161.28,8.62
1030,Product_1030,Category_19,346.21,12.09
1031,Product_1031,Category_19,189.73,12.09
1032,Product_1032,Category_18,384.75,1.76
1033,Product_1033,Category_19,432.37,12.09
1034,Product_1034,Category_20,152.67,7.01
1035,Product_1035,Category_3,38.10,9.60
1036,Product_1036,Category_12,201.85,16.64
1037,Product_1037,Category_11,353.16,2.04
1038,Product_1038,Category_3,288.63,9.60
1039,Product_1039,Category_19,98.43,12.09
1040,Product_1040,Category_20,383.10,7.01
1041,Product_1041,Category_11,192.18,2.04
1042,Product_1042,Category_17,117.77,8.62
1043,Product_1043,Category_7,193.84,15.23
1044,Product_1044,Category_1,456.93,1.59
1045,Product_1045,Category_11,65.61,2.04
1046,Product_1046,Category_5,307.00,15.25
1047,Product_1047,Category_15,411.51,5.71
1048,Product_1048,Category_19,131.13,12.09
1049,Product_1049,Category_5,263.07,15.25
1050,Product_1050,Category_9,400.76,17.02
1051,Product_1051,Category_19,460.71,12.09
1052,Product_1052,Category_18,72.40,1.76
1053,Product_1053,Category_16,178.42,10.21
1054,Product_1054,Category_15,308.24,5.71
1055,Product_1055,Category_4,429.22,7.07
1056,Product_1056,Category_3,184.71,9.60
1057,Product_1057,Category_2,270.26,5.19
1058,Product_1058,Category_13,345.20,9.82
1059,Product_1059,Category_12,304.38,16.64
1060,Product_1060,Category_14,119.59,18.89
1061,Product_1061,Category_11,436.28,2.04
1062,Product_1062,Category_14,388.38,18.89
1063,Product_1063,Category_1,236.80,1.59
1064,Product_1064,Category_8,398.12,4.87
1065,Product_1065,Category_14,356.54,18.89
1066,Product_1066,Category_5,285.82,15.25
1067,Product_1067,Category_17,83.62,8.62
1068,Product_1068,Category_13,229.32,9.82
1069,Product_1069,Category_6,446.66,10.37
1070,Product_1070,Category_19,382.61,12.09
1071,Product_1071,Category_6,373.95,10.37
1072,Product_1072,Category_2,463.35,5.19
1073,Product_1073,Category_5,70.53,15.25
1074,Product_1074,Category_13,196.93,9.82
1075,Product_1075,Category_13,472.93,9.82
1076,Product_1076,Category_19,372.10,12.09
1077,Product_1077,Category_11,142.17,2.04
1078,Product_1078,Category_1,479.55,1.59
1079,Product_1079,Category_2,12.02,5.19
1080,Product_1080,Category_17,14.03,8.62
1081,Product_1081,Category_1,177.06,1.59
1082,Product_1082,Category_3,477.15,9.60
1083,Product_1083,Category_7,148.55,15.23
1084,Product_1084,Category_19,93.35,12.09
1085,Product_1085,Category_9,184.06,17.02
1086,Product_1086,Category_6,336.64,10.37
1087,Product_1087,Category_20,306.63,7.01
1088,Product_1088,Category_4,59.10,7.07
1089,Product_1089,Category_1,450.72,1.59
1090,Product_1090,Category_18,311.63,1.76
1091,Product_1091,Category_14,60.49,18.89
1092,Product_1092,Category_17,17.25,8.62
1093,Product_1093,Category_11,373.43,2.04
1094,Product_1094,Category_20,110.91,7.01
1095,Product_1095,Category_15,327.22,5.71
1096,Product_1096,Category_17,225.41,8.62
1097,Product_1097,Category_5,422.90,15.25
1098,Product_1098,Category_1,137.60,1.59
1099,Product_1099,Category_19,407.31,12.09
1100,Product_1100,Category_12,304.40,16.64
1101,Product_1101,Category_11,304.99,2.04
1102,Product_1102,Category_1,454.79,1.59
1103,Product_1103,Category_13,267.67,9.82
1104,Product_1104,Category_2,369.58,5.19
1105,Product_1105,Category_9,287.71,17.02
1106,Product_1106,Category_3,177.49,9.60
1107,Product_1107,Category_18,350.35,1.76
1108,Product_1108,Category_3,229.79,9.60
1109,Product_1109,Category_11,103.65,2.04
1110,Product_1110,Category_1,223.59,1.59
1111,Product_1111,Category_5,187.01,15.25
1112,Product_1112,Category_8,399.42,4.87
1113,Product_1113,Category_12,483.65,16.64
1114,Product_1114,Category_9,57.38,17.02
1115,Product_1115,Category_6,6.65,10.37
1116,Product_1116,Category_6,305.09,10.37
1117,Product_1117,Category_1,97.35,1.59
1118,Product_1118,Category_9,189.67,17.02
1119,Product_1119,Category_7,346.11,15.23
1120,Product_1120,Category_1,358.50,1.59
1121,Product_1121,Category_6,297.43,10.37
1122,Product_1122,Category_16,110.63,10.21
1123,Product_1123,Category_19,53.66,12.09
1124,Product_1124,Category_11,342.70,2.04
1125,Product_1125,Category_2,62.87,5.19
1126,Product_1126,Category_4,43.21,7.07
1127,Product_1127,Category_9,422.96,17.02
1128,Product_1128,Category_16,139.81,10.21
1129,Product_1129,Category_16,73.68,10.21
1130,Product_1130,Category_5,212.05,15.25
1131,Product_1131,Category_4,287.43,7.07
1132,Product_1132,Category_17,45.09,8.62
1133,Product_1133,Category_1,198.70,1.59
1134,Product_1134,Category_16,369.56,10.21
1135,Product_1135,Category_12,51.81,16.64
1136,Product_1136,Category_1,433.87,1.59
1137,Product_1137,Category_6,22.10,10.37
1138,Product_1138,Category_5,283.69,15.25
1139,Product_1139,Category_7,93.56,15.23
1140,Product_1140,Category_18,396.26,1.76
1141,Product_1141,Category_20,0.08,7.01
1142,Product_1142,Category_2,137.50,5.19
1143,Product_1143,Category_8,360.14,4.87
1144,Product_1144,Category_15,398.46,5.71
1145,Product_1145,Category_10,487.68,1.96
1146,Product_1146,Category_1,354.91,1.59
1147,Product_1147,Category_12,140.54,16.64
1148,Product_1148,Category_6,222.61,10.37
1149,Product_1149,Category_12,20.13,16.64
1150,Product_1150,Category_12,446.81,16.64
1151,Product_1151,Category_4,357.55,7.07
1152,Product_1152,Category_11,443.89,2.04
1153,Product_1153,Category_1,121.08,1.59
1154,Product_1154,Category_8,241.99,4.87
1155,Product_1155,Category_11,81.42,2.04
1156,Product_1156,Category_14,477.13,18.89
1157,Product_1157,Category_11,271.10,2.04
1158,Product_1158,Category_18,108.42,1.76
1159,Product_1159,Category_9,22.18,17.02
1160,Product_1160,Category_9,387.16,17.02
1161,Product_1161,Category_1,122.56,1.59
1162,Product_1162,Category_16,250.22,10.21
1163,Product_1163,Category_2,217.64,5.19
1164,Product_1164,Category_8,67.03,4.87
1165,Product_1165,Category_1,299.94,1.59
1166,Product_1166,Category_13,176.04,9.82
1167,Product_1167,Category_2,249.17,5.19
1168,Product_1168,Category_4,37.01,7.07
1169,Product_1169,Category_8,474.65,4.87
1170,Product_1170,Category_12,474.52,16.64
1171,Product_1171,Category_14,251.54,18.89
1172,Product_1172,Category_3,371.36,9.60
1173,Product_1173,Category_1,327.13,1.59
1174,Product_1174,Category_15,293.00,5.71
1175,Product_1175,Category_4,452.74,7.07
1176,Product_1176,Category_11,347.85,2.04
1177,Product_1177,Category_2,244.77,5.19
1178,Product_1178,Category_14,94.71,18.89
1179,Product_1179,Category_10,116.59,1.96
1180,Product_1180,Category_18,226.92,1.76
1181,Product_1181,Category_17,90.37,8.62
1182,Product_1182,Category_10,67.94,1.96
1183,Product_1183,Category_19,182.20,12.09
1184,Product_1184,Category_16,476.36,10.21
1185,Product_1185,Category_11,105.19,2.04
1186,Product_1186,Category_11,81.79,2.04
1187,Product_1187,Category_19,6.53,12.09
1188,Product_1188,Category_19,92.99,12.09
1189,Product_1189,Category_16,205.52,10.21
1190,Product_1190,Category_6,294.30,10.37
1191,Product_1191,Category_16,242.35,10.21
1192,Product_1192,Category_4,489.11,7.07
1193,Product_1193,Category_10,242.99,1.96
1194,Product_1194,Category_18,277.11,1.76
1195,Product_1195,Category_15,56.18,5.71
1196,Product_1196,Category_20,341.03,7.01
1197,Product_1197,Category_15,379.60,5.71
1198,Product_1198,Category_15,316.36,5.71
1199,Product_1199,Category_16,199.06,10.21
1200,Product_1200,Category_3,485.31,9.60
1201,Product_1201,Category_3,213.37,9.60
1202,Product_1202,Category_18,470.03,1.76
1203,Product_1203,Category_3,130.13,9.60
1204,Product_1204,Category_8,411.57,4.87
1205,Product_1205,Category_11,405.46,2.04
1206,Product_1206,Category_13,466.78,9.82
1207,Product_1207,Category_9,483.95,17.02
1208,Product_1208,Category_11,330.97,2.04
1209,Product_1209,Category_19,406.95,12.09
1210,Product_1210,Category_10,432.00,1.96
1211,Product_1211,Category_12,46.91,16.64
1212,Product_1212,Category_10,190.44,1.96
1213,Product_1213,Category_14,239.46,18.89
1214,Product_1214,Category_5,291.59,15.25
1215,Product_1215,Category_11,115.24,2.04
1216,Product_1216,Category_17,219.00,8.62
1217,Product_1217,Category_13,169.38,9.82
1218,Product_1218,Category_11,424.44,2.04
1219,Product_1219,Category_14,114.44,18.89
1220,Product_1220,Category_10,122.59,1.96
1221,Product_1221,Category_3,222.70,9.60
1222,Product_1222,Category_19,91.91,12.09
1223,Product_1223,Category_19,165.79,12.09
1224,Product_1224,Category_13,23.10,9.82
1225,Product_1225,Category_13,284.69,9.82
1226,Product_1226,Category_15,267.41,5.71
1227,Product_1227,Category_18,15.53,1.76
1228,Product_1228,Category_14,474.35,18.89
1229,Product_1229,Category_15,259.62,5.71
1230,Product_1230,Category_16,224.11,10.21
1231,Product_1231,Category_15,355.29,5.71
1232,Product_1232,Category_18,387.30,1.76
1233,Product_1233,Category_6,448.96,10.37
1234,Product_1234,Category_16,145.30,10.21
1235,Product_1235,Category_13,341.23,9.82
1236,Product_1236,Category_15,64.65,5.71
1237,Product_1237,Category_11,54.44,2.04
1238,Product_1238,Category_5,269.64,15.25
1239,Product_1239,Category_1,206.18,1.59
1240,Product_1240,Category_18,17.94,1.76
1241,Product_1241,Category_2,363.38,5.19
1242,Product_1242,Category_3,361.78,9.60
1243,Product_1243,Category_1,264.98,1.59
1244,Product_1244,Category_4,282.19,7.07
1245,Product_1245,Category_14,19.73,18.89
1246,Product_1246,Category_1,135.86,1.59
1247,Product_1247,Category_9,319.91,17.02
1248,Product_1248,Category_15,270.87,5.71
1249,Product_1249,Category_19,86.29,12.09
1250,Product_1250,Category_4,295.70,7.07
1251,Product_1251,Category_4,180.11,7.07
1252,Product_1252,Category_3,475.19,9.60
1253,Product_1253,Category_19,472.82,12.09
1254,Product_1254,Category_6,427.53,10.37
1255,Product_1255,Category_6,397.50,10.37
1256,Product_1256,Category_6,192.07,10.37
1257,Product_1257,Category_9,263.86,17.02
1258,Product_1258,Category_18,143.75,1.76
1259,Product_1259,Category_10,59.99,1.96
1260,Product_1260,Category_6,328.94,10.37
1261,Product_1261,Category_17,402.00,8.62
1262,Product_1262,Category_12,266.27,16.64
1263,Product_1263,Category_4,194.98,7.07
1264,Product_1264,Category_3,103.96,9.60
1265,Product_1265,Category_12,411.74,16.64
1266,Product_1266,Category_13,499.56,9.82
1267,Product_1267,Category_9,76.89,17.02
1268,Product_1268,Category_4,218.65,7.07
1269,Product_1269,Category_15,372.80,5.71
1270,Product_1270,Category_5,153.69,15.25
1271,Product_1271,Category_10,389.79,1.96
1272,Product_1272,Category_15,59.82,5.71
1273,Product_1273,Category_16,263.62,10.21
1274,Product_1274,Category_11,241.65,2.04
1275,Product_1275,Category_9,245.00,17.02
1276,Product_1276,Category_10,191.05,1.96
1277,Product_1277,Category_1,463.24,1.59
1278,Product_1278,Category_11,452.10,2.04
1279,Product_1279,Category_19,429.63,12.09
1280,Product_1280,Category_13,116.25,9.82
1281,Product_1281,Category_19,467.55,12.09
1282,Product_1282,Category_7,257.37,15.23
1283,Product_1283,Category_10,134.29,1.96
1284,Product_1284,Category_16,134.06,10.21
1285,Product_1285,Category_20,370.02,7.01
1286,Product_1286,Category_20,340.39,7.01
1287,Product_1287,Category_7,368.63,15.23
1288,Product_1288,Category_11,223.87,2.04
1289,Product_1289,Category_8,432.55,4.87
1290,Product_1290,Category_1,155.07,1.59
1291,Product_1291,Category_11,327.21,2.04
1292,Product_1292,Category_15,393.96,5.71
1293,Product_1293,Category_16,411.70,10.21
1294,Product_1294,Category_1,463.92,1.59
1295,Product_1295,Category_10,351.35,1.96
1296,Product_1296,Category_6,227.60,10.37
1297,Product_1297,Category_1,305.41,1.59
1298,Product_1298,Category_18,168.78,1.76
1299,Product_1299,Category_10,221.45,1.96
1300,Product_1300,Category_1,368.37,1.59
1301,Product_1301,Category_3,111.63,9.60
1302,Product_1302,Category_5,225.13,15.25
1303,Product_1303,Category_4,249.83,7.07
1304,Product_1304,Category_8,67.72,4.87
1305,Product_1305,Category_17,220.10,8.62
1306,Product_1306,Category_5,323.19,15.25
1307,Product_1307,Category_18,419.19,1.76
1308,Product_1308,Category_18,143.62,1.76
1309,Product_1309,Category_17,375.81,8.62
1310,Product_1310,Category_1,187.14,1.59
1311,Product_1311,Category_9,215.27,17.02
1312,Product_1312,Category_18,293.23,1.76
1313,Product_1313,Category_20,247.41,7.01
1314,Product_1314,Category_18,376.02,1.76
1315,Product_1315,Category_18,153.96,1.76
1316,Product_1316,Category_2,224.14,5.19
1317,Product_1317,Category_5,381.07,15.25
1318,Product_1318,Category_1,432.63,1.59
1319,Product_1319,Category_8,380.31,4.87
1320,Product_1320,Category_1,488.64,1.59
1321,Product_1321,Category_20,59.19,7.01
1322,Product_1322,Category_10,466.29,1.96
1323,Product_1323,Category_14,225.11,18.89
1324,Product_1324,Category_19,472.53,12.09
1325,Product_1325,Category_9,167.53,17.02
1326,Product_1326,Category_11,167.12,2.04
1327,Product_1327,Category_1,56.51,1.59
1328,Product_1328,Category_2,223.49,5.19
1329,Product_1329,Category_5,13.08,15.25
1330,Product_1330,Category_5,16.58,15.25
1331,Product_1331,Category_9,343.57,17.02
1332,Product_1332,Category_16,373.02,10.21
1333,Product_1333,Category_7,284.18,15.23
1334,Product_1334,Category_9,260.54,17.02
1335,Product_1335,Category_12,236.18,16.64
1336,Product_1336,Category_15,475.74,5.71
1337,Product_1337,Category_5,53.50,15.25
1338,Product_1338,Category_15,343.67,5.71
1339,Product_1339,Category_13,107.27,9.82
1340,Product_1340,Category_7,273.94,15.23
1341,Product_1341,Category_18,359.54,1.76
1342,Product_1342,Category_13,115.13,9.82
1343,Product_1343,Category_3,117.16,9.60
1344,Product_1344,Category_4,198.52,7.07
1345,Product_1345,Category_3,197.44,9.60
1346,Product_1346,Category_5,116.42,15.25
1347,Product_1347,Category_18,126.84,1.76
1348,Product_1348,Category_11,23.45,2.04
1349,Product_1349,Category_2,81.76,5.19
1350,Product_1350,Category_15,453.67,5.71
1351,Product_1351,Category_8,303.64,4.87
1352,Product_1352,Category_17,20.30,8.62
1353,Product_1353,Category_13,23.47,9.82
1354,Product_1354,Category_12,353.03,16.64
1355,Product_1355,Category_11,411.50,2.04
1356,Product_1356,Category_18,253.16,1.76
1357,Product_1357,Category_1,136.09,1.59
1358,Product_1358,Category_4,370.98,7.07
1359,Product_1359,Category_15,355.91,5.71
1360,Product_1360,Category_3,173.17,9.60
1361,Product_1361,Category_20,408.20,7.01
1362,Product_1362,Category_16,432.39,10.21
1363,Product_1363,Category_5,45.23,15.25
1364,Product_1364,Category_20,355.25,7.01
1365,Product_1365,Category_17,174.71,8.62
1366,Product_1366,Category_7,101.73,15.23
1367,Product_1367,Category_19,459.23,12.09
1368,Product_1368,Category_13,118.69,9.82
1369,Product_1369,Category_17,103.90,8.62
1370,Product_1370,Category_4,244.19,7.07
1371,Product_1371,Category_17,118.34,8.62
1372,Product_1372,Category_8,154.85,4.87
1373,Product_1373,Category_16,497.59,10.21
1374,Product_1374,Category_8,142.79,4.87
1375,Product_1375,Category_15,398.74,5.71
1376,Product_1376,Category_7,263.51,15.23
1377,Product_1377,Category_7,462.10,15.23
1378,Product_1378,Category_13,187.01,9.82
1379,Product_1379,Category_2,337.90,5.19
1380,Product_1380,Category_11,375.95,2.04
1381,Product_1381,Category_6,221.66,10.37
1382,Product_1382,Category_6,66.98,10.37
1383,Product_1383,Category_11,35.50,2.04
1384,Product_1384,Category_9,343.33,17.02
1385,Product_1385,Category_5,115.47,15.25
1386,Product_1386,Category_3,26.81,9.60
1387,Product_1387,Category_15,275.60,5.71
1388,Product_1388,Category_4,336.39,7.07
1389,Product_1389,Category_11,379.22,2.04
1390,Product_1390,Category_3,339.31,9.60
1391,Product_1391,Category_12,258.74,16.64
1392,Product_1392,Category_7,23.44,15.23
1393,Product_1393,Category_3,131.38,9.60
1394,Product_1394,Category_16,221.39,10.21
1395,Product_1395,Category_15,132.40,5.71
1396,Product_1396,Category_5,270.14,15.25
1397,Product_1397,Category_17,398.73,8.62
1398,Product_1398,Category_2,270.76,5.19
1399,Product_1399,Category_8,151.22,4.87
1400,Product_1400,Category_16,374.02,10.21
1401,Product_1401,Category_10,341.49,1.96
1402,Product_1402,Category_20,443.35,7.01
1403,Product_1403,Category_13,55.92,9.82
1404,Product_1404,Category_11,15.77,2.04
1405,Product_1405,Category_7,103.06,15.23
1406,Product_1406,Category_3,76.54,9.60
1407,Product_1407,Category_5,254.87,15.25
1408,Product_1408,Category_4,111.76,7.07
1409,Product_1409,Category_3,237.22,9.60
1410,Product_1410,Category_19,280.42,12.09
1411,Product_1411,Category_20,223.86,7.01
1412,Product_1412,Category_6,312.75,10.37
1413,Product_1413,Category_13,30.19,9.82
1414,Product_1414,Category_1,222.78,1.59
1415,Product_1415,Category_9,109.66,17.02
1416,Product_1416,Category_11,9.41,2.04
1417,Product_1417,Category_14,162.61,18.89
1418,Product_1418,Category_7,315.32,15.23
1419,Product_1419,Category_7,490.54,15.23
1420,Product_1420,Category_19,226.71,12.09
1421,Product_1421,Category_15,418.81,5.71
1422,Product_1422,Category_20,351.25,7.01
1423,Product_1423,Category_11,164.77,2.04
1424,Product_1424,Category_12,82.00,16.64
1425,Product_1425,Category_5,291.12,15.25
1426,Product_1426,Category_1,91.01,1.59
1427,Product_1427,Category_16,309.67,10.21
1428,Product_1428,Category_20,156.19,7.01
1429,Product_1429,Category_18,347.89,1.76
1430,Product_1430,Category_12,403.89,16.64
1431,Product_1431,Category_10,75.38,1.96
1432,Product_1432,Category_1,366.45,1.59
1433,Product_1433,Category_8,335.95,4.87
1434,Product_1434,Category_3,373.27,9.60
1435,Product_1435,Category_12,169.92,16.64
1436,Product_1436,Category_6,36.78,10.37
1437,Product_1437,Category_1,75.39,1.59
1438,Product_1438,Category_14,496.71,18.89
1439,Product_1439,Category_2,22.79,5.19
1440,Product_1440,Category_3,128.41,9.60
1441,Product_1441,Category_4,488.08,7.07
1442,Product_1442,Category_15,138.64,5.71
1443,Product_1443,Category_13,285.52,9.82
1444,Product_1444,Category_5,125.60,15.25
1445,Product_1445,Category_17,28.95,8.62
1446,Product_1446,Category_4,472.93,7.07
1447,Product_1447,Category_6,171.37,10.37
1448,Product_1448,Category_7,45.23,15.23
1449,Product_1449,Category_16,328.61,10.21
1450,Product_1450,Category_18,341.28,1.76
1451,Product_1451,Category_7,101.48,15.23
1452,Product_1452,Category_5,341.04,15.25
1453,Product_1453,Category_8,106.62,4.87
1454,Product_1454,Category_6,420.90,10.37
1455,Product_1455,Category_12,248.43,16.64
1456,Product_1456,Category_4,162.79,7.07
1457,Product_1457,Category_15,461.53,5.71
1458,Product_1458,Category_6,251.27,10.37
1459,Product_1459,Category_17,438.92,8.62
1460,Product_1460,Category_11,472.17,2.04
1461,Product_1461,Category_11,193.41,2.04
1462,Product_1462,Category_18,32.94,1.76
1463,Product_1463,Category_13,322.66,9.82
1464,Product_1464,Category_20,32.43,7.01
1465,Product_1465,Category_13,348.39,9.82
1466,Product_1466,Category_7,396.11,15.23
1467,Product_1467,Category_13,290.06,9.82
1468,Product_1468,Category_2,144.30,5.19
1469,Product_1469,Category_18,477.58,1.76
1470,Product_1470,Category_1,347.20,1.59
1471,Product_1471,Category_2,362.74,5.19
1472,Product_1472,Category_7,439.71,15.23
1473,Product_1473,Category_10,355.59,1.96
1474,Product_1474,Category_12,211.33,16.64
1475,Product_1475,Category_14,227.64,18.89
1476,Product_1476,Category_1,349.87,1.59
1477,Product_1477,Category_5,212.92,15.25
1478,Product_1478,Category_20,297.08,7.01
1479,Product_1479,Category_4,389.41,7.07
1480,Product_1480,Category_10,435.30,1.96
1481,Product_1481,Category_11,54.61,2.04
1482,Product_1482,Category_3,489.11,9.60
1483,Product_1483,Category_7,149.77,15.23
1484,Product_1484,Category_18,168.98,1.76
1485,Product_1485,Category_14,391.34,18.89
1486,Product_1486,Category_14,175.37,18.89
1487,Product_1487,Category_2,334.17,5.19
1488,Product_1488,Category_5,397.33,15.25
1489,Product_1489,Category_18,67.50,1.76
1490,Product_1490,Category_18,305.92,1.76
1491,Product_1491,Category_18,253.59,1.76
1492,Product_1492,Category_8,22.55,4.87
1493,Product_1493,Category_13,136.29,9.82
1494,Product_1494,Category_5,368.65,15.25
1495,Product_1495,Category_15,76.79,5.71
1496,Product_1496,Category_17,81.91,8.62
1497,Product_1497,Category_3,456.81,9.60
1498,Product_1498,Category_11,97.22,2.04
1499,Product_1499,Category_12,211.85,16.64
1500,Product_1500,Category_5,213.18,15.25
1501,Product_1501,Category_12,443.05,16.64
1502,Product_1502,Category_5,411.28,15.25
1503,Product_1503,Category_6,180.65,10.37
1504,Product_1504,Category_9,162.96,17.02
1505,Product_1505,Category_3,174.46,9.60
1506,Product_1506,Category_11,252.61,2.04
1507,Product_1507,Category_11,60.86,2.04
1508,Product_1508,Category_20,382.05,7.01
1509,Product_1509,Category_6,458.45,10.37
1510,Product_1510,Category_6,289.68,10.37
1511,Product_1511,Category_12,425.15,16.64
1512,Product_1512,Category_7,17.67,15.23
1513,Product_1513,Category_2,13.93,5.19
1514,Product_1514,Category_7,458.83,15.23
1515,Product_1515,Category_8,424.48,4.87
1516,Product_1516,Category_9,499.32,17.02
1517,Product_1517,Category_15,90.84,5.71
1518,Product_1518,Category_20,42.27,7.01
1519,Product_1519,Category_7,416.05,15.23
1520,Product_1520,Category_15,153.05,5.71
1521,Product_1521,Category_9,15.21,17.02
1522,Product_1522,Category_19,200.20,12.09
1523,Product_1523,Category_7,123.27,15.23
1524,Product_1524,Category_15,47.33,5.71
1525,Product_1525,Category_13,381.57,9.82
1526,Product_1526,Category_8,327.20,4.87
1527,Product_1527,Category_18,141.06,1.76
1528,Product_1528,Category_8,90.82,4.87
1529,Product_1529,Category_8,99.50,4.87
1530,Product_1530,Category_7,7.36,15.23
1531,Product_1531,Category_3,414.59,9.60
1532,Product_1532,Category_13,414.92,9.82
1533,Product_1533,Category_15,160.32,5.71
1534,Product_1534,Category_4,220.14,7.07
1535,Product_1535,Category_13,44.70,9.82
1536,Product_1536,Category_6,382.01,10.37
1537,Product_1537,Category_8,489.32,4.87
1538,Product_1538,Category_9,284.71,17.02
1539,Product_1539,Category_7,405.56,15.23
1540,Product_1540,Category_1,334.06,1.59
1541,Product_1541,Category_8,474.51,4.87
1542,Product_1542,Category_17,237.13,8.62
1543,Product_1543,Category_17,1.15,8.62
1544,Product_1544,Category_17,244.73,8.62
1545,Product_1545,Category_8,259.60,4.87
1546,Product_1546,Category_17,112.62,8.62
1547,Product_1547,Category_5,24.01,15.25
1548,Product_1548,Category_8,420.09,4.87
1549,Product_1549,Category_3,235.38,9.60
1550,Product_1550,Category_4,65.23,7.07
1551,Product_1551,Category_13,250.31,9.82
1552,Product_1552,Category_16,164.45,10.21
1553,Product_1553,Category_19,479.27,12.09
1554,Product_1554,Category_20,258.68,7.01
1555,Product_1555,Category_5,235.77,15.25
1556,Product_1556,Category_12,476.47,16.64
1557,Product_1557,Category_20,300.95,7.01
1558,Product_1558,Category_14,200.55,18.89
1559,Product_1559,Category_8,37.74,4.87
1560,Product_1560,Category_15,72.06,5.71
1561,Product_1561,Category_4,477.37,7.07
1562,Product_1562,Category_9,70.07,17.02
1563,Product_1563,Category_9,452.29,17.02
1564,Product_1564,Category_3,301.76,9.60
1565,Product_1565,Category_3,418.83,9.60
1566,Product_1566,Category_1,324.16,1.59
1567,Product_1567,Category_19,360.77,12.09
1568,Product_1568,Category_18,444.19,1.76
1569,Product_1569,Category_19,60.53,12.09
1570,Product_1570,Category_10,84.57,1.96
1571,Product_1571,Category_5,263.82,15.25
1572,Product_1572,Category_15,129.20,5.71
1573,Product_1573,Category_12,413.40,16.64
1574,Product_1574,Category_16,210.95,10.21
1575,Product_1575,Category_1,401.17,1.59
1576,Product_1576,Category_20,19.20,7.01
1577,Product_1577,Category_20,206.94,7.01
1578,Product_1578,Category_4,26.63,7.07
1579,Product_1579,Category_14,247.48,18.89
1580,Product_1580,Category_13,327.38,9.82
1581,Product_1581,Category_6,12.69,10.37
1582,Product_1582,Category_18,422.95,1.76
1583,Product_1583,Category_5,427.73,15.25
1584,Product_1584,Category_12,365.30,16.64
1585,Product_1585,Category_10,415.61,1.96
1586,Product_1586,Category_5,225.74,15.25
1587,Product_1587,Category_3,286.05,9.60
1588,Product_1588,Category_7,299.32,15.23
1589,Product_1589,Category_9,157.60,17.02
1590,Product_1590,Category_7,18.92,15.23
1591,Product_1591,Category_15,49.79,5.71
1592,Product_1592,Category_14,277.45,18.89
1593,Product_1593,Category_15,385.76,5.71
1594,Product_1594,Category_19,68.04,12.09
1595,Product_1595,Category_5,302.00,15.25
1596,Product_1596,Category_5,474.12,15.25
1597,Product_1597,Category_20,324.01,7.01
1598,Product_1598,Category_2,211.76,5.19
1599,Product_1599,Category_6,422.80,10.37
1600,Product_1600,Category_6,455.36,10.37
1601,Product_1601,Category_16,107.86,10.21
1602,Product_1602,Category_17,46.63,8.62
1603,Product_1603,Category_1,260.54,1.59
1604,Product_1604,Category_17,233.27,8.62
1605,Product_1605,Category_11,163.53,2.04
1606,Product_1606,Category_15,340.42,5.71
1607,Product_1607,Category_6,487.87,10.37
1608,Product_1608,Category_9,285.71,17.02
1609,Product_1609,Category_11,9.04,2.04
1610,Product_1610,Category_10,209.47,1.96
1611,Product_1611,Category_6,390.15,10.37
1612,Product_1612,Category_19,38.82,12.09
1613,Product_1613,Category_13,273.57,9.82
1614,Product_1614,Category_14,320.17,18.89
1615,Product_1615,Category_8,361.99,4.87
1616,Product_1616,Category_1,277.90,1.59
1617,Product_1617,Category_14,83.01,18.89
1618,Product_1618,Category_4,461.69,7.07
1619,Product_1619,Category_3,195.91,9.60
1620,Product_1620,Category_8,120.49,4.87
1621,Product_1621,Category_13,118.34,9.82
1622,Product_1622,Category_12,388.74,16.64
1623,Product_1623,Category_7,0.54,15.23
1624,Product_1624,Category_1,227.58,1.59
1625,Product_1625,Category_16,307.35,10.21
1626,Product_1626,Category_15,362.74,5.71
1627,Product_1627,Category_20,23.72,7.01
1628,Product_1628,Category_15,0.08,5.71
1629,Product_1629,Category_17,141.66,8.62
1630,Product_1630,Category_13,478.57,9.82
1631,Product_1631,Category_10,495.52,1.96
1632,Product_1632,Category_11,186.72,2.04
1633,Product_1633,Category_1,410.58,1.59
1634,Product_1634,Category_6,174.39,10.37
1635,Product_1635,Category_11,487.72,2.04
1636,Product_1636,Category_12,388.57,16.64
1637,Product_1637,Category_7,460.65,15.23
1638,Product_1638,Category_16,497.17,10.21
1639,Product_1639,Category_18,384.60,1.76
1640,Product_1640,Category_6,362.24,10.37
1641,Product_1641,Category_2,198.10,5.19
1642,Product_1642,Category_10,82.05,1.96
1643,Product_1643,Category_1,206.29,1.59
1644,Product_1644,Category_6,294.63,10.37
1645,Product_1645,Category_3,254.41,9.60
1646,Product_1646,Category_3,29.59,9.60
1647,Product_1647,Category_9,493.78,17.02
1648,Product_1648,Category_10,252.86,1.96
1649,Product_1649,Category_5,195.18,15.25
1650,Product_1650,Category_17,19.94,8.62
1651,Product_1651,Category_20,237.76,7.01
1652,Product_1652,Category_3,284.40,9.60
1653,Product_1653,Category_6,161.86,10.37
1654,Product_1654,Category_14,216.35,18.89
1655,Product_1655,Category_17,428.59,8.62
1656,Product_1656,Category_20,236.56,7.01
1657,Product_1657,Category_6,82.84,10.37
1658,Product_1658,Category_18,425.05,1.76
1659,Product_1659,Category_20,328.09,7.01
1660,Product_1660,Category_1,199.20,1.59
1661,Product_1661,Category_9,90.03,17.02
1662,Product_1662,Category_3,492.27,9.60
1663,Product_1663,Category_14,355.59,18.89
1664,Product_1664,Category_3,75.20,9.60
1665,Product_1665,Category_15,438.01,5.71
1666,Product_1666,Category_19,470.59,12.09
1667,Product_1667,Category_8,372.03,4.87
1668,Product_1668,Category_5,17.38,15.25
1669,Product_1669,Category_11,177.75,2.04
1670,Product_1670,Category_12,83.75,16.64
1671,Product_1671,Category_11,379.46,2.04
1672,Product_1672,Category_20,282.37,7.01
1673,Product_1673,Category_15,57.76,5.71
1674,Product_1674,Category_1,215.71,1.59
1675,Product_1675,Category_9,355.13,17.02
1676,Product_1676,Category_4,131.88,7.07
1677,Product_1677,Category_14,7.26,18.89
1678,Product_1678,Category_5,16.30,15.25
1679,Product_1679,Category_1,452.25,1.59
1680,Product_1680,Category_17,361.29,8.62
1681,Product_1681,Category_16,35.43,10.21
1682,Product_1682,Category_6,433.71,10.37
1683,Product_1683,Category_11,182.48,2.04
1684,Product_1684,Category_1,430.42,1.59
1685,Product_1685,Category_10,331.76,1.96
1686,Product_1686,Category_19,313.92,12.09
1687,Product_1687,Category_19,376.63,12.09
1688,Product_1688,Category_10,328.47,1.96
1689,Product_1689,Category_14,159.14,18.89
1690,Product_1690,Category_12,402.55,16.64
1691,Product_1691,Category_3,268.90,9.60
1692,Product_1692,Category_16,124.99,10.21
1693,Product_1693,Category_12,8.99,16.64
1694,Product_1694,Category_18,80.50,1.76
1695,Product_1695,Category_14,205.35,18.89
1696,Product_1696,Category_7,499.62,15.23
1697,Product_1697,Category_10,421.36,1.96
1698,Product_1698,Category_17,139.12,8.62
1699,Product_1699,Category_17,228.24,8.62
1700,Product_1700,Category_9,340.98,17.02
1701,Product_1701,Category_5,71.10,15.25
1702,Product_1702,Category_12,207.66,16.64
1703,Product_1703,Category_20,19.27,7.01
1704,Product_1704,Category_16,206.20,10.21
1705,Product_1705,Category_20,327.54,7.01
1706,Product_1706,Category_15,242.37,5.71
1707,Product_1707,Category_3,331.45,9.60
1708,Product_1708,Category_15,412.20,5.71
1709,Product_1709,Category_19,237.17,12.09
1710,Product_1710,Category_14,150.43,18.89
1711,Product_1711,Category_6,145.87,10.37
1712,Product_1712,Category_5,430.14,15.25
1713,Product_1713,Category_20,333.14,7.01
1714,Product_1714,Category_2,321.72,5.19
1715,Product_1715,Category_14,358.43,18.89
1716,Product_1716,Category_19,271.27,12.09
1717,Product_1717,Category_7,275.68,15.23
1718,Product_1718,Category_7,120.16,15.23
1719,Product_1719,Category_12,231.61,16.64
1720,Product_1720,Category_14,387.52,18.89
1721,Product_1721,Category_17,37.70,8.62
1722,Product_1722,Category_6,350.00,10.37
1723,Product_1723,Category_14,414.95,18.89
1724,Product_1724,Category_3,466.95,9.60
1725,Product_1725,Category_9,270.75,17.02
1726,Product_1726,Category_10,133.51,1.96
1727,Product_1727,Category_3,16.66,9.60
1728,Product_1728,Category_4,493.60,7.07
1729,Product_1729,Category_10,138.51,1.96
1730,Product_1730,Category_7,325.33,15.23
1731,Product_1731,Category_10,248.39,1.96
1732,Product_1732,Category_20,289.71,7.01
1733,Product_1733,Category_17,338.77,8.62
1734,Product_1734,Category_12,44.21,16.64
1735,Product_1735,Category_17,375.46,8.62
1736,Product_1736,Category_12,351.54,16.64
1737,Product_1737,Category_18,355.31,1.76
1738,Product_1738,Category_3,473.38,9.60
1739,Product_1739,Category_8,384.09,4.87
1740,Product_1740,Category_15,225.50,5.71
1741,Product_1741,Category_7,237.12,15.23
1742,Product_1742,Category_2,479.65,5.19
1743,Product_1743,Category_13,280.73,9.82
1744,Product_1744,Category_8,20.28,4.87
1745,Product_1745,Category_16,163.61,10.21
1746,Product_1746,Category_17,95.54,8.62
1747,Product_1747,Category_5,445.97,15.25
1748,Product_1748,Category_13,14.95,9.82
1749,Product_1749,Category_19,238.99,12.09
1750,Product_1750,Category_5,447.34,15.25
1751,Product_1751,Category_13,126.09,9.82
1752,Product_1752,Category_19,463.54,12.09
1753,Product_1753,Category_15,285.03,5.71
1754,Product_1754,Category_11,447.19,2.04
1755,Product_1755,Category_7,19.64,15.23
1756,Product_1756,Category_17,118.17,8.62
1757,Product_1757,Category_3,377.94,9.60
1758,Product_1758,Category_11,114.15,2.04
1759,Product_1759,Category_13,379.89,9.82
1760,Product_1760,Category_6,432.53,10.37
1761,Product_1761,Category_17,257.71,8.62
1762,Product_1762,Category_19,81.51,12.09
1763,Product_1763,Category_11,233.27,2.04
1764,Product_1764,Category_16,469.76,10.21
1765,Product_1765,Category_6,466.04,10.37
1766,Product_1766,Category_6,492.70,10.37
1767,Product_1767,Category_8,368.83,4.87
1768,Product_1768,Category_2,146.32,5.19
1769,Product_1769,Category_5,358.30,15.25
1770,Product_1770,Category_9,207.62,17.02
1771,Product_1771,Category_20,351.39,7.01
1772,Product_1772,Category_19,257.82,12.09
1773,Product_1773,Category_3,457.58,9.60
1774,Product_1774,Category_2,213.30,5.19
1775,Product_1775,Category_3,420.66,9.60
1776,Product_1776,Category_13,106.79,9.82
1777,Product_1777,Category_5,244.48,15.25
1778,Product_1778,Category_9,113.33,17.02
1779,Product_1779,Category_18,338.51,1.76
1780,Product_1780,Category_9,435.86,17.02
1781,Product_1781,Category_14,394.12,18.89
1782,Product_1782,Category_6,141.46,10.37
1783,Product_1783,Category_13,371.85,9.82
1784,Product_1784,Category_13,66.96,9.82
1785,Product_1785,Category_5,7.25,15.25
1786,Product_1786,Category_12,363.36,16.64
1787,Product_1787,Category_12,439.42,16.64
1788,Product_1788,Category_6,61.75,10.37
1789,Product_1789,Category_13,230.79,9.82
1790,Product_1790,Category_3,180.37,9.60
1791,Product_1791,Category_2,125.90,5.19
1792,Product_1792,Category_3,61.85,9.60
1793,Product_1793,Category_15,281.79,5.71
1794,Product_1794,Category_10,227.81,1.96
1795,Product_1795,Category_3,116.18,9.60
1796,Product_1796,Category_10,335.11,1.96
1797,Product_1797,Category_5,113.81,15.25
1798,Product_1798,Category_15,365.89,5.71
1799,Product_1799,Category_13,28.12,9.82
1800,Product_1800,Category_5,230.39,15.25
1801,Product_1801,Category_9,184.34,17.02
1802,Product_1802,Category_16,20.46,10.21
1803,Product_1803,Category_7,438.85,15.23
1804,Product_1804,Category_8,4.68,4.87
1805,Product_1805,Category_12,80.71,16.64
1806,Product_1806,Category_15,62.84,5.71
1807,Product_1807,Category_7,123.92,15.23
1808,Product_1808,Category_5,495.45,15.25
1809,Product_1809,Category_9,59.84,17.02
1810,Product_1810,Category_10,107.82,1.96
1811,Product_1811,Category_13,432.95,9.82
1812,Product_1812,Category_5,120.71,15.25
1813,Product_1813,Category_16,296.03,10.21
1814,Product_1814,Category_16,244.03,10.21
1815,Product_1815,Category_9,365.58,17.02
1816,Product_1816,Category_1,435.12,1.59
1817,Product_1817,Category_12,100.92,16.64
1818,Product_1818,Category_16,180.52,10.21
1819,Product_1819,Category_1,478.85,1.59
1820,Product_1820,Category_12,15.37,16.64
1821,Product_1821,Category_7,155.00,15.23
1822,Product_1822,Category_8,484.59,4.87
1823,Product_1823,Category_13,355.22,9.82
1824,Product_1824,Category_7,106.34,15.23
1825,Product_1825,Category_1,319.84,1.59
1826,Product_1826,Category_19,147.33,12.09
1827,Product_1827,Category_13,432.46,9.82
1828,Product_1828,Category_19,131.25,12.09
1829,Product_1829,Category_15,326.84,5.71
1830,Product_1830,Category_14,145.36,18.89
1831,Product_1831,Category_15,241.13,5.71
1832,Product_1832,Category_16,369.30,10.21
1833,Product_1833,Category_19,102.23,12.09
1834,Product_1834,Category_4,435.67,7.07
1835,Product_1835,Category_15,309.23,5.71
1836,Product_1836,Category_5,252.18,15.25
1837,Product_1837,Category_15,323.32,5.71
1838,Product_1838,Category_20,315.65,7.01
1839,Product_1839,Category_6,13.90,10.37
1840,Product_1840,Category_20,57.77,7.01
1841,Product_1841,Category_4,272.47,7.07
1842,Product_1842,Category_2,288.47,5.19
1843,Product_1843,Category_6,261.06,10.37
1844,Product_1844,Category_12,349.81,16.64
1845,Product_1845,Category_3,104.95,9.60
1846,Product_1846,Category_1,272.65,1.59
1847,Product_1847,Category_6,238.64,10.37
1848,Product_1848,Category_14,488.06,18.89
1849,Product_1849,Category_12,355.42,16.64
1850,Product_1850,Category_2,32.76,5.19
1851,Product_1851,Category_18,256.54,1.76
1852,Product_1852,Category_16,392.72,10.21
1853,Product_1853,Category_14,23.61,18.89
1854,Product_1854,Category_8,278.15,4.87
1855,Product_1855,Category_1,413.14,1.59
1856,Product_1856,Category_8,32.84,4.87
1857,Product_1857,Category_14,486.21,18.89
1858,Product_1858,Category_6,226.36,10.37
1859,Product_1859,Category_5,182.01,15.25
1860,Product_1860,Category_2,212.29,5.19
1861,Product_1861,Category_14,64.47,18.89
1862,Product_1862,Category_14,257.61,18.89
1863,Product_1863,Category_18,40.52,1.76
1864,Product_1864,Category_9,477.66,17.02
1865,Product_1865,Category_12,3.45,16.64
1866,Product_1866,Category_6,127.77,10.37
1867,Product_1867,Category_6,16.31,10.37
1868,Product_1868,Category_13,16.39,9.82
1869,Product_1869,Category_7,436.18,15.23
1870,Product_1870,Category_2,326.78,5.19
1871,Product_1871,Category_8,466.49,4.87
1872,Product_1872,Category_15,67.44,5.71
1873,Product_1873,Category_5,126.81,15.25
1874,Product_1874,Category_9,431.30,17.02
1875,Product_1875,Category_8,105.12,4.87
1876,Product_1876,Category_10,206.91,1.96
1877,Product_1877,Category_14,37.73,18.89
1878,Product_1878,Category_11,46.75,2.04
1879,Product_1879,Category_5,445.83,15.25
1880,Product_1880,Category_17,8.31,8.62
1881,Product_1881,Category_18,3.52,1.76
1882,Product_1882,Category_8,31.32,4.87
1883,Product_1883,Category_9,471.56,17.02
1884,Product_1884,Category_7,104.60,15.23
1885,Product_1885,Category_7,48.82,15.23
1886,Product_1886,Category_10,149.06,1.96
1887,Product_1887,Category_10,279.16,1.96
1888,Product_1888,Category_20,419.99,7.01
1889,Product_1889,Category_11,192.49,2.04
1890,Product_1890,Category_10,399.86,1.96
1891,Product_1891,Category_5,298.71,15.25
1892,Product_1892,Category_16,248.01,10.21
1893,Product_1893,Category_7,174.12,15.23
1894,Product_1894,Category_2,328.78,5.19
1895,Product_1895,Category_10,109.47,1.96
1896,Product_1896,Category_5,258.66,15.25
1897,Product_1897,Category_3,305.71,9.60
1898,Product_1898,Category_1,137.10,1.59
1899,Product_1899,Category_2,134.55,5.19
1900,Product_1900,Category_9,379.76,17.02
1901,Product_1901,Category_8,350.83,4.87
1902,Product_1902,Category_6,58.89,10.37
1903,Product_1903,Category_16,351.49,10.21
1904,Product_1904,Category_15,365.80,5.71
1905,Product_1905,Category_18,52.27,1.76
1906,Product_1906,Category_16,424.25,10.21
1907,Product_1907,Category_3,122.88,9.60
1908,Product_1908,Category_13,387.96,9.82
1909,Product_1909,Category_4,68.86,7.07
1910,Product_1910,Category_8,404.88,4.87
1911,Product_1911,Category_19,290.36,12.09
1912,Product_1912,Category_19,484.13,12.09
1913,Product_1913,Category_13,396.61,9.82
1914,Product_1914,Category_4,39.95,7.07
1915,Product_1915,Category_6,180.95,10.37
1916,Product_1916,Category_1,281.84,1.59
1917,Product_1917,Category_7,407.60,15.23
1918,Product_1918,Category_3,63.85,9.60
1919,Product_1919,Category_19,101.63,12.09
1920,Product_1920,Category_5,111.79,15.25
1921,Product_1921,Category_13,238.11,9.82
1922,Product_1922,Category_19,327.35,12.09
1923,Product_1923,Category_15,43.61,5.71
1924,Product_1924,Category_4,456.80,7.07
1925,Product_1925,Category_3,499.71,9.60
1926,Product_1926,Category_13,392.92,9.82
1927,Product_1927,Category_8,373.33,4.87
1928,Product_1928,Category_10,282.45,1.96
1929,Product_1929,Category_16,337.86,10.21
1930,Product_1930,Category_6,419.79,10.37
1931,Product_1931,Category_15,404.77,5.71
1932,Product_1932,Category_16,40.72,10.21
1933,Product_1933,Category_20,138.89,7.01
1934,Product_1934,Category_3,383.84,9.60
1935,Product_1935,Category_5,369.33,15.25
1936,Product_1936,Category_15,32.50,5.71
1937,Product_1937,Category_8,5.41,4.87
1938,Product_1938,Category_9,476.02,17.02
1939,Product_1939,Category_13,267.31,9.82
1940,Product_1940,Category_15,82.58,5.71
1941,Product_1941,Category_9,164.02,17.02
1942,Product_1942,Category_16,236.50,10.21
1943,Product_1943,Category_8,420.79,4.87
1944,Product_1944,Category_17,258.89,8.62
1945,Product_1945,Category_4,474.95,7.07
1946,Product_1946,Category_1,170.26,1.59
1947,Product_1947,Category_12,111.36,16.64
1948,Product_1948,Category_18,478.77,1.76
1949,Product_1949,Category_8,163.91,4.87
1950,Product_1950,Category_12,203.78,16.64
1951,Product_1951,Category_5,65.12,15.25
1952,Product_1952,Category_8,185.02,4.87
1953,Product_1953,Category_16,5.56,10.21
1954,Product_1954,Category_10,79.93,1.96
1955,Product_1955,Category_4,306.12,7.07
1956,Product_1956,Category_1,262.88,1.59
1957,Product_1957,Category_16,65.76,10.21
1958,Product_1958,Category_16,219.94,10.21
1959,Product_1959,Category_20,166.32,7.01
1960,Product_1960,Category_5,206.21,15.25
1961,Product_1961,Category_19,211.92,12.09
1962,Product_1962,Category_14,471.04,18.89
1963,Product_1963,Category_2,402.25,5.19
1964,Product_1964,Category_16,499.64,10.21
1965,Product_1965,Category_4,259.11,7.07
1966,Product_1966,Category_5,19.29,15.25
1967,Product_1967,Category_7,35.79,15.23
1968,Product_1968,Category_13,295.19,9.82
1969,Product_1969,Category_9,131.01,17.02
1970,Product_1970,Category_11,481.30,2.04
1971,Product_1971,Category_14,323.54,18.89
1972,Product_1972,Category_10,232.78,1.96
1973,Product_1973,Category_5,263.35,15.25
1974,Product_1974,Category_2,470.61,5.19
1975,Product_1975,Category_2,415.75,5.19
1976,Product_1976,Category_20,387.19,7.01
1977,Product_1977,Category_20,429.03,7.01
1978,Product_1978,Category_18,15.30,1.76
1979,Product_1979,Category_9,208.34,17.02
1980,Product_1980,Category_20,497.17,7.01
1981,Product_1981,Category_9,4.00,17.02
1982,Product_1982,Category_11,110.18,2.04
1983,Product_1983,Category_17,416.23,8.62
1984,Product_1984,Category_10,97.42,1.96
1985,Product_1985,Category_16,136.35,10.21
1986,Product_1986,Category_7,396.27,15.23
1987,Product_1987,Category_14,245.69,18.89
1988,Product_1988,Category_7,420.27,15.23
1989,Product_1989,Category_14,309.02,18.89
1990,Product_1990,Category_16,441.64,10.21
1991,Product_1991,Category_14,464.10,18.89
1992,Product_1992,Category_11,175.99,2.04
1993,Product_1993,Category_7,372.88,15.23
1994,Product_1994,Category_14,330.66,18.89
1995,Product_1995,Category_3,157.92,9.60
1996,Product_1996,Category_11,247.12,2.04
1997,Product_1997,Category_16,408.16,10.21
1998,Product_1998,Category_12,430.59,16.64
1999,Product_1999,Category_3,232.42,9.60
2000,Product_2000,Category_18,292.16,1.76
2001,Product_2001,Category_18,169.73,1.76
2002,Product_2002,Category_5,411.06,15.25
2003,Product_2003,Category_1,0.05,1.59
2004,Product_2004,Category_3,250.64,9.60
2005,Product_2005,Category_17,398.14,8.62
2006,Product_2006,Category_19,138.31,12.09
2007,Product_2007,Category_16,139.77,10.21
2008,Product_2008,Category_14,105.33,18.89
2009,Product_2009,Category_1,415.95,1.59
2010,Product_2010,Category_13,80.36,9.82
2011,Product_2011,Category_18,16.80,1.76
2012,Product_2012,Category_6,245.55,10.37
2013,Product_2013,Category_5,128.83,15.25
2014,Product_2014,Category_6,413.89,10.37
2015,Product_2015,Category_11,393.75,2.04
2016,Product_2016,Category_6,56.35,10.37
2017,Product_2017,Category_9,214.58,17.02
2018,Product_2018,Category_14,440.73,18.89
2019,Product_2019,Category_15,403.26,5.71
2020,Product_2020,Category_20,130.91,7.01
2021,Product_2021,Category_5,263.11,15.25
2022,Product_2022,Category_6,194.56,10.37
2023,Product_2023,Category_8,312.20,4.87
2024,Product_2024,Category_14,19.30,18.89
2025,Product_2025,Category_5,110.09,15.25
2026,Product_2026,Category_3,227.05,9.60
2027,Product_2027,Category_10,246.01,1.96
2028,Product_2028,Category_7,37.10,15.23
2029,Product_2029,Category_6,284.62,10.37
2030,Product_2030,Category_11,80.56,2.04
2031,Product_2031,Category_2,295.73,5.19
2032,Product_2032,Category_9,225.91,17.02
2033,Product_2033,Category_16,295.06,10.21
2034,Product_2034,Category_20,203.45,7.01
2035,Product_2035,Category_8,341.71,4.87
2036,Product_2036,Category_1,29.40,1.59
2037,Product_2037,Category_3,21.67,9.60
2038,Product_2038,Category_11,464.95,2.04
2039,Product_2039,Category_3,204.74,9.60
2040,Product_2040,Category_18,115.49,1.76
2041,Product_2041,Category_8,235.32,4.87
2042,Product_2042,Category_2,121.48,5.19
2043,Product_2043,Category_7,265.48,15.23
2044,Product_2044,Category_5,393.31,15.25
2045,Product_2045,Category_17,81.60,8.62
2046,Product_2046,Category_18,161.22,1.76
2047,Product_2047,Category_6,317.45,10.37
2048,Product_2048,Category_7,480.16,15.23
2049,Product_2049,Category_20,263.51,7.01
2050,Product_2050,Category_9,448.94,17.02
2051,Product_2051,Category_16,19.24,10.21
2052,Product_2052,Category_15,445.11,5.71
2053,Product_2053,Category_9,455.93,17.02
2054,Product_2054,Category_19,205.83,12.09
2055,Product_2055,Category_7,410.67,15.23
2056,Product_2056,Category_15,256.26,5.71
2057,Product_2057,Category_9,74.26,17.02
2058,Product_2058,Category_3,32.11,9.60
2059,Product_2059,Category_14,96.21,18.89
2060,Product_2060,Category_18,287.03,1.76
2061,Product_2061,Category_9,219.34,17.02
2062,Product_2062,Category_12,256.70,16.64
2063,Product_2063,Category_12,344.24,16.64
2064,Product_2064,Category_10,42.59,1.96
2065,Product_2065,Category_15,427.81,5.71
2066,Product_2066,Category_20,446.20,7.01
2067,Product_2067,Category_12,247.41,16.64
2068,Product_2068,Category_15,309.77,5.71
2069,Product_2069,Category_5,151.37,15.25
2070,Product_2070,Category_6,393.61,10.37
2071,Product_2071,Category_10,389.37,1.96
2072,Product_2072,Category_10,249.95,1.96
2073,Product_2073,Category_5,447.66,15.25
2074,Product_2074,Category_16,323.18,10.21
2075,Product_2075,Category_3,140.20,9.60
2076,Product_2076,Category_19,193.57,12.09
2077,Product_2077,Category_18,273.19,1.76
2078,Product_2078,Category_17,437.78,8.62
2079,Product_2079,Category_8,271.76,4.87
2080,Product_2080,Category_11,203.98,2.04
2081,Product_2081,Category_12,102.99,16.64
2082,Product_2082,Category_14,451.59,18.89
2083,Product_2083,Category_7,370.27,15.23
2084,Product_2084,Category_12,235.13,16.64
2085,Product_2085,Category_2,426.61,5.19
2086,Product_2086,Category_4,244.62,7.07
2087,Product_2087,Category_19,166.90,12.09
2088,Product_2088,Category_3,425.91,9.60
2089,Product_2089,Category_16,314.59,10.21
2090,Product_2090,Category_4,290.57,7.07
2091,Product_2091,Category_17,325.02,8.62
2092,Product_2092,Category_4,438.99,7.07
2093,Product_2093,Category_16,14.47,10.21
2094,Product_2094,Category_14,421.87,18.89
2095,Product_2095,Category_9,239.11,17.02
2096,Product_2096,Category_14,395.84,18.89
2097,Product_2097,Category_16,77.93,10.21
2098,Product_2098,Category_16,423.54,10.21
2099,Product_2099,Category_18,326.05,1.76
2100,Product_2100,Category_11,467.14,2.04
2101,Product_2101,Category_5,179.96,15.25
2102,Product_2102,Category_6,388.17,10.37
2103,Product_2103,Category_1,438.45,1.59
2104,Product_2104,Category_7,348.35,15.23
2105,Product_2105,Category_20,342.55,7.01
2106,Product_2106,Category_19,255.27,12.09
2107,Product_2107,Category_15,392.92,5.71
2108,Product_2108,Category_7,287.04,15.23
2109,Product_2109,Category_3,18.96,9.60
2110,Product_2110,Category_15,171.48,5.71
2111,Product_2111,Category_14,237.54,18.89
2112,Product_2112,Category_20,253.09,7.01
2113,Product_2113,Category_4,425.90,7.07
2114,Product_2114,Category_20,264.74,7.01
2115,Product_2115,Category_12,380.77,16.64
2116,Product_2116,Category_19,483.27,12.09
2117,Product_2117,Category_9,154.01,17.02
2118,Product_2118,Category_17,62.69,8.62
2119,Product_2119,Category_20,194.83,7.01
2120,Product_2120,Category_13,475.13,9.82
2121,Product_2121,Category_15,17.76,5.71
2122,Product_2122,Category_14,147.32,18.89
2123,Product_2123,Category_15,397.03,5.71
2124,Product_2124,Category_17,208.22,8.62
2125,Product_2125,Category_5,98.51,15.25
2126,Product_2126,Category_9,67.50,17.02
2127,Product_2127,Category_13,184.47,9.82
2128,Product_2128,Category_1,85.29,1.59
2129,Product_2129,Category_6,51.33,10.37
2130,Product_2130,Category_16,414.59,10.21
2131,Product_2131,Category_18,311.49,1.76
2132,Product_2132,Category_9,313.56,17.02
2133,Product_2133,Category_7,57.47,15.23
2134,Product_2134,Category_17,366.53,8.62
2135,Product_2135,Category_5,259.13,15.25
2136,Product_2136,Category_10,139.27,1.96
2137,Product_2137,Category_6,327.73,10.37
2138,Product_2138,Category_12,196.27,16.64
2139,Product_2139,Category_2,499.16,5.19
2140,Product_2140,Category_10,358.59,1.96
2141,Product_2141,Category_18,378.74,1.76
2142,Product_2142,Category_14,396.19,18.89
2143,Product_2143,Category_12,247.32,16.64
2144,Product_2144,Category_12,368.21,16.64
2145,Product_2145,Category_8,7.24,4.87
2146,Product_2146,Category_14,17.11,18.89
2147,Product_2147,Category_8,428.25,4.87
2148,Product_2148,Category_16,404.03,10.21
2149,Product_2149,Category_17,418.39,8.62
2150,Product_2150,Category_1,339.73,1.59
2151,Product_2151,Category_15,83.21,5.71
2152,Product_2152,Category_14,65.71,18.89
2153,Product_2153,Category_6,287.19,10.37
2154,Product_2154,Category_10,170.98,1.96
2155,Product_2155,Category_16,168.26,10.21
2156,Product_2156,Category_20,249.49,7.01
2157,Product_2157,Category_7,221.19,15.23
2158,Product_2158,Category_5,39.46,15.25
2159,Product_2159,Category_20,276.72,7.01
2160,Product_2160,Category_20,33.48,7.01
2161,Product_2161,Category_17,254.07,8.62
2162,Product_2162,Category_11,128.25,2.04
2163,Product_2163,Category_1,206.22,1.59
2164,Product_2164,Category_10,33.56,1.96
2165,Product_2165,Category_10,490.06,1.96
2166,Product_2166,Category_5,478.87,15.25
2167,Product_2167,Category_4,434.17,7.07
2168,Product_2168,Category_12,74.04,16.64
2169,Product_2169,Category_5,105.76,15.25
2170,Product_2170,Category_8,408.66,4.87
2171,Product_2171,Category_6,435.64,10.37
2172,Product_2172,Category_7,132.81,15.23
2173,Product_2173,Category_15,381.47,5.71
2174,Product_2174,Category_1,300.03,1.59
2175,Product_2175,Category_9,253.99,17.02
2176,Product_2176,Category_2,115.09,5.19
2177,Product_2177,Category_3,160.98,9.60
2178,Product_2178,Category_3,262.85,9.60
2179,Product_2179,Category_9,321.64,17.02
2180,Product_2180,Category_8,487.27,4.87
2181,Product_2181,Category_13,73.15,9.82
2182,Product_2182,Category_11,429.34,2.04
2183,Product_2183,Category_16,485.55,10.21
2184,Product_2184,Category_4,37.86,7.07
2185,Product_2185,Category_4,337.97,7.07
2186,Product_2186,Category_11,335.17,2.04
2187,Product_2187,Category_2,259.26,5.19
2188,Product_2188,Category_17,223.55,8.62
2189,Product_2189,Category_8,182.78,4.87
2190,Product_2190,Category_3,230.00,9.60
2191,Product_2191,Category_4,181.33,7.07
2192,Product_2192,Category_18,444.33,1.76
2193,Product_2193,Category_18,407.59,1.76
2194,Product_2194,Category_20,418.55,7.01
2195,Product_2195,Category_11,165.96,2.04
2196,Product_2196,Category_16,437.54,10.21
2197,Product_2197,Category_8,231.61,4.87
2198,Product_2198,Category_9,277.79,17.02
2199,Product_2199,Category_3,430.15,9.60
2200,Product_2200,Category_6,124.15,10.37
2201,Product_2201,Category_13,365.91,9.82
2202,Product_2202,Category_11,302.89,2.04
2203,Product_2203,Category_16,360.45,10.21
2204,Product_2204,Category_2,168.31,5.19
2205,Product_2205,Category_1,184.57,1.59
2206,Product_2206,Category_2,47.08,5.19
2207,Product_2207,Category_15,76.86,5.71
2208,Product_2208,Category_16,269.84,10.21
2209,Product_2209,Category_20,295.73,7.01
2210,Product_2210,Category_17,181.18,8.62
2211,Product_2211,Category_9,412.06,17.02
2212,Product_2212,Category_12,446.49,16.64
2213,Product_2213,Category_19,338.16,12.09
2214,Product_2214,Category_1,78.48,1.59
2215,Product_2215,Category_13,363.52,9.82
2216,Product_2216,Category_8,143.41,4.87
2217,Product_2217,Category_20,457.32,7.01
2218,Product_2218,Category_11,91.76,2.04
2219,Product_2219,Category_18,386.11,1.76
2220,Product_2220,Category_13,256.65,9.82
2221,Product_2221,Category_11,87.18,2.04
2222,Product_2222,Category_6,308.82,10.37
2223,Product_2223,Category_3,225.38,9.60
2224,Product_2224,Category_8,282.05,4.87
2225,Product_2225,Category_5,161.22,15.25
2226,Product_2226,Category_14,428.19,18.89
2227,Product_2227,Category_12,79.27,16.64
2228,Product_2228,Category_12,47.97,16.64
2229,Product_2229,Category_10,113.19,1.96
2230,Product_2230,Category_20,427.05,7.01
2231,Product_2231,Category_12,199.32,16.64
2232,Product_2232,Category_17,97.37,8.62
2233,Product_2233,Category_20,132.53,7.01
2234,Product_2234,Category_10,191.25,1.96
2235,Product_2235,Category_6,203.49,10.37
2236,Product_2236,Category_2,214.13,5.19
2237,Product_2237,Category_1,205.83,1.59
2238,Product_2238,Category_19,486.41,12.09
2239,Product_2239,Category_11,262.26,2.04
2240,Product_2240,Category_8,407.14,4.87
2241,Product_2241,Category_7,338.26,15.23
2242,Product_2242,Category_3,159.64,9.60
2243,Product_2243,Category_7,247.57,15.23
2244,Product_2244,Category_8,293.57,4.87
2245,Product_2245,Category_12,391.37,16.64
2246,Product_2246,Category_4,273.64,7.07
2247,Product_2247,Category_4,80.69,7.07
2248,Product_2248,Category_13,104.76,9.82
2249,Product_2249,Category_11,88.93,2.04
2250,Product_2250,Category_4,350.96,7.07
2251,Product_2251,Category_12,175.84,16.64
2252,Product_2252,Category_13,204.17,9.82
2253,Product_2253,Category_5,118.83,15.25
2254,Product_2254,Category_13,485.85,9.82
2255,Product_2255,Category_1,94.21,1.59
2256,Product_2256,Category_6,481.65,10.37
2257,Product_2257,Category_3,319.21,9.60
2258,Product_2258,Category_11,235.14,2.04
2259,Product_2259,Category_16,138.37,10.21
2260,Product_2260,Category_13,438.29,9.82
2261,Product_2261,Category_13,446.62,9.82
2262,Product_2262,Category_8,206.79,4.87
2263,Product_2263,Category_6,388.64,10.37
2264,Product_2264,Category_13,259.61,9.82
2265,Product_2265,Category_13,240.71,9.82
2266,Product_2266,Category_7,495.62,15.23
2267,Product_2267,Category_12,394.78,16.64
2268,Product_2268,Category_13,10.46,9.82
2269,Product_2269,Category_14,393.07,18.89
2270,Product_2270,Category_20,54.46,7.01
2271,Product_2271,Category_16,488.06,10.21
2272,Product_2272,Category_5,409.03,15.25
2273,Product_2273,Category_12,467.22,16.64
2274,Product_2274,Category_17,413.10,8.62
2275,Product_2275,Category_9,46.89,17.02
2276,Product_2276,Category_13,182.17,9.82
2277,Product_2277,Category_16,481.04,10.21
2278,Product_2278,Category_18,408.89,1.76
2279,Product_2279,Category_1,448.48,1.59
2280,Product_2280,Category_6,313.06,10.37
2281,Product_2281,Category_14,365.97,18.89
2282,Product_2282,Category_17,348.01,8.62
2283,Product_2283,Category_19,234.35,12.09
2284,Product_2284,Category_6,223.68,10.37
2285,Product_2285,Category_9,471.75,17.02
2286,Product_2286,Category_2,126.38,5.19
2287,Product_2287,Category_6,252.45,10.37
2288,Product_2288,Category_17,405.31,8.62
2289,Product_2289,Category_19,200.91,12.09
2290,Product_2290,Category_18,462.58,1.76
2291,Product_2291,Category_13,384.23,9.82
2292,Product_2292,Category_18,20.46,1.76
2293,Product_2293,Category_17,492.06,8.62
2294,Product_2294,Category_3,196.05,9.60
2295,Product_2295,Category_20,349.32,7.01
2296,Product_2296,Category_1,37.03,1.59
2297,Product_2297,Category_5,394.27,15.25
2298,Product_2298,Category_3,331.71,9.60
2299,Product_2299,Category_8,216.06,4.87
2300,Product_2300,Category_8,179.58,4.87
2301,Product_2301,Category_3,246.54,9.60
2302,Product_2302,Category_10,5.18,1.96
2303,Product_2303,Category_5,161.23,15.25
2304,Product_2304,Category_1,172.40,1.59
2305,Product_2305,Category_13,371.92,9.82
2306,Product_2306,Category_6,278.84,10.37
2307,Product_2307,Category_12,77.06,16.64
2308,Product_2308,Category_11,445.59,2.04
2309,Product_2309,Category_10,109.42,1.96
2310,Product_2310,Category_11,194.49,2.04
2311,Product_2311,Category_6,104.13,10.37
2312,Product_2312,Category_15,167.17,5.71
2313,Product_2313,Category_6,111.48,10.37
2314,Product_2314,Category_13,429.36,9.82
2315,Product_2315,Category_4,243.92,7.07
2316,Product_2316,Category_18,416.47,1.76
2317,Product_2317,Category_9,119.19,17.02
2318,Product_2318,Category_8,320.96,4.87
2319,Product_2319,Category_4,483.01,7.07
2320,Product_2320,Category_4,167.19,7.07
2321,Product_2321,Category_7,308.92,15.23
2322,Product_2322,Category_1,184.58,1.59
2323,Product_2323,Category_7,163.33,15.23
2324,Product_2324,Category_20,4.11,7.01
2325,Product_2325,Category_15,162.92,5.71
2326,Product_2326,Category_18,485.65,1.76
2327,Product_2327,Category_8,151.67,4.87
2328,Product_2328,Category_8,288.35,4.87
2329,Product_2329,Category_6,491.24,10.37
2330,Product_2330,Category_14,288.92,18.89
2331,Product_2331,Category_8,96.47,4.87
2332,Product_2332,Category_17,362.98,8.62
2333,Product_2333,Category_12,268.77,16.64
2334,Product_2334,Category_17,393.56,8.62
2335,Product_2335,Category_6,469.25,10.37
2336,Product_2336,Category_3,0.08,9.60
2337,Product_2337,Category_5,479.34,15.25
2338,Product_2338,Category_9,450.41,17.02
2339,Product_2339,Category_19,5.02,12.09
2340,Product_2340,Category_17,345.71,8.62
2341,Product_2341,Category_5,55.65,15.25
2342,Product_2342,Category_5,144.60,15.25
2343,Product_2343,Category_13,448.13,9.82
2344,Product_2344,Category_20,476.28,7.01
2345,Product_2345,Category_11,327.87,2.04
2346,Product_2346,Category_9,180.25,17.02
2347,Product_2347,Category_20,294.43,7.01
2348,Product_2348,Category_5,153.23,15.25
2349,Product_2349,Category_11,310.95,2.04
2350,Product_2350,Category_18,363.68,1.76
2351,Product_2351,Category_13,38.79,9.82
2352,Product_2352,Category_12,403.63,16.64
2353,Product_2353,Category_11,92.74,2.04
2354,Product_2354,Category_7,128.85,15.23
2355,Product_2355,Category_18,328.45,1.76
2356,Product_2356,Category_19,172.95,12.09
2357,Product_2357,Category_1,497.67,1.59
2358,Product_2358,Category_4,180.41,7.07
2359,Product_2359,Category_12,411.43,16.64
2360,Product_2360,Category_2,175.51,5.19
2361,Product_2361,Category_10,349.32,1.96
2362,Product_2362,Category_4,488.94,7.07
2363,Product_2363,Category_2,495.95,5.19
2364,Product_2364,Category_7,116.56,15.23
2365,Product_2365,Category_10,52.55,1.96
2366,Product_2366,Category_4,180.20,7.07
2367,Product_2367,Category_7,101.05,15.23
2368,Product_2368,Category_9,61.72,17.02
2369,Product_2369,Category_9,153.07,17.02
2370,Product_2370,Category_2,150.78,5.19
2371,Product_2371,Category_4,202.84,7.07
2372,Product_2372,Category_6,373.53,10.37
2373,Product_2373,Category_1,237.62,1.59
2374,Product_2374,Category_9,316.47,17.02
2375,Product_2375,Category_9,273.16,17.02
2376,Product_2376,Category_6,361.76,10.37
2377,Product_2377,Category_3,66.78,9.60
2378,Product_2378,Category_14,145.98,18.89
2379,Product_2379,Category_3,47.71,9.60
2380,Product_2380,Category_11,15.65,2.04
2381,Product_2381,Category_1,328.38,1.59
2382,Product_2382,Category_9,412.62,17.02
2383,Product_2383,Category_19,119.85,12.09
2384,Product_2384,Category_16,499.79,10.21
2385,Product_2385,Category_1,316.32,1.59
2386,Product_2386,Category_6,104.93,10.37
2387,Product_2387,Category_3,423.31,9.60
2388,Product_2388,Category_13,232.42,9.82
2389,Product_2389,Category_3,452.55,9.60
2390,Product_2390,Category_9,433.43,17.02
2391,Product_2391,Category_2,259.89,5.19
2392,Product_2392,Category_4,72.13,7.07
2393,Product_2393,Category_9,349.62,17.02
2394,Product_2394,Category_18,117.04,1.76
2395,Product_2395,Category_3,321.31,9.60
2396,Product_2396,Category_13,153.58,9.82
2397,Product_2397,Category_3,20.11,9.60
2398,Product_2398,Category_9,164.28,17.02
2399,Product_2399,Category_15,461.99,5.71
2400,Product_2400,Category_8,378.67,4.87
2401,Product_2401,Category_20,236.94,7.01
2402,Product_2402,Category_19,109.59,12.09
2403,Product_2403,Category_12,54.20,16.64
2404,Product_2404,Category_5,424.58,15.25
2405,Product_2405,Category_14,197.66,18.89
2406,Product_2406,Category_1,124.18,1.59
2407,Product_2407,Category_14,168.49,18.89
2408,Product_2408,Category_11,33.86,2.04
2409,Product_2409,Category_14,421.74,18.89
2410,Product_2410,Category_6,229.18,10.37
2411,Product_2411,Category_18,348.03,1.76
2412,Product_2412,Category_16,45.43,10.21
2413,Product_2413,Category_18,448.13,1.76
2414,Product_2414,Category_12,443.88,16.64
2415,Product_2415,Category_14,223.14,18.89
2416,Product_2416,Category_3,81.55,9.60
2417,Product_2417,Category_12,334.08,16.64
2418,Product_2418,Category_11,470.80,2.04
2419,Product_2419,Category_6,54.50,10.37
2420,Product_2420,Category_5,218.63,15.25
2421,Product_2421,Category_13,156.07,9.82
2422,Product_2422,Category_10,4.34,1.96
2423,Product_2423,Category_18,107.31,1.76
2424,Product_2424,Category_18,378.97,1.76
2425,Product_2425,Category_13,18.92,9.82
2426,Product_2426,Category_4,58.58,7.07
2427,Product_2427,Category_20,177.73,7.01
2428,Product_2428,Category_7,163.81,15.23
2429,Product_2429,Category_17,352.13,8.62
2430,Product_2430,Category_16,459.69,10.21
2431,Product_2431,Category_18,74.00,1.76
2432,Product_2432,Category_14,448.53,18.89
2433,Product_2433,Category_15,426.56,5.71
2434,Product_2434,Category_9,347.85,17.02
2435,Product_2435,Category_11,75.34,2.04
2436,Product_2436,Category_1,27.30,1.59
2437,Product_2437,Category_18,495.23,1.76
2438,Product_2438,Category_20,92.37,7.01
2439,Product_2439,Category_11,313.00,2.04
2440,Product_2440,Category_16,120.73,10.21
2441,Product_2441,Category_7,349.17,15.23
2442,Product_2442,Category_19,237.10,12.09
2443,Product_2443,Category_18,160.95,1.76
2444,Product_2444,Category_18,260.24,1.76
2445,Product_2445,Category_11,244.73,2.04
2446,Product_2446,Category_20,171.99,7.01
2447,Product_2447,Category_15,137.34,5.71
2448,Product_2448,Category_11,237.11,2.04
2449,Product_2449,Category_9,235.47,17.02
2450,Product_2450,Category_17,82.75,8.62
2451,Product_2451,Category_1,146.25,1.59
2452,Product_2452,Category_15,417.69,5.71
2453,Product_2453,Category_13,17.57,9.82
2454,Product_2454,Category_1,139.57,1.59
2455,Product_2455,Category_17,204.91,8.62
2456,Product_2456,Category_3,453.67,9.60
2457,Product_2457,Category_6,499.79,10.37
2458,Product_2458,Category_12,475.97,16.64
2459,Product_2459,Category_19,34.41,12.09
2460,Product_2460,Category_6,44.71,10.37
2461,Product_2461,Category_17,27.92,8.62
2462,Product_2462,Category_2,485.05,5.19
2463,Product_2463,Category_10,387.25,1.96
2464,Product_2464,Category_9,206.14,17.02
2465,Product_2465,Category_8,390.87,4.87
2466,Product_2466,Category_19,43.70,12.09
2467,Product_2467,Category_5,122.86,15.25
2468,Product_2468,Category_2,304.63,5.19
2469,Product_2469,Category_12,264.38,16.64
2470,Product_2470,Category_11,433.25,2.04
2471,Product_2471,Category_12,346.91,16.64
2472,Product_2472,Category_15,385.42,5.71
2473,Product_2473,Category_6,342.05,10.37
2474,Product_2474,Category_11,289.13,2.04
2475,Product_2475,Category_11,2.69,2.04
2476,Product_2476,Category_8,355.43,4.87
2477,Product_2477,Category_1,38.43,1.59
2478,Product_2478,Category_14,80.96,18.89
2479,Product_2479,Category_5,24.01,15.25
2480,Product_2480,Category_19,434.65,12.09
2481,Product_2481,Category_5,171.79,15.25
2482,Product_2482,Category_2,143.80,5.19
2483,Product_2483,Category_5,419.04,15.25
2484,Product_2484,Category_15,236.40,5.71
2485,Product_2485,Category_9,156.44,17.02
2486,Product_2486,Category_10,106.42,1.96
2487,Product_2487,Category_2,221.68,5.19
2488,Product_2488,Category_6,327.36,10.37
2489,Product_2489,Category_7,201.76,15.23
2490,Product_2490,Category_9,326.75,17.02
2491,Product_2491,Category_14,234.83,18.89
2492,Product_2492,Category_6,325.15,10.37
2493,Product_2493,Category_19,317.57,12.09
2494,Product_2494,Category_2,278.00,5.19
2495,Product_2495,Category_3,50.15,9.60
2496,Product_2496,Category_14,430.39,18.89
2497,Product_2497,Category_19,330.43,12.09
2498,Product_2498,Category_8,24.13,4.87
2499,Product_2499,Category_20,368.62,7.01
2500,Product_2500,Category_5,327.45,15.25
2501,Product_2501,Category_13,315.43,9.82
2502,Product_2502,Category_14,236.07,18.89
2503,Product_2503,Category_11,374.18,2.04
2504,Product_2504,Category_17,90.22,8.62
2505,Product_2505,Category_6,90.10,10.37
2506,Product_2506,Category_5,159.48,15.25
2507,Product_2507,Category_5,65.83,15.25
2508,Product_2508,Category_6,173.86,10.37
2509,Product_2509,Category_8,75.75,4.87
2510,Product_2510,Category_20,344.54,7.01
2511,Product_2511,Category_4,130.95,7.07
2512,Product_2512,Category_19,314.43,12.09
2513,Product_2513,Category_10,226.71,1.96
2514,Product_2514,Category_5,107.50,15.25
2515,Product_2515,Category_3,327.99,9.60
2516,Product_2516,Category_8,203.58,4.87
2517,Product_2517,Category_4,244.82,7.07
2518,Product_2518,Category_7,57.30,15.23
2519,Product_2519,Category_10,301.30,1.96
2520,Product_2520,Category_17,385.26,8.62
2521,Product_2521,Category_11,350.68,2.04
2522,Product_2522,Category_3,173.07,9.60
2523,Product_2523,Category_18,373.35,1.76
2524,Product_2524,Category_14,53.69,18.89
2525,Product_2525,Category_3,121.25,9.60
2526,Product_2526,Category_3,209.71,9.60
2527,Product_2527,Category_6,431.44,10.37
2528,Product_2528,Category_10,184.14,1.96
2529,Product_2529,Category_19,438.18,12.09
2530,Product_2530,Category_9,443.94,17.02
2531,Product_2531,Category_9,341.97,17.02
2532,Product_2532,Category_9,16.05,17.02
2533,Product_2533,Category_20,360.15,7.01
2534,Product_2534,Category_20,163.69,7.01
2535,Product_2535,Category_19,467.46,12.09
2536,Product_2536,Category_13,18.19,9.82
2537,Product_2537,Category_5,335.27,15.25
2538,Product_2538,Category_3,492.56,9.60
2539,Product_2539,Category_17,188.45,8.62
2540,Product_2540,Category_17,467.96,8.62
2541,Product_2541,Category_15,254.22,5.71
2542,Product_2542,Category_3,38.74,9.60
2543,Product_2543,Category_17,463.87,8.62
2544,Product_2544,Category_1,190.17,1.59
2545,Product_2545,Category_18,70.16,1.76
2546,Product_2546,Category_15,245.06,5.71
2547,Product_2547,Category_5,281.52,15.25
2548,Product_2548,Category_14,285.00,18.89
2549,Product_2549,Category_7,456.59,15.23
2550,Product_2550,Category_17,244.78,8.62
2551,Product_2551,Category_6,142.85,10.37
2552,Product_2552,Category_9,429.61,17.02
2553,Product_2553,Category_17,335.12,8.62
2554,Product_2554,Category_16,6.80,10.21
2555,Product_2555,Category_1,88.31,1.59
2556,Product_2556,Category_8,364.80,4.87
2557,Product_2557,Category_19,235.49,12.09
2558,Product_2558,Category_9,162.26,17.02
2559,Product_2559,Category_12,201.06,16.64
2560,Product_2560,Category_11,208.28,2.04
2561,Product_2561,Category_7,20.75,15.23
2562,Product_2562,Category_14,301.67,18.89
2563,Product_2563,Category_12,19.53,16.64
2564,Product_2564,Category_6,366.42,10.37
2565,Product_2565,Category_15,437.41,5.71
2566,Product_2566,Category_18,293.37,1.76
2567,Product_2567,Category_4,271.20,7.07
2568,Product_2568,Category_20,231.82,7.01
2569,Product_2569,Category_1,110.72,1.59
2570,Product_2570,Category_9,125.69,17.02
2571,Product_2571,Category_5,454.33,15.25
2572,Product_2572,Category_12,102.28,16.64
2573,Product_2573,Category_18,313.82,1.76
2574,Product_2574,Category_14,15.38,18.89
2575,Product_2575,Category_16,318.64,10.21
2576,Product_2576,Category_5,70.77,15.25
2577,Product_2577,Category_7,309.15,15.23
2578,Product_2578,Category_1,88.00,1.59
2579,Product_2579,Category_11,9.93,2.04
2580,Product_2580,Category_20,57.59,7.01
2581,Product_2581,Category_20,173.68,7.01
2582,Product_2582,Category_11,317.55,2.04
2583,Product_2583,Category_4,76.32,7.07
2584,Product_2584,Category_20,269.57,7.01
2585,Product_2585,Category_3,196.95,9.60
2586,Product_2586,Category_12,354.04,16.64
2587,Product_2587,Category_10,283.04,1.96
2588,Product_2588,Category_8,55.99,4.87
2589,Product_2589,Category_12,363.43,16.64
2590,Product_2590,Category_10,214.88,1.96
2591,Product_2591,Category_18,84.80,1.76
2592,Product_2592,Category_10,250.77,1.96
2593,Product_2593,Category_5,137.85,15.25
2594,Product_2594,Category_11,396.56,2.04
2595,Product_2595,Category_10,441.38,1.96
2596,Product_2596,Category_3,471.34,9.60
2597,Product_2597,Category_14,388.13,18.89
2598,Product_2598,Category_9,205.94,17.02
2599,Product_2599,Category_20,215.08,7.01
2600,Product_2600,Category_6,91.50,10.37
2601,Product_2601,Category_7,127.15,15.23
2602,Product_2602,Category_14,405.66,18.89
2603,Product_2603,Category_10,448.48,1.96
2604,Product_2604,Category_6,71.74,10.37
2605,Product_2605,Category_19,273.69,12.09
2606,Product_2606,Category_16,458.92,10.21
2607,Product_2607,Category_14,54.06,18.89
2608,Product_2608,Category_10,287.06,1.96
2609,Product_2609,Category_8,122.66,4.87
2610,Product_2610,Category_16,296.71,10.21
2611,Product_2611,Category_15,72.33,5.71
2612,Product_2612,Category_20,168.77,7.01
2613,Product_2613,Category_7,246.95,15.23
2614,Product_2614,Category_5,295.48,15.25
2615,Product_2615,Category_18,257.90,1.76
2616,Product_2616,Category_1,94.27,1.59
2617,Product_2617,Category_2,378.59,5.19
2618,Product_2618,Category_6,370.36,10.37
2619,Product_2619,Category_4,69.08,7.07
2620,Product_2620,Category_14,397.80,18.89
2621,Product_2621,Category_19,213.42,12.09
2622,Product_2622,Category_3,63.37,9.60
2623,Product_2623,Category_19,391.12,12.09
2624,Product_2624,Category_13,329.10,9.82
2625,Product_2625,Category_9,20.30,17.02
2626,Product_2626,Category_11,166.33,2.04
2627,Product_2627,Category_14,278.29,18.89
2628,Product_2628,Category_6,38.65,10.37
2629,Product_2629,Category_3,233.07,9.60
2630,Product_2630,Category_6,269.88,10.37
2631,Product_2631,Category_8,62.37,4.87
2632,Product_2632,Category_15,410.17,5.71
2633,Product_2633,Category_3,217.73,9.60
2634,Product_2634,Category_14,432.42,18.89
2635,Product_2635,Category_16,357.95,10.21
2636,Product_2636,Category_11,155.65,2.04
2637,Product_2637,Category_9,160.33,17.02
2638,Product_2638,Category_20,403.86,7.01
2639,Product_2639,Category_2,266.41,5.19
2640,Product_2640,Category_6,144.41,10.37
2641,Product_2641,Category_18,496.99,1.76
2642,Product_2642,Category_9,100.55,17.02
2643,Product_2643,Category_6,401.08,10.37
2644,Product_2644,Category_3,61.13,9.60
2645,Product_2645,Category_10,207.62,1.96
2646,Product_2646,Category_10,36.54,1.96
2647,Product_2647,Category_8,85.67,4.87
2648,Product_2648,Category_12,48.17,16.64
2649,Product_2649,Category_18,74.69,1.76
2650,Product_2650,Category_8,194.62,4.87
2651,Product_2651,Category_19,363.41,12.09
2652,Product_2652,Category_3,22.28,9.60
2653,Product_2653,Category_9,353.19,17.02
2654,Product_2654,Category_20,302.79,7.01
2655,Product_2655,Category_4,119.82,7.07
2656,Product_2656,Category_7,170.19,15.23
2657,Product_2657,Category_15,363.36,5.71
2658,Product_2658,Category_10,19.08,1.96
2659,Product_2659,Category_7,322.26,15.23
2660,Product_2660,Category_9,392.55,17.02
2661,Product_2661,Category_17,112.62,8.62
2662,Product_2662,Category_5,480.87,15.25
2663,Product_2663,Category_12,140.45,16.64
2664,Product_2664,Category_10,398.25,1.96
2665,Product_2665,Category_8,426.67,4.87
2666,Product_2666,Category_2,302.21,5.19
2667,Product_2667,Category_11,62.61,2.04
2668,Product_2668,Category_5,136.60,15.25
2669,Product_2669,Category_7,136.67,15.23
2670,Product_2670,Category_9,218.45,17.02
2671,Product_2671,Category_5,105.52,15.25
2672,Product_2672,Category_14,84.55,18.89
2673,Product_2673,Category_11,89.93,2.04
2674,Product_2674,Category_13,366.85,9.82
2675,Product_2675,Category_8,326.34,4.87
2676,Product_2676,Category_3,133.83,9.60
2677,Product_2677,Category_4,229.84,7.07
2678,Product_2678,Category_12,59.86,16.64
2679,Product_2679,Category_3,398.64,9.60
2680,Product_2680,Category_11,430.44,2.04
2681,Product_2681,Category_4,33.56,7.07
2682,Product_2682,Category_4,381.21,7.07
2683,Product_2683,Category_18,417.90,1.76
2684,Product_2684,Category_15,208.35,5.71
2685,Product_2685,Category_11,265.96,2.04
2686,Product_2686,Category_4,267.18,7.07
2687,Product_2687,Category_9,309.25,17.02
2688,Product_2688,Category_14,35.64,18.89
2689,Product_2689,Category_8,211.01,4.87
2690,Product_2690,Category_6,406.28,10.37
2691,Product_2691,Category_18,57.60,1.76
2692,Product_2692,Category_17,389.45,8.62
2693,Product_2693,Category_9,200.90,17.02
2694,Product_2694,Category_20,294.67,7.01
2695,Product_2695,Category_13,118.67,9.82
2696,Product_2696,Category_9,385.20,17.02
2697,Product_2697,Category_2,307.95,5.19
2698,Product_2698,Category_4,314.22,7.07
2699,Product_2699,Category_14,274.31,18.89
2700,Product_2700,Category_5,68.79,15.25
2701,Product_2701,Category_17,478.92,8.62
2702,Product_2702,Category_5,4.81,15.25
2703,Product_2703,Category_11,132.82,2.04
2704,Product_2704,Category_13,171.16,9.82
2705,Product_2705,Category_18,353.50,1.76
2706,Product_2706,Category_6,243.85,10.37
2707,Product_2707,Category_6,104.56,10.37
2708,Product_2708,Category_11,276.22,2.04
2709,Product_2709,Category_14,201.61,18.89
2710,Product_2710,Category_19,42.60,12.09
2711,Product_2711,Category_1,416.84,1.59
2712,Product_2712,Category_12,473.62,16.64
2713,Product_2713,Category_11,310.44,2.04
2714,Product_2714,Category_17,68.29,8.62
2715,Product_2715,Category_3,117.93,9.60
2716,Product_2716,Category_11,44.25,2.04
2717,Product_2717,Category_8,393.79,4.87
2718,Product_2718,Category_4,300.05,7.07
2719,Product_2719,Category_5,322.04,15.25
2720,Product_2720,Category_13,189.37,9.82
2721,Product_2721,Category_1,233.79,1.59
2722,Product_2722,Category_5,312.26,15.25
2723,Product_2723,Category_4,34.72,7.07
2724,Product_2724,Category_17,247.62,8.62
2725,Product_2725,Category_12,423.89,16.64
2726,Product_2726,Category_7,465.16,15.23
2727,Product_2727,Category_9,119.59,17.02
2728,Product_2728,Category_16,33.28,10.21
2729,Product_2729,Category_6,2.82,10.37
2730,Product_2730,Category_1,321.98,1.59
2731,Product_2731,Category_10,452.64,1.96
2732,Product_2732,Category_11,173.83,2.04
2733,Product_2733,Category_19,96.31,12.09
2734,Product_2734,Category_7,104.49,15.23
2735,Product_2735,Category_2,268.97,5.19
2736,Product_2736,Category_13,12.64,9.82
2737,Product_2737,Category_17,409.26,8.62
2738,Product_2738,Category_10,365.78,1.96
2739,Product_2739,Category_13,289.38,9.82
2740,Product_2740,Category_10,39.49,1.96
2741,Product_2741,Category_7,164.25,15.23
2742,Product_2742,Category_20,33.89,7.01
2743,Product_2743,Category_2,394.97,5.19
2744,Product_2744,Category_3,19.44,9.60
2745,Product_2745,Category_4,325.54,7.07
2746,Product_2746,Category_20,398.88,7.01
2747,Product_2747,Category_8,301.84,4.87
2748,Product_2748,Category_2,272.61,5.19
2749,Product_2749,Category_20,470.46,7.01
2750,Product_2750,Category_13,174.72,9.82
2751,Product_2751,Category_20,157.43,7.01
2752,Product_2752,Category_5,365.59,15.25
2753,Product_2753,Category_2,174.73,5.19
2754,Product_2754,Category_8,458.77,4.87
2755,Product_2755,Category_8,35.67,4.87
2756,Product_2756,Category_15,170.37,5.71
2757,Product_2757,Category_4,314.50,7.07
2758,Product_2758,Category_2,381.57,5.19
2759,Product_2759,Category_14,138.15,18.89
2760,Product_2760,Category_5,343.26,15.25
2761,Product_2761,Category_1,116.17,1.59
2762,Product_2762,Category_17,239.18,8.62
2763,Product_2763,Category_7,402.91,15.23
2764,Product_2764,Category_3,464.24,9.60
2765,Product_2765,Category_4,190.44,7.07
2766,Product_2766,Category_18,65.60,1.76
2767,Product_2767,Category_9,114.83,17.02
2768,Product_2768,Category_7,380.93,15.23
2769,Product_2769,Category_6,41.11,10.37
2770,Product_2770,Category_19,114.48,12.09
2771,Product_2771,Category_16,250.63,10.21
2772,Product_2772,Category_14,84.64,18.89
2773,Product_2773,Category_5,343.85,15.25
2774,Product_2774,Category_15,36.72,5.71
2775,Product_2775,Category_8,248.62,4.87
2776,Product_2776,Category_12,480.09,16.64
2777,Product_2777,Category_17,457.55,8.62
2778,Product_2778,Category_1,426.56,1.59
2779,Product_2779,Category_11,302.32,2.04
2780,Product_2780,Category_16,138.71,10.21
2781,Product_2781,Category_20,85.18,7.01
2782,Product_2782,Category_17,118.94,8.62
2783,Product_2783,Category_10,355.89,1.96
2784,Product_2784,Category_10,244.48,1.96
2785,Product_2785,Category_2,233.02,5.19
2786,Product_2786,Category_19,408.85,12.09
2787,Product_2787,Category_7,183.63,15.23
2788,Product_2788,Category_9,207.60,17.02
2789,Product_2789,Category_12,254.81,16.64
2790,Product_2790,Category_19,457.73,12.09
2791,Product_2791,Category_11,172.74,2.04
2792,Product_2792,Category_1,446.52,1.59
2793,Product_2793,Category_14,405.90,18.89
2794,Product_2794,Category_3,367.64,9.60
2795,Product_2795,Category_5,53.52,15.25
2796,Product_2796,Category_19,402.02,12.09
2797,Product_2797,Category_9,279.02,17.02
2798,Product_2798,Category_18,163.40,1.76
2799,Product_2799,Category_8,476.89,4.87
2800,Product_2800,Category_3,190.04,9.60
2801,Product_2801,Category_12,301.32,16.64
2802,Product_2802,Category_9,82.01,17.02
2803,Product_2803,Category_1,373.38,1.59
2804,Product_2804,Category_13,306.70,9.82
2805,Product_2805,Category_9,398.94,17.02
2806,Product_2806,Category_14,150.70,18.89
2807,Product_2807,Category_3,489.94,9.60
2808,Product_2808,Category_11,456.81,2.04
2809,Product_2809,Category_19,127.22,12.09
2810,Product_2810,Category_3,497.29,9.60
2811,Product_2811,Category_16,66.56,10.21
2812,Product_2812,Category_20,120.09,7.01
2813,Product_2813,Category_3,490.29,9.60
2814,Product_2814,Category_19,464.02,12.09
2815,Product_2815,Category_20,354.90,7.01
2816,Product_2816,Category_20,483.11,7.01
2817,Product_2817,Category_7,4.91,15.23
2818,Product_2818,Category_17,274.17,8.62
2819,Product_2819,Category_3,286.96,9.60
2820,Product_2820,Category_1,150.98,1.59
2821,Product_2821,Category_16,20.24,10.21
2822,Product_2822,Category_19,145.35,12.09
2823,Product_2823,Category_14,127.90,18.89
2824,Product_2824,Category_7,99.75,15.23
2825,Product_2825,Category_12,154.00,16.64
2826,Product_2826,Category_5,431.09,15.25
2827,Product_2827,Category_7,110.08,15.23
2828,Product_2828,Category_1,140.34,1.59
2829,Product_2829,Category_3,78.73,9.60
2830,Product_2830,Category_2,327.72,5.19
2831,Product_2831,Category_12,464.10,16.64
2832,Product_2832,Category_3,6.53,9.60
2833,Product_2833,Category_13,335.71,9.82
2834,Product_2834,Category_6,334.10,10.37
2835,Product_2835,Category_3,492.27,9.60
2836,Product_2836,Category_18,439.88,1.76
2837,Product_2837,Category_14,333.70,18.89
2838,Product_2838,Category_8,465.30,4.87
2839,Product_2839,Category_15,314.72,5.71
2840,Product_2840,Category_4,161.07,7.07
2841,Product_2841,Category_3,396.94,9.60
2842,Product_2842,Category_15,33.39,5.71
2843,Product_2843,Category_17,448.23,8.62
2844,Product_2844,Category_19,9.31,12.09
2845,Product_2845,Category_10,484.02,1.96
2846,Product_2846,Category_13,324.42,9.82
2847,Product_2847,Category_5,259.51,15.25
2848,Product_2848,Category_7,224.62,15.23
2849,Product_2849,Category_18,73.88,1.76
2850,Product_2850,Category_18,15.08,1.76
2851,Product_2851,Category_8,77.63,4.87
2852,Product_2852,Category_17,492.17,8.62
2853,Product_2853,Category_2,227.50,5.19
2854,Product_2854,Category_18,142.13,1.76
2855,Product_2855,Category_2,368.58,5.19
2856,Product_2856,Category_11,328.35,2.04
2857,Product_2857,Category_11,288.70,2.04
2858,Product_2858,Category_8,314.38,4.87
2859,Product_2859,Category_8,167.21,4.87
2860,Product_2860,Category_15,339.12,5.71
2861,Product_2861,Category_8,353.98,4.87
2862,Product_2862,Category_4,466.32,7.07
2863,Product_2863,Category_15,411.15,5.71
2864,Product_2864,Category_19,161.95,12.09
2865,Product_2865,Category_10,23.75,1.96
2866,Product_2866,Category_11,393.39,2.04
2867,Product_2867,Category_6,190.32,10.37
2868,Product_2868,Category_7,215.62,15.23
2869,Product_2869,Category_17,382.38,8.62
2870,Product_2870,Category_9,196.16,17.02
2871,Product_2871,Category_1,113.55,1.59
2872,Product_2872,Category_14,352.86,18.89
2873,Product_2873,Category_14,440.24,18.89
2874,Product_2874,Category_19,217.64,12.09
2875,Product_2875,Category_18,66.80,1.76
2876,Product_2876,Category_4,396.15,7.07
2877,Product_2877,Category_13,116.66,9.82
2878,Product_2878,Category_5,446.50,15.25
2879,Product_2879,Category_13,493.96,9.82
2880,Product_2880,Category_9,262.73,17.02
2881,Product_2881,Category_18,398.50,1.76
2882,Product_2882,Category_14,143.76,18.89
2883,Product_2883,Category_16,300.77,10.21
2884,Product_2884,Category_9,73.85,17.02
2885,Product_2885,Category_3,67.12,9.60
2886,Product_2886,Category_20,39.40,7.01
2887,Product_2887,Category_3,383.23,9.60
2888,Product_2888,Category_16,98.09,10.21
2889,Product_2889,Category_7,413.22,15.23
2890,Product_2890,Category_5,278.44,15.25
2891,Product_2891,Category_18,386.54,1.76
2892,Product_2892,Category_6,376.21,10.37
2893,Product_2893,Category_4,59.32,7.07
2894,Product_2894,Category_3,245.00,9.60
2895,Product_2895,Category_15,378.50,5.71
2896,Product_2896,Category_3,499.38,9.60
2897,Product_2897,Category_6,291.25,10.37
2898,Product_2898,Category_20,356.47,7.01
2899,Product_2899,Category_10,255.60,1.96
2900,Product_2900,Category_5,359.76,15.25
2901,Product_2901,Category_13,290.55,9.82
2902,Product_2902,Category_18,52.48,1.76
2903,Product_2903,Category_11,81.41,2.04
2904,Product_2904,Category_13,368.91,9.82
2905,Product_2905,Category_5,23.61,15.25
2906,Product_2906,Category_19,21.18,12.09
2907,Product_2907,Category_6,357.71,10.37
2908,Product_2908,Category_12,213.76,16.64
2909,Product_2909,Category_8,189.59,4.87
2910,Product_2910,Category_7,188.06,15.23
2911,Product_2911,Category_8,270.09,4.87
2912,Product_2912,Category_16,409.18,10.21
2913,Product_2913,Category_15,107.35,5.71
2914,Product_2914,Category_15,152.31,5.71
2915,Product_2915,Category_13,51.52,9.82
2916,Product_2916,Category_10,221.37,1.96
2917,Product_2917,Category_7,332.47,15.23
2918,Product_2918,Category_6,473.68,10.37
2919,Product_2919,Category_17,251.73,8.62
2920,Product_2920,Category_10,66.45,1.96
2921,Product_2921,Category_5,321.10,15.25
2922,Product_2922,Category_17,106.20,8.62
2923,Product_2923,Category_13,449.18,9.82
2924,Product_2924,Category_1,455.41,1.59
2925,Product_2925,Category_11,156.12,2.04
2926,Product_2926,Category_4,49.05,7.07
2927,Product_2927,Category_17,413.34,8.62
2928,Product_2928,Category_14,83.46,18.89
2929,Product_2929,Category_13,258.29,9.82
2930,Product_2930,Category_16,180.19,10.21
2931,Product_2931,Category_12,492.84,16.64
2932,Product_2932,Category_5,135.47,15.25
2933,Product_2933,Category_8,13.35,4.87
2934,Product_2934,Category_20,320.30,7.01
2935,Product_2935,Category_2,369.53,5.19
2936,Product_2936,Category_15,492.46,5.71
2937,Product_2937,Category_20,348.02,7.01
2938,Product_2938,Category_2,71.40,5.19
2939,Product_2939,Category_10,402.44,1.96
2940,Product_2940,Category_8,486.27,4.87
2941,Product_2941,Category_12,161.02,16.64
2942,Product_2942,Category_11,78.07,2.04
2943,Product_2943,Category_12,466.89,16.64
2944,Product_2944,Category_7,265.30,15.23
2945,Product_2945,Category_7,215.16,15.23
2946,Product_2946,Category_1,413.90,1.59
2947,Product_2947,Category_10,344.22,1.96
2948,Product_2948,Category_9,229.69,17.02
2949,Product_2949,Category_3,429.94,9.60
2950,Product_2950,Category_18,367.05,1.76
2951,Product_2951,Category_3,298.03,9.60
2952,Product_2952,Category_9,355.38,17.02
2953,Product_2953,Category_2,64.11,5.19
2954,Product_2954,Category_16,42.99,10.21
2955,Product_2955,Category_6,190.43,10.37
2956,Product_2956,Category_8,136.01,4.87
2957,Product_2957,Category_15,61.68,5.71
2958,Product_2958,Category_20,419.35,7.01
2959,Product_2959,Category_19,273.39,12.09
2960,Product_2960,Category_17,172.51,8.62
2961,Product_2961,Category_7,365.85,15.23
2962,Product_2962,Category_13,385.60,9.82
2963,Product_2963,Category_16,325.92,10.21
2964,Product_2964,Category_9,162.64,17.02
2965,Product_2965,Category_10,312.36,1.96
2966,Product_2966,Category_10,31.75,1.96
2967,Product_2967,Category_5,333.05,15.25
2968,Product_2968,Category_14,336.26,18.89
2969,Product_2969,Category_2,250.49,5.19
2970,Product_2970,Category_14,191.78,18.89
2971,Product_2971,Category_19,114.72,12.09
2972,Product_2972,Category_5,358.97,15.25
2973,Product_2973,Category_11,469.30,2.04
2974,Product_2974,Category_19,407.35,12.09
2975,Product_2975,Category_14,1.44,18.89
2976,Product_2976,Category_4,322.26,7.07
2977,Product_2977,Category_3,492.48,9.60
2978,Product_2978,Category_3,41.46,9.60
2979,Product_2979,Category_16,494.29,10.21
2980,Product_2980,Category_3,278.11,9.60
2981,Product_2981,Category_1,101.13,1.59
2982,Product_2982,Category_11,52.25,2.04
2983,Product_2983,Category_1,332.09,1.59
2984,Product_2984,Category_16,363.96,10.21
2985,Product_2985,Category_5,259.91,15.25
2986,Product_2986,Category_13,348.27,9.82
2987,Product_2987,Category_1,146.98,1.59
2988,Product_2988,Category_3,16.31,9.60
2989,Product_2989,Category_15,370.05,5.71
2990,Product_2990,Category_19,3.21,12.09
2991,Product_2991,Category_9,85.55,17.02
2992,Product_2992,Category_14,497.57,18.89
2993,Product_2993,Category_3,464.54,9.60
2994,Product_2994,Category_7,170.71,15.23
2995,Product_2995,Category_11,221.31,2.04
2996,Product_2996,Category_6,216.87,10.37
2997,Product_2997,Category_7,152.01,15.23
2998,Product_2998,Category_3,8.30,9.60
2999,Product_2999,Category_5,439.41,15.25
3000,Product_3000,Category_11,385.77,2.04
3001,Product_3001,Category_19,191.82,12.09
3002,Product_3002,Category_9,427.48,17.02
3003,Product_3003,Category_7,14.61,15.23
3004,Product_3004,Category_15,205.60,5.71
3005,Product_3005,Category_2,212.92,5.19
3006,Product_3006,Category_20,145.04,7.01
3007,Product_3007,Category_6,25.56,10.37
3008,Product_3008,Category_3,469.54,9.60
3009,Product_3009,Category_5,343.66,15.25
3010,Product_3010,Category_9,214.85,17.02
3011,Product_3011,Category_9,199.01,17.02
3012,Product_3012,Category_2,191.61,5.19
3013,Product_3013,Category_1,291.30,1.59
3014,Product_3014,Category_19,363.51,12.09
3015,Product_3015,Category_13,205.03,9.82
3016,Product_3016,Category_16,458.24,10.21
3017,Product_3017,Category_15,366.93,5.71
3018,Product_3018,Category_15,349.56,5.71
3019,Product_3019,Category_20,464.18,7.01
3020,Product_3020,Category_9,365.16,17.02
3021,Product_3021,Category_5,63.84,15.25
3022,Product_3022,Category_6,328.69,10.37
3023,Product_3023,Category_16,408.92,10.21
3024,Product_3024,Category_6,30.65,10.37
3025,Product_3025,Category_13,230.27,9.82
3026,Product_3026,Category_4,437.30,7.07
3027,Product_3027,Category_15,243.48,5.71
3028,Product_3028,Category_19,303.72,12.09
3029,Product_3029,Category_12,401.57,16.64
3030,Product_3030,Category_4,351.57,7.07
3031,Product_3031,Category_19,430.14,12.09
3032,Product_3032,Category_19,158.61,12.09
3033,Product_3033,Category_20,177.54,7.01
3034,Product_3034,Category_17,87.03,8.62
3035,Product_3035,Category_6,285.75,10.37
3036,Product_3036,Category_9,197.71,17.02
3037,Product_3037,Category_5,200.19,15.25
3038,Product_3038,Category_11,176.31,2.04
3039,Product_3039,Category_13,444.30,9.82
3040,Product_3040,Category_18,224.39,1.76
3041,Product_3041,Category_20,483.09,7.01
3042,Product_3042,Category_15,427.78,5.71
3043,Product_3043,Category_10,38.75,1.96
3044,Product_3044,Category_16,389.33,10.21
3045,Product_3045,Category_11,224.40,2.04
3046,Product_3046,Category_10,74.70,1.96
3047,Product_3047,Category_9,265.56,17.02
3048,Product_3048,Category_13,171.91,9.82
3049,Product_3049,Category_18,462.51,1.76
3050,Product_3050,Category_10,211.91,1.96
3051,Product_3051,Category_11,331.46,2.04
3052,Product_3052,Category_5,384.59,15.25
3053,Product_3053,Category_13,304.60,9.82
3054,Product_3054,Category_8,313.48,4.87
3055,Product_3055,Category_6,371.86,10.37
3056,Product_3056,Category_12,279.89,16.64
3057,Product_3057,Category_8,84.41,4.87
3058,Product_3058,Category_6,120.00,10.37
3059,Product_3059,Category_4,464.69,7.07
3060,Product_3060,Category_11,496.79,2.04
3061,Product_3061,Category_11,274.00,2.04
3062,Product_3062,Category_9,86.46,17.02
3063,Product_3063,Category_10,193.65,1.96
3064,Product_3064,Category_5,330.73,15.25
3065,Product_3065,Category_12,463.09,16.64
3066,Product_3066,Category_18,272.97,1.76
3067,Product_3067,Category_11,468.94,2.04
3068,Product_3068,Category_4,158.74,7.07
3069,Product_3069,Category_8,353.20,4.87
3070,Product_3070,Category_15,206.03,5.71
3071,Product_3071,Category_6,494.27,10.37
3072,Product_3072,Category_17,188.10,8.62
3073,Product_3073,Category_11,169.20,2.04
3074,Product_3074,Category_16,289.01,10.21
3075,Product_3075,Category_12,102.55,16.64
3076,Product_3076,Category_6,449.05,10.37
3077,Product_3077,Category_13,60.61,9.82
3078,Product_3078,Category_4,53.59,7.07
3079,Product_3079,Category_4,68.96,7.07
3080,Product_3080,Category_12,120.82,16.64
3081,Product_3081,Category_9,239.92,17.02
3082,Product_3082,Category_18,331.02,1.76
3083,Product_3083,Category_14,154.89,18.89
3084,Product_3084,Category_5,227.23,15.25
3085,Product_3085,Category_5,116.29,15.25
3086,Product_3086,Category_10,87.37,1.96
3087,Product_3087,Category_5,70.02,15.25
3088,Product_3088,Category_20,123.02,7.01
3089,Product_3089,Category_9,276.28,17.02
3090,Product_3090,Category_17,313.20,8.62
3091,Product_3091,Category_13,237.40,9.82
3092,Product_3092,Category_20,487.97,7.01
3093,Product_3093,Category_8,463.79,4.87
3094,Product_3094,Category_19,347.50,12.09
3095,Product_3095,Category_3,212.35,9.60
3096,Product_3096,Category_5,170.04,15.25
3097,Product_3097,Category_2,153.23,5.19
3098,Product_3098,Category_1,426.98,1.59
3099,Product_3099,Category_5,400.75,15.25
3100,Product_3100,Category_14,212.76,18.89
3101,Product_3101,Category_16,143.58,10.21
3102,Product_3102,Category_7,90.62,15.23
3103,Product_3103,Category_2,39.00,5.19
3104,Product_3104,Category_1,91.03,1.59
3105,Product_3105,Category_17,384.00,8.62
3106,Product_3106,Category_20,308.77,7.01
3107,Product_3107,Category_8,286.77,4.87
3108,Product_3108,Category_9,80.89,17.02
3109,Product_3109,Category_16,449.29,10.21
3110,Product_3110,Category_13,144.77,9.82
3111,Product_3111,Category_6,266.56,10.37
3112,Product_3112,Category_20,73.93,7.01
3113,Product_3113,Category_1,0.41,1.59
3114,Product_3114,Category_5,196.47,15.25
3115,Product_3115,Category_1,359.92,1.59
3116,Product_3116,Category_3,291.65,9.60
3117,Product_3117,Category_17,313.54,8.62
3118,Product_3118,Category_9,234.69,17.02
3119,Product_3119,Category_8,436.14,4.87
3120,Product_3120,Category_7,347.09,15.23
3121,Product_3121,Category_10,399.24,1.96
3122,Product_3122,Category_1,164.30,1.59
3123,Product_3123,Category_6,54.46,10.37
3124,Product_3124,Category_3,239.15,9.60
3125,Product_3125,Category_9,81.39,17.02
3126,Product_3126,Category_3,63.15,9.60
3127,Product_3127,Category_16,145.89,10.21
3128,Product_3128,Category_5,290.55,15.25
3129,Product_3129,Category_12,423.44,16.64
3130,Product_3130,Category_3,474.61,9.60
3131,Product_3131,Category_20,483.26,7.01
3132,Product_3132,Category_7,67.36,15.23
3133,Product_3133,Category_19,450.63,12.09
3134,Product_3134,Category_4,374.75,7.07
3135,Product_3135,Category_11,387.80,2.04
3136,Product_3136,Category_2,119.73,5.19
3137,Product_3137,Category_4,221.79,7.07
3138,Product_3138,Category_17,494.16,8.62
3139,Product_3139,Category_19,458.06,12.09
3140,Product_3140,Category_6,188.06,10.37
3141,Product_3141,Category_16,337.15,10.21
3142,Product_3142,Category_17,359.45,8.62
3143,Product_3143,Category_15,479.97,5.71
3144,Product_3144,Category_3,291.14,9.60
3145,Product_3145,Category_16,52.42,10.21
3146,Product_3146,Category_13,116.39,9.82
3147,Product_3147,Category_18,394.74,1.76
3148,Product_3148,Category_18,373.47,1.76
3149,Product_3149,Category_18,338.12,1.76
3150,Product_3150,Category_1,165.73,1.59
3151,Product_3151,Category_18,470.34,1.76
3152,Product_3152,Category_18,11.36,1.76
3153,Product_3153,Category_19,128.67,12.09
3154,Product_3154,Category_8,316.61,4.87
3155,Product_3155,Category_17,164.62,8.62
3156,Product_3156,Category_15,345.87,5.71
3157,Product_3157,Category_12,106.22,16.64
3158,Product_3158,Category_7,310.08,15.23
3159,Product_3159,Category_10,113.08,1.96
3160,Product_3160,Category_16,97.09,10.21
3161,Product_3161,Category_4,72.47,7.07
3162,Product_3162,Category_9,126.04,17.02
3163,Product_3163,Category_4,212.67,7.07
3164,Product_3164,Category_2,117.26,5.19
3165,Product_3165,Category_9,386.25,17.02
3166,Product_3166,Category_20,190.70,7.01
3167,Product_3167,Category_3,192.46,9.60
3168,Product_3168,Category_8,465.81,4.87
3169,Product_3169,Category_12,306.69,16.64
3170,Product_3170,Category_1,454.74,1.59
3171,Product_3171,Category_4,128.18,7.07
3172,Product_3172,Category_18,40.66,1.76
3173,Product_3173,Category_4,345.75,7.07
3174,Product_3174,Category_13,270.73,9.82
3175,Product_3175,Category_4,322.23,7.07
3176,Product_3176,Category_9,217.40,17.02
3177,Product_3177,Category_7,313.12,15.23
3178,Product_3178,Category_14,209.50,18.89
3179,Product_3179,Category_20,202.22,7.01
3180,Product_3180,Category_6,250.52,10.37
3181,Product_3181,Category_10,57.64,1.96
3182,Product_3182,Category_6,76.01,10.37
3183,Product_3183,Category_18,48.76,1.76
3184,Product_3184,Category_11,118.13,2.04
3185,Product_3185,Category_16,148.25,10.21
3186,Product_3186,Category_8,415.04,4.87
3187,Product_3187,Category_6,313.59,10.37
3188,Product_3188,Category_20,270.42,7.01
3189,Product_3189,Category_4,479.84,7.07
3190,Product_3190,Category_20,258.24,7.01
3191,Product_3191,Category_19,58.10,12.09
3192,Product_3192,Category_13,179.85,9.82
3193,Product_3193,Category_9,269.95,17.02
3194,Product_3194,Category_13,21.67,9.82
3195,Product_3195,Category_12,233.53,16.64
3196,Product_3196,Category_9,153.34,17.02
3197,Product_3197,Category_1,299.29,1.59
3198,Product_3198,Category_8,4.05,4.87
3199,Product_3199,Category_13,76.13,9.82
3200,Product_3200,Category_14,237.71,18.89
3201,Product_3201,Category_9,212.36,17.02
3202,Product_3202,Category_11,178.03,2.04
3203,Product_3203,Category_3,457.35,9.60
3204,Product_3204,Category_3,309.45,9.60
3205,Product_3205,Category_2,222.29,5.19
3206,Product_3206,Category_14,359.63,18.89
3207,Product_3207,Category_13,141.45,9.82
3208,Product_3208,Category_13,258.54,9.82
3209,Product_3209,Category_4,480.34,7.07
3210,Product_3210,Category_11,25.47,2.04
3211,Product_3211,Category_10,144.39,1.96
3212,Product_3212,Category_8,345.42,4.87
3213,Product_3213,Category_16,132.90,10.21
3214,Product_3214,Category_6,288.52,10.37
3215,Product_3215,Category_7,362.37,15.23
3216,Product_3216,Category_16,49.73,10.21
3217,Product_3217,Category_20,477.10,7.01
3218,Product_3218,Category_6,140.60,10.37
3219,Product_3219,Category_14,187.31,18.89
3220,Product_3220,Category_11,368.60,2.04
3221,Product_3221,Category_5,195.53,15.25
3222,Product_3222,Category_17,425.73,8.62
3223,Product_3223,Category_18,173.09,1.76
3224,Product_3224,Category_3,165.58,9.60
3225,Product_3225,Category_10,191.79,1.96
3226,Product_3226,Category_14,450.88,18.89
3227,Product_3227,Category_14,308.04,18.89
3228,Product_3228,Category_13,319.04,9.82
3229,Product_3229,Category_18,209.00,1.76
3230,Product_3230,Category_14,368.25,18.89
3231,Product_3231,Category_5,93.93,15.25
3232,Product_3232,Category_12,186.74,16.64
3233,Product_3233,Category_18,150.65,1.76
3234,Product_3234,Category_9,379.43,17.02
3235,Product_3235,Category_19,31.29,12.09
3236,Product_3236,Category_18,363.03,1.76
3237,Product_3237,Category_4,490.57,7.07
3238,Product_3238,Category_17,201.52,8.62
3239,Product_3239,Category_19,395.71,12.09
3240,Product_3240,Category_17,430.86,8.62
3241,Product_3241,Category_4,371.32,7.07
3242,Product_3242,Category_17,272.46,8.62
3243,Product_3243,Category_17,94.17,8.62
3244,Product_3244,Category_16,388.45,10.21
3245,Product_3245,Category_5,60.72,15.25
3246,Product_3246,Category_4,37.12,7.07
3247,Product_3247,Category_1,31.64,1.59
3248,Product_3248,Category_5,412.05,15.25
3249,Product_3249,Category_20,177.26,7.01
3250,Product_3250,Category_6,388.14,10.37
3251,Product_3251,Category_12,235.70,16.64
3252,Product_3252,Category_17,442.08,8.62
3253,Product_3253,Category_9,295.22,17.02
3254,Product_3254,Category_19,114.85,12.09
3255,Product_3255,Category_13,310.22,9.82
3256,Product_3256,Category_9,372.99,17.02
3257,Product_3257,Category_7,68.40,15.23
3258,Product_3258,Category_9,171.67,17.02
3259,Product_3259,Category_4,444.48,7.07
3260,Product_3260,Category_3,302.13,9.60
3261,Product_3261,Category_17,359.58,8.62
3262,Product_3262,Category_20,280.57,7.01
3263,Product_3263,Category_5,429.19,15.25
3264,Product_3264,Category_2,148.41,5.19
3265,Product_3265,Category_3,324.64,9.60
3266,Product_3266,Category_12,148.98,16.64
3267,Product_3267,Category_20,283.42,7.01
3268,Product_3268,Category_1,114.61,1.59
3269,Product_3269,Category_15,355.19,5.71
3270,Product_3270,Category_13,447.90,9.82
3271,Product_3271,Category_9,334.75,17.02
3272,Product_3272,Category_9,379.14,17.02
3273,Product_3273,Category_2,359.41,5.19
3274,Product_3274,Category_4,422.64,7.07
3275,Product_3275,Category_2,48.61,5.19
3276,Product_3276,Category_20,31.03,7.01
3277,Product_3277,Category_15,91.45,5.71
3278,Product_3278,Category_14,249.04,18.89
3279,Product_3279,Category_7,359.03,15.23
3280,Product_3280,Category_15,437.64,5.71
3281,Product_3281,Category_13,130.26,9.82
3282,Product_3282,Category_6,236.78,10.37
3283,Product_3283,Category_10,245.14,1.96
3284,Product_3284,Category_2,447.48,5.19
3285,Product_3285,Category_12,219.51,16.64
3286,Product_3286,Category_19,338.79,12.09
3287,Product_3287,Category_18,312.96,1.76
3288,Product_3288,Category_1,187.84,1.59
3289,Product_3289,Category_8,487.21,4.87
3290,Product_3290,Category_8,314.98,4.87
3291,Product_3291,Category_8,213.16,4.87
3292,Product_3292,Category_7,214.47,15.23
3293,Product_3293,Category_8,87.34,4.87
3294,Product_3294,Category_12,157.36,16.64
3295,Product_3295,Category_7,101.50,15.23
3296,Product_3296,Category_9,276.63,17.02
3297,Product_3297,Category_4,14.33,7.07
3298,Product_3298,Category_9,416.62,17.02
3299,Product_3299,Category_20,161.17,7.01
3300,Product_3300,Category_17,122.61,8.62
3301,Product_3301,Category_18,306.35,1.76
3302,Product_3302,Category_3,452.87,9.60
3303,Product_3303,Category_12,59.08,16.64
3304,Product_3304,Category_3,61.98,9.60
3305,Product_3305,Category_14,20.33,18.89
3306,Product_3306,Category_7,238.62,15.23
3307,Product_3307,Category_5,36.47,15.25
3308,Product_3308,Category_1,195.91,1.59
3309,Product_3309,Category_19,467.28,12.09
3310,Product_3310,Category_17,225.32,8.62
3311,Product_3311,Category_8,74.57,4.87
3312,Product_3312,Category_11,3.52,2.04
3313,Product_3313,Category_3,348.71,9.60
3314,Product_3314,Category_14,22.95,18.89
3315,Product_3315,Category_4,337.60,7.07
3316,Product_3316,Category_16,32.67,10.21
3317,Product_3317,Category_15,165.24,5.71
3318,Product_3318,Category_12,34.23,16.64
3319,Product_3319,Category_11,36.23,2.04
3320,Product_3320,Category_12,101.46,16.64
3321,Product_3321,Category_18,37.21,1.76
3322,Product_3322,Category_12,367.96,16.64
3323,Product_3323,Category_4,357.71,7.07
3324,Product_3324,Category_19,372.94,12.09
3325,Product_3325,Category_17,318.89,8.62
3326,Product_3326,Category_8,205.44,4.87
3327,Product_3327,Category_17,269.30,8.62
3328,Product_3328,Category_1,301.83,1.59
3329,Product_3329,Category_9,418.58,17.02
3330,Product_3330,Category_14,176.00,18.89
3331,Product_3331,Category_10,140.70,1.96
3332,Product_3332,Category_18,141.01,1.76
3333,Product_3333,Category_16,80.59,10.21
3334,Product_3334,Category_17,383.59,8.62
3335,Product_3335,Category_17,376.74,8.62
3336,Product_3336,Category_4,195.24,7.07
3337,Product_3337,Category_20,235.22,7.01
3338,Product_3338,Category_20,128.67,7.01
3339,Product_3339,Category_19,458.00,12.09
3340,Product_3340,Category_4,284.77,7.07
3341,Product_3341,Category_11,344.33,2.04
3342,Product_3342,Category_8,227.12,4.87
3343,Product_3343,Category_20,381.49,7.01
3344,Product_3344,Category_20,141.36,7.01
3345,Product_3345,Category_9,101.10,17.02
3346,Product_3346,Category_6,0.94,10.37
3347,Product_3347,Category_20,43.93,7.01
3348,Product_3348,Category_6,194.32,10.37
3349,Product_3349,Category_16,362.12,10.21
3350,Product_3350,Category_10,331.70,1.96
3351,Product_3351,Category_13,113.21,9.82
3352,Product_3352,Category_10,212.86,1.96
3353,Product_3353,Category_4,234.39,7.07
3354,Product_3354,Category_9,346.39,17.02
3355,Product_3355,Category_8,206.68,4.87
3356,Product_3356,Category_9,68.08,17.02
3357,Product_3357,Category_6,66.89,10.37
3358,Product_3358,Category_11,221.08,2.04
3359,Product_3359,Category_12,456.42,16.64
3360,Product_3360,Category_9,377.65,17.02
3361,Product_3361,Category_8,223.98,4.87
3362,Product_3362,Category_10,24.36,1.96
3363,Product_3363,Category_12,381.92,16.64
3364,Product_3364,Category_10,462.72,1.96
3365,Product_3365,Category_19,181.77,12.09
3366,Product_3366,Category_13,200.04,9.82
3367,Product_3367,Category_1,17.45,1.59
3368,Product_3368,Category_10,495.44,1.96
3369,Product_3369,Category_3,425.80,9.60
3370,Product_3370,Category_19,416.52,12.09
3371,Product_3371,Category_18,376.90,1.76
3372,Product_3372,Category_10,362.13,1.96
3373,Product_3373,Category_18,305.06,1.76
3374,Product_3374,Category_15,399.01,5.71
3375,Product_3375,Category_1,210.60,1.59
3376,Product_3376,Category_1,65.03,1.59
3377,Product_3377,Category_3,401.56,9.60
3378,Product_3378,Category_7,277.44,15.23
3379,Product_3379,Category_17,198.29,8.62
3380,Product_3380,Category_18,103.16,1.76
3381,Product_3381,Category_11,439.66,2.04
3382,Product_3382,Category_9,354.05,17.02
3383,Product_3383,Category_12,58.64,16.64
3384,Product_3384,Category_20,254.70,7.01
3385,Product_3385,Category_10,430.80,1.96
3386,Product_3386,Category_17,130.54,8.62
3387,Product_3387,Category_15,23.63,5.71
3388,Product_3388,Category_18,404.48,1.76
3389,Product_3389,Category_8,270.48,4.87
3390,Product_3390,Category_2,403.52,5.19
3391,Product_3391,Category_4,75.23,7.07
3392,Product_3392,Category_11,379.93,2.04
3393,Product_3393,Category_20,384.16,7.01
3394,Product_3394,Category_18,168.84,1.76
3395,Product_3395,Category_19,252.75,12.09
3396,Product_3396,Category_5,81.28,15.25
3397,Product_3397,Category_3,320.23,9.60
3398,Product_3398,Category_10,92.83,1.96
3399,Product_3399,Category_12,56.46,16.64
3400,Product_3400,Category_6,396.81,10.37
3401,Product_3401,Category_4,389.89,7.07
3402,Product_3402,Category_14,248.17,18.89
3403,Product_3403,Category_15,28.48,5.71
3404,Product_3404,Category_6,87.57,10.37
3405,Product_3405,Category_7,355.47,15.23
3406,Product_3406,Category_5,491.02,15.25
3407,Product_3407,Category_19,230.90,12.09
3408,Product_3408,Category_14,361.64,18.89
3409,Product_3409,Category_8,202.72,4.87
3410,Product_3410,Category_4,478.72,7.07
3411,Product_3411,Category_10,30.31,1.96
3412,Product_3412,Category_20,74.95,7.01
3413,Product_3413,Category_14,277.36,18.89
3414,Product_3414,Category_15,141.79,5.71
3415,Product_3415,Category_6,319.15,10.37
3416,Product_3416,Category_4,251.72,7.07
3417,Product_3417,Category_3,273.39,9.60
3418,Product_3418,Category_20,201.90,7.01
3419,Product_3419,Category_8,225.05,4.87
3420,Product_3420,Category_17,441.24,8.62
3421,Product_3421,Category_10,39.76,1.96
3422,Product_3422,Category_17,297.53,8.62
3423,Product_3423,Category_13,313.01,9.82
3424,Product_3424,Category_7,203.17,15.23
3425,Product_3425,Category_8,305.35,4.87
3426,Product_3426,Category_11,112.16,2.04
3427,Product_3427,Category_13,261.55,9.82
3428,Product_3428,Category_2,217.48,5.19
3429,Product_3429,Category_7,231.31,15.23
3430,Product_3430,Category_6,240.54,10.37
3431,Product_3431,Category_16,80.93,10.21
3432,Product_3432,Category_13,262.21,9.82
3433,Product_3433,Category_19,457.26,12.09
3434,Product_3434,Category_16,23.97,10.21
3435,Product_3435,Category_2,209.00,5.19
3436,Product_3436,Category_17,225.13,8.62
3437,Product_3437,Category_8,249.01,4.87
3438,Product_3438,Category_19,366.96,12.09
3439,Product_3439,Category_4,76.04,7.07
3440,Product_3440,Category_20,299.72,7.01
3441,Product_3441,Category_14,183.56,18.89
3442,Product_3442,Category_14,153.92,18.89
3443,Product_3443,Category_4,423.84,7.07
3444,Product_3444,Category_11,373.09,2.04
3445,Product_3445,Category_20,431.79,7.01
3446,Product_3446,Category_2,450.55,5.19
3447,Product_3447,Category_12,482.92,16.64
3448,Product_3448,Category_4,158.24,7.07
3449,Product_3449,Category_17,438.12,8.62
3450,Product_3450,Category_14,191.05,18.89
3451,Product_3451,Category_2,116.83,5.19
3452,Product_3452,Category_15,69.47,5.71
3453,Product_3453,Category_10,157.54,1.96
3454,Product_3454,Category_11,44.17,2.04
3455,Product_3455,Category_1,210.70,1.59
3456,Product_3456,Category_12,39.12,16.64
3457,Product_3457,Category_17,367.06,8.62
3458,Product_3458,Category_16,424.99,10.21
3459,Product_3459,Category_7,335.57,15.23
3460,Product_3460,Category_16,271.42,10.21
3461,Product_3461,Category_9,40.24,17.02
3462,Product_3462,Category_12,5.81,16.64
3463,Product_3463,Category_5,404.42,15.25
3464,Product_3464,Category_20,408.10,7.01
3465,Product_3465,Category_10,454.77,1.96
3466,Product_3466,Category_8,311.76,4.87
3467,Product_3467,Category_2,347.74,5.19
3468,Product_3468,Category_8,194.96,4.87
3469,Product_3469,Category_19,422.80,12.09
3470,Product_3470,Category_1,413.58,1.59
3471,Product_3471,Category_8,26.27,4.87
3472,Product_3472,Category_4,417.11,7.07
3473,Product_3473,Category_16,486.17,10.21
3474,Product_3474,Category_19,76.74,12.09
3475,Product_3475,Category_14,465.14,18.89
3476,Product_3476,Category_8,235.15,4.87
3477,Product_3477,Category_16,405.98,10.21
3478,Product_3478,Category_20,188.47,7.01
3479,Product_3479,Category_18,101.09,1.76
3480,Product_3480,Category_15,30.46,5.71
3481,Product_3481,Category_1,442.37,1.59
3482,Product_3482,Category_14,402.70,18.89
3483,Product_3483,Category_19,499.12,12.09
3484,Product_3484,Category_18,39.71,1.76
3485,Product_3485,Category_17,240.71,8.62
3486,Product_3486,Category_19,276.25,12.09
3487,Product_3487,Category_3,82.38,9.60
3488,Product_3488,Category_15,104.69,5.71
3489,Product_3489,Category_9,118.50,17.02
3490,Product_3490,Category_7,201.70,15.23
3491,Product_3491,Category_11,377.37,2.04
3492,Product_3492,Category_9,23.62,17.02
3493,Product_3493,Category_19,17.21,12.09
3494,Product_3494,Category_2,205.71,5.19
3495,Product_3495,Category_16,267.54,10.21
3496,Product_3496,Category_19,146.10,12.09
3497,Product_3497,Category_16,112.84,10.21
3498,Product_3498,Category_3,318.33,9.60
3499,Product_3499,Category_18,256.48,1.76
3500,Product_3500,Category_10,360.95,1.96
3501,Product_3501,Category_9,112.04,17.02
3502,Product_3502,Category_1,260.43,1.59
3503,Product_3503,Category_8,254.94,4.87
3504,Product_3504,Category_4,46.64,7.07
3505,Product_3505,Category_6,469.39,10.37
3506,Product_3506,Category_18,452.19,1.76
3507,Product_3507,Category_8,177.06,4.87
3508,Product_3508,Category_15,139.33,5.71
3509,Product_3509,Category_14,121.91,18.89
3510,Product_3510,Category_14,484.05,18.89
3511,Product_3511,Category_17,58.98,8.62
3512,Product_3512,Category_10,295.52,1.96
3513,Product_3513,Category_9,290.44,17.02
3514,Product_3514,Category_4,307.06,7.07
3515,Product_3515,Category_17,191.32,8.62
3516,Product_3516,Category_11,181.86,2.04
3517,Product_3517,Category_11,197.73,2.04
3518,Product_3518,Category_11,437.99,2.04
3519,Product_3519,Category_18,84.21,1.76
3520,Product_3520,Category_2,380.62,5.19
3521,Product_3521,Category_8,44.20,4.87
3522,Product_3522,Category_11,390.82,2.04
3523,Product_3523,Category_6,419.28,10.37
3524,Product_3524,Category_12,22.64,16.64
3525,Product_3525,Category_15,148.35,5.71
3526,Product_3526,Category_17,221.70,8.62
3527,Product_3527,Category_20,321.34,7.01
3528,Product_3528,Category_16,377.35,10.21
3529,Product_3529,Category_15,31.76,5.71
3530,Product_3530,Category_9,143.98,17.02
3531,Product_3531,Category_7,101.88,15.23
3532,Product_3532,Category_11,76.53,2.04
3533,Product_3533,Category_5,278.76,15.25
3534,Product_3534,Category_3,467.92,9.60
3535,Product_3535,Category_19,288.73,12.09
3536,Product_3536,Category_11,27.55,2.04
3537,Product_3537,Category_13,135.06,9.82
3538,Product_3538,Category_7,171.45,15.23
3539,Product_3539,Category_9,85.95,17.02
3540,Product_3540,Category_6,222.29,10.37
3541,Product_3541,Category_15,222.08,5.71
3542,Product_3542,Category_7,405.95,15.23
3543,Product_3543,Category_3,18.35,9.60
3544,Product_3544,Category_2,364.83,5.19
3545,Product_3545,Category_15,218.54,5.71
3546,Product_3546,Category_15,379.39,5.71
3547,Product_3547,Category_18,482.45,1.76
3548,Product_3548,Category_15,371.42,5.71
3549,Product_3549,Category_5,7.68,15.25
3550,Product_3550,Category_3,347.88,9.60
3551,Product_3551,Category_16,47.46,10.21
3552,Product_3552,Category_9,222.04,17.02
3553,Product_3553,Category_1,352.36,1.59
3554,Product_3554,Category_8,367.43,4.87
3555,Product_3555,Category_16,186.31,10.21
3556,Product_3556,Category_9,258.39,17.02
3557,Product_3557,Category_4,441.60,7.07
3558,Product_3558,Category_4,486.92,7.07
3559,Product_3559,Category_19,66.46,12.09
3560,Product_3560,Category_16,71.25,10.21
3561,Product_3561,Category_19,29.31,12.09
3562,Product_3562,Category_14,6.23,18.89
3563,Product_3563,Category_10,59.90,1.96
3564,Product_3564,Category_12,253.14,16.64
3565,Product_3565,Category_15,296.60,5.71
3566,Product_3566,Category_3,487.03,9.60
3567,Product_3567,Category_11,121.64,2.04
3568,Product_3568,Category_6,48.45,10.37
3569,Product_3569,Category_17,9.12,8.62
3570,Product_3570,Category_9,289.48,17.02
3571,Product_3571,Category_10,45.78,1.96
3572,Product_3572,Category_6,108.25,10.37
3573,Product_3573,Category_8,55.62,4.87
3574,Product_3574,Category_6,388.91,10.37
3575,Product_3575,Category_14,64.73,18.89
3576,Product_3576,Category_19,49.03,12.09
3577,Product_3577,Category_16,197.33,10.21
3578,Product_3578,Category_16,123.37,10.21
3579,Product_3579,Category_12,13.72,16.64
3580,Product_3580,Category_11,381.88,2.04
3581,Product_3581,Category_11,277.56,2.04
3582,Product_3582,Category_16,187.63,10.21
3583,Product_3583,Category_6,7.52,10.37
3584,Product_3584,Category_7,149.33,15.23
3585,Product_3585,Category_8,149.81,4.87
3586,Product_3586,Category_8,75.79,4.87
3587,Product_3587,Category_12,90.53,16.64
3588,Product_3588,Category_4,185.67,7.07
3589,Product_3589,Category_12,261.17,16.64
3590,Product_3590,Category_17,328.79,8.62
3591,Product_3591,Category_13,338.87,9.82
3592,Product_3592,Category_15,318.85,5.71
3593,Product_3593,Category_15,207.07,5.71
3594,Product_3594,Category_10,317.40,1.96
3595,Product_3595,Category_5,213.51,15.25
3596,Product_3596,Category_4,419.49,7.07
3597,Product_3597,Category_12,88.59,16.64
3598,Product_3598,Category_3,24.61,9.60
3599,Product_3599,Category_4,429.17,7.07
3600,Product_3600,Category_3,428.01,9.60
3601,Product_3601,Category_7,117.49,15.23
3602,Product_3602,Category_7,391.97,15.23
3603,Product_3603,Category_6,318.22,10.37
3604,Product_3604,Category_19,27.23,12.09
3605,Product_3605,Category_9,421.82,17.02
3606,Product_3606,Category_12,401.40,16.64
3607,Product_3607,Category_4,154.29,7.07
3608,Product_3608,Category_15,0.19,5.71
3609,Product_3609,Category_6,236.10,10.37
3610,Product_3610,Category_20,159.31,7.01
3611,Product_3611,Category_5,90.63,15.25
3612,Product_3612,Category_6,252.24,10.37
3613,Product_3613,Category_4,121.31,7.07
3614,Product_3614,Category_6,411.34,10.37
3615,Product_3615,Category_2,341.11,5.19
3616,Product_3616,Category_6,159.97,10.37
3617,Product_3617,Category_14,482.45,18.89
3618,Product_3618,Category_16,219.11,10.21
3619,Product_3619,Category_2,97.00,5.19
3620,Product_3620,Category_14,336.27,18.89
3621,Product_3621,Category_3,173.12,9.60
3622,Product_3622,Category_11,219.18,2.04
3623,Product_3623,Category_14,387.46,18.89
3624,Product_3624,Category_8,216.40,4.87
3625,Product_3625,Category_7,358.92,15.23
3626,Product_3626,Category_18,28.65,1.76
3627,Product_3627,Category_19,338.73,12.09
3628,Product_3628,Category_7,311.36,15.23
3629,Product_3629,Category_5,356.45,15.25
3630,Product_3630,Category_5,492.28,15.25
3631,Product_3631,Category_14,367.93,18.89
3632,Product_3632,Category_6,46.38,10.37
3633,Product_3633,Category_14,354.85,18.89
3634,Product_3634,Category_12,10.81,16.64
3635,Product_3635,Category_11,295.15,2.04
3636,Product_3636,Category_4,90.17,7.07
3637,Product_3637,Category_13,412.87,9.82
3638,Product_3638,Category_12,120.00,16.64
3639,Product_3639,Category_13,10.92,9.82
3640,Product_3640,Category_7,170.41,15.23
3641,Product_3641,Category_15,7.19,5.71
3642,Product_3642,Category_14,67.61,18.89
3643,Product_3643,Category_4,28.92,7.07
3644,Product_3644,Category_11,195.99,2.04
3645,Product_3645,Category_8,483.04,4.87
3646,Product_3646,Category_1,468.62,1.59
3647,Product_3647,Category_10,406.30,1.96
3648,Product_3648,Category_9,210.78,17.02
3649,Product_3649,Category_14,453.49,18.89
3650,Product_3650,Category_6,491.25,10.37
3651,Product_3651,Category_15,455.55,5.71
3652,Product_3652,Category_7,113.53,15.23
3653,Product_3653,Category_10,443.66,1.96
3654,Product_3654,Category_14,282.27,18.89
3655,Product_3655,Category_19,250.69,12.09
3656,Product_3656,Category_4,120.60,7.07
3657,Product_3657,Category_1,420.82,1.59
3658,Product_3658,Category_15,43.47,5.71
3659,Product_3659,Category_13,389.75,9.82
3660,Product_3660,Category_2,65.44,5.19
3661,Product_3661,Category_7,109.02,15.23
3662,Product_3662,Category_8,493.79,4.87
3663,Product_3663,Category_13,29.60,9.82
3664,Product_3664,Category_9,490.80,17.02
3665,Product_3665,Category_12,383.52,16.64
3666,Product_3666,Category_14,250.62,18.89
3667,Product_3667,Category_20,281.72,7.01
3668,Product_3668,Category_18,164.84,1.76
3669,Product_3669,Category_20,85.74,7.01
3670,Product_3670,Category_20,250.39,7.01
3671,Product_3671,Category_17,111.43,8.62
3672,Product_3672,Category_10,393.04,1.96
3673,Product_3673,Category_2,471.07,5.19
3674,Product_3674,Category_17,117.69,8.62
3675,Product_3675,Category_12,469.50,16.64
3676,Product_3676,Category_17,107.74,8.62
3677,Product_3677,Category_10,274.74,1.96
3678,Product_3678,Category_1,252.78,1.59
3679,Product_3679,Category_16,470.53,10.21
3680,Product_3680,Category_14,261.82,18.89
3681,Product_3681,Category_13,393.30,9.82
3682,Product_3682,Category_17,350.19,8.62
3683,Product_3683,Category_6,116.11,10.37
3684,Product_3684,Category_18,367.82,1.76
3685,Product_3685,Category_5,249.98,15.25
3686,Product_3686,Category_16,420.55,10.21
3687,Product_3687,Category_19,325.89,12.09
3688,Product_3688,Category_3,383.17,9.60
3689,Product_3689,Category_4,437.25,7.07
3690,Product_3690,Category_11,204.56,2.04
3691,Product_3691,Category_20,400.54,7.01
3692,Product_3692,Category_18,225.50,1.76
3693,Product_3693,Category_16,119.07,10.21
3694,Product_3694,Category_3,339.47,9.60
3695,Product_3695,Category_14,40.99,18.89
3696,Product_3696,Category_10,335.27,1.96
3697,Product_3697,Category_1,153.17,1.59
3698,Product_3698,Category_1,386.09,1.59
3699,Product_3699,Category_3,489.08,9.60
3700,Product_3700,Category_9,329.61,17.02
3701,Product_3701,Category_17,284.14,8.62
3702,Product_3702,Category_8,4.80,4.87
3703,Product_3703,Category_3,268.96,9.60
3704,Product_3704,Category_5,30.98,15.25
3705,Product_3705,Category_11,338.48,2.04
3706,Product_3706,Category_10,155.97,1.96
3707,Product_3707,Category_12,303.57,16.64
3708,Product_3708,Category_2,81.80,5.19
3709,Product_3709,Category_18,26.12,1.76
3710,Product_3710,Category_19,183.80,12.09
3711,Product_3711,Category_8,127.48,4.87
3712,Product_3712,Category_9,218.32,17.02
3713,Product_3713,Category_7,327.31,15.23
3714,Product_3714,Category_13,315.60,9.82
3715,Product_3715,Category_17,332.03,8.62
3716,Product_3716,Category_2,435.19,5.19
3717,Product_3717,Category_3,200.76,9.60
3718,Product_3718,Category_4,196.43,7.07
3719,Product_3719,Category_10,242.54,1.96
3720,Product_3720,Category_5,358.60,15.25
3721,Product_3721,Category_18,115.24,1.76
3722,Product_3722,Category_9,271.60,17.02
3723,Product_3723,Category_7,472.99,15.23
3724,Product_3724,Category_4,325.32,7.07
3725,Product_3725,Category_10,243.18,1.96
3726,Product_3726,Category_11,271.27,2.04
3727,Product_3727,Category_8,17.18,4.87
3728,Product_3728,Category_16,485.63,10.21
3729,Product_3729,Category_20,177.84,7.01
3730,Product_3730,Category_20,51.48,7.01
3731,Product_3731,Category_10,90.47,1.96
3732,Product_3732,Category_8,345.90,4.87
3733,Product_3733,Category_5,9.25,15.25
3734,Product_3734,Category_19,0.84,12.09
3735,Product_3735,Category_14,499.36,18.89
3736,Product_3736,Category_6,381.13,10.37
3737,Product_3737,Category_3,411.37,9.60
3738,Product_3738,Category_11,271.27,2.04
3739,Product_3739,Category_16,201.47,10.21
3740,Product_3740,Category_10,43.60,1.96
3741,Product_3741,Category_10,182.41,1.96
3742,Product_3742,Category_19,216.34,12.09
3743,Product_3743,Category_16,151.47,10.21
3744,Product_3744,Category_17,372.01,8.62
3745,Product_3745,Category_18,451.92,1.76
3746,Product_3746,Category_19,421.48,12.09
3747,Product_3747,Category_10,337.73,1.96
3748,Product_3748,Category_2,194.11,5.19
3749,Product_3749,Category_5,29.16,15.25
3750,Product_3750,Category_1,336.58,1.59
3751,Product_3751,Category_10,128.75,1.96
3752,Product_3752,Category_6,160.54,10.37
3753,Product_3753,Category_5,344.28,15.25
3754,Product_3754,Category_17,383.00,8.62
3755,Product_3755,Category_3,451.37,9.60
3756,Product_3756,Category_10,402.58,1.96
3757,Product_3757,Category_8,35.92,4.87
3758,Product_3758,Category_1,279.52,1.59
3759,Product_3759,Category_3,360.07,9.60
3760,Product_3760,Category_6,413.98,10.37
3761,Product_3761,Category_14,495.72,18.89
3762,Product_3762,Category_5,19.04,15.25
3763,Product_3763,Category_13,262.98,9.82
3764,Product_3764,Category_12,229.47,16.64
3765,Product_3765,Category_13,471.49,9.82
3766,Product_3766,Category_16,41.17,10.21
3767,Product_3767,Category_3,341.40,9.60
3768,Product_3768,Category_12,443.67,16.64
3769,Product_3769,Category_8,109.30,4.87
3770,Product_3770,Category_18,177.52,1.76
3771,Product_3771,Category_16,216.98,10.21
3772,Product_3772,Category_1,424.74,1.59
3773,Product_3773,Category_12,212.83,16.64
3774,Product_3774,Category_16,71.68,10.21
3775,Product_3775,Category_7,479.72,15.23
3776,Product_3776,Category_18,452.10,1.76
3777,Product_3777,Category_6,471.81,10.37
3778,Product_3778,Category_12,354.92,16.64
3779,Product_3779,Category_15,408.85,5.71
3780,Product_3780,Category_12,92.35,16.64
3781,Product_3781,Category_2,98.71,5.19
3782,Product_3782,Category_17,398.37,8.62
3783,Product_3783,Category_7,464.44,15.23
3784,Product_3784,Category_14,154.81,18.89
3785,Product_3785,Category_4,207.22,7.07
3786,Product_3786,Category_3,494.55,9.60
3787,Product_3787,Category_20,145.45,7.01
3788,Product_3788,Category_16,137.62,10.21
3789,Product_3789,Category_6,482.12,10.37
3790,Product_3790,Category_20,409.89,7.01
3791,Product_3791,Category_6,282.54,10.37
3792,Product_3792,Category_13,158.18,9.82
3793,Product_3793,Category_17,264.43,8.62
3794,Product_3794,Category_1,50.57,1.59
3795,Product_3795,Category_9,74.59,17.02
3796,Product_3796,Category_18,35.28,1.76
3797,Product_3797,Category_7,414.66,15.23
3798,Product_3798,Category_14,148.60,18.89
3799,Product_3799,Category_17,314.38,8.62
3800,Product_3800,Category_10,346.59,1.96
3801,Product_3801,Category_7,346.99,15.23
3802,Product_3802,Category_17,314.01,8.62
3803,Product_3803,Category_16,61.17,10.21
3804,Product_3804,Category_10,326.61,1.96
3805,Product_3805,Category_15,444.11,5.71
3806,Product_3806,Category_7,254.98,15.23
3807,Product_3807,Category_9,240.53,17.02
3808,Product_3808,Category_10,491.97,1.96
3809,Product_3809,Category_19,57.18,12.09
3810,Product_3810,Category_4,425.45,7.07
3811,Product_3811,Category_8,234.70,4.87
3812,Product_3812,Category_14,32.51,18.89
3813,Product_3813,Category_17,192.04,8.62
3814,Product_3814,Category_8,161.55,4.87
3815,Product_3815,Category_12,85.70,16.64
3816,Product_3816,Category_19,128.74,12.09
3817,Product_3817,Category_10,193.42,1.96
3818,Product_3818,Category_11,417.81,2.04
3819,Product_3819,Category_12,121.39,16.64
3820,Product_3820,Category_9,321.67,17.02
3821,Product_3821,Category_16,39.27,10.21
3822,Product_3822,Category_20,78.14,7.01
3823,Product_3823,Category_5,14.88,15.25
3824,Product_3824,Category_6,33.97,10.37
3825,Product_3825,Category_4,224.25,7.07
3826,Product_3826,Category_20,300.75,7.01
3827,Product_3827,Category_20,283.30,7.01
3828,Product_3828,Category_20,190.81,7.01
3829,Product_3829,Category_1,225.07,1.59
3830,Product_3830,Category_8,421.74,4.87
3831,Product_3831,Category_5,302.95,15.25
3832,Product_3832,Category_13,18.12,9.82
3833,Product_3833,Category_19,290.45,12.09
3834,Product_3834,Category_13,175.04,9.82
3835,Product_3835,Category_7,330.76,15.23
3836,Product_3836,Category_20,431.46,7.01
3837,Product_3837,Category_2,261.85,5.19
3838,Product_3838,Category_12,76.20,16.64
3839,Product_3839,Category_1,286.69,1.59
3840,Product_3840,Category_11,65.90,2.04
3841,Product_3841,Category_7,207.66,15.23
3842,Product_3842,Category_8,36.75,4.87
3843,Product_3843,Category_16,209.47,10.21
3844,Product_3844,Category_19,211.49,12.09
3845,Product_3845,Category_19,20.71,12.09
3846,Product_3846,Category_20,433.36,7.01
3847,Product_3847,Category_4,281.57,7.07
3848,Product_3848,Category_9,159.34,17.02
3849,Product_3849,Category_14,226.92,18.89
3850,Product_3850,Category_11,248.94,2.04
3851,Product_3851,Category_3,72.44,9.60
3852,Product_3852,Category_9,224.33,17.02
3853,Product_3853,Category_5,473.71,15.25
3854,Product_3854,Category_4,92.77,7.07
3855,Product_3855,Category_11,237.97,2.04
3856,Product_3856,Category_16,188.21,10.21
3857,Product_3857,Category_13,84.26,9.82
3858,Product_3858,Category_11,289.32,2.04
3859,Product_3859,Category_1,467.97,1.59
3860,Product_3860,Category_5,268.24,15.25
3861,Product_3861,Category_14,380.03,18.89
3862,Product_3862,Category_2,166.45,5.19
3863,Product_3863,Category_14,327.79,18.89
3864,Product_3864,Category_16,313.61,10.21
3865,Product_3865,Category_2,101.22,5.19
3866,Product_3866,Category_11,375.86,2.04
3867,Product_3867,Category_1,142.64,1.59
3868,Product_3868,Category_8,8.06,4.87
3869,Product_3869,Category_8,162.69,4.87
3870,Product_3870,Category_20,498.86,7.01
3871,Product_3871,Category_20,334.88,7.01
3872,Product_3872,Category_16,278.24,10.21
3873,Product_3873,Category_2,491.51,5.19
3874,Product_3874,Category_14,448.85,18.89
3875,Product_3875,Category_15,424.57,5.71
3876,Product_3876,Category_18,123.67,1.76
3877,Product_3877,Category_11,473.13,2.04
3878,Product_3878,Category_6,490.48,10.37
3879,Product_3879,Category_11,432.62,2.04
3880,Product_3880,Category_9,113.15,17.02
3881,Product_3881,Category_9,289.95,17.02
3882,Product_3882,Category_7,92.54,15.23
3883,Product_3883,Category_19,38.02,12.09
3884,Product_3884,Category_11,428.26,2.04
3885,Product_3885,Category_18,364.86,1.76
3886,Product_3886,Category_17,381.45,8.62
3887,Product_3887,Category_15,314.81,5.71
3888,Product_3888,Category_5,287.85,15.25
3889,Product_3889,Category_4,272.99,7.07
3890,Product_3890,Category_13,109.69,9.82
3891,Product_3891,Category_3,400.24,9.60
3892,Product_3892,Category_7,455.45,15.23
3893,Product_3893,Category_15,490.15,5.71
3894,Product_3894,Category_5,74.42,15.25
3895,Product_3895,Category_5,328.42,15.25
3896,Product_3896,Category_16,452.92,10.21
3897,Product_3897,Category_12,265.50,16.64
3898,Product_3898,Category_9,422.07,17.02
3899,Product_3899,Category_9,414.25,17.02
3900,Product_3900,Category_9,468.91,17.02
3901,Product_3901,Category_20,49.19,7.01
3902,Product_3902,Category_7,469.57,15.23
3903,Product_3903,Category_15,77.77,5.71
3904,Product_3904,Category_1,198.46,1.59
3905,Product_3905,Category_18,372.54,1.76
3906,Product_3906,Category_19,139.55,12.09
3907,Product_3907,Category_15,328.90,5.71
3908,Product_3908,Category_7,491.41,15.23
3909,Product_3909,Category_16,388.64,10.21
3910,Product_3910,Category_8,299.11,4.87
3911,Product_3911,Category_2,234.51,5.19
3912,Product_3912,Category_4,365.46,7.07
3913,Product_3913,Category_16,381.37,10.21
3914,Product_3914,Category_1,197.14,1.59
3915,Product_3915,Category_13,193.80,9.82
3916,Product_3916,Category_14,466.50,18.89
3917,Product_3917,Category_3,233.27,9.60
3918,Product_3918,Category_18,434.55,1.76
3919,Product_3919,Category_18,174.31,1.76
3920,Product_3920,Category_14,315.94,18.89
3921,Product_3921,Category_8,118.48,4.87
3922,Product_3922,Category_9,96.48,17.02
3923,Product_3923,Category_1,22.16,1.59
3924,Product_3924,Category_17,200.21,8.62
3925,Product_3925,Category_16,129.18,10.21
3926,Product_3926,Category_3,32.39,9.60
3927,Product_3927,Category_3,48.50,9.60
3928,Product_3928,Category_17,497.29,8.62
3929,Product_3929,Category_9,225.56,17.02
3930,Product_3930,Category_10,181.93,1.96
3931,Product_3931,Category_8,171.14,4.87
3932,Product_3932,Category_11,255.88,2.04
3933,Product_3933,Category_19,305.29,12.09
3934,Product_3934,Category_19,289.75,12.09
3935,Product_3935,Category_2,330.70,5.19
3936,Product_3936,Category_11,240.38,2.04
3937,Product_3937,Category_4,392.49,7.07
3938,Product_3938,Category_20,160.88,7.01
3939,Product_3939,Category_18,404.58,1.76
3940,Product_3940,Category_14,84.20,18.89
3941,Product_3941,Category_3,272.51,9.60
3942,Product_3942,Category_3,483.33,9.60
3943,Product_3943,Category_3,455.49,9.60
3944,Product_3944,Category_6,439.92,10.37
3945,Product_3945,Category_13,460.50,9.82
3946,Product_3946,Category_19,333.46,12.09
3947,Product_3947,Category_8,256.59,4.87
3948,Product_3948,Category_12,92.48,16.64
3949,Product_3949,Category_17,78.68,8.62
3950,Product_3950,Category_10,124.34,1.96
3951,Product_3951,Category_5,12.09,15.25
3952,Product_3952,Category_7,162.67,15.23
3953,Product_3953,Category_8,343.65,4.87
3954,Product_3954,Category_4,51.36,7.07
3955,Product_3955,Category_18,427.16,1.76
3956,Product_3956,Category_2,341.96,5.19
3957,Product_3957,Category_20,94.99,7.01
3958,Product_3958,Category_11,239.16,2.04
3959,Product_3959,Category_14,301.83,18.89
3960,Product_3960,Category_18,321.51,1.76
3961,Product_3961,Category_17,317.96,8.62
3962,Product_3962,Category_4,425.56,7.07
3963,Product_3963,Category_14,111.21,18.89
3964,Product_3964,Category_12,12.71,16.64
3965,Product_3965,Category_18,243.27,1.76
3966,Product_3966,Category_12,18.88,16.64
3967,Product_3967,Category_2,359.81,5.19
3968,Product_3968,Category_3,19.68,9.60
3969,Product_3969,Category_1,423.14,1.59
3970,Product_3970,Category_5,323.06,15.25
3971,Product_3971,Category_8,52.57,4.87
3972,Product_3972,Category_2,323.90,5.19
3973,Product_3973,Category_15,87.17,5.71
3974,Product_3974,Category_15,237.44,5.71
3975,Product_3975,Category_18,77.70,1.76
3976,Product_3976,Category_19,249.86,12.09
3977,Product_3977,Category_20,217.62,7.01
3978,Product_3978,Category_6,58.28,10.37
3979,Product_3979,Category_1,190.00,1.59
3980,Product_3980,Category_4,53.21,7.07
3981,Product_3981,Category_5,424.96,15.25
3982,Product_3982,Category_3,48.62,9.60
3983,Product_3983,Category_16,285.52,10.21
3984,Product_3984,Category_6,258.70,10.37
3985,Product_3985,Category_10,432.84,1.96
3986,Product_3986,Category_8,284.38,4.87
3987,Product_3987,Category_6,383.66,10.37
3988,Product_3988,Category_20,14.53,7.01
3989,Product_3989,Category_20,304.60,7.01
3990,Product_3990,Category_12,455.15,16.64
3991,Product_3991,Category_6,46.04,10.37
3992,Product_3992,Category_7,117.43,15.23
3993,Product_3993,Category_6,193.86,10.37
3994,Product_3994,Category_19,373.74,12.09
3995,Product_3995,Category_13,48.70,9.82
3996,Product_3996,Category_3,260.24,9.60
3997,Product_3997,Category_5,112.04,15.25
3998,Product_3998,Category_12,292.24,16.64
3999,Product_3999,Category_9,284.12,17.02
4000,Product_4000,Category_9,43.85,17.02
4001,Product_4001,Category_3,213.10,9.60
4002,Product_4002,Category_9,443.04,17.02
4003,Product_4003,Category_15,252.56,5.71
4004,Product_4004,Category_14,416.98,18.89
4005,Product_4005,Category_20,31.93,7.01
4006,Product_4006,Category_14,39.77,18.89
4007,Product_4007,Category_17,140.91,8.62
4008,Product_4008,Category_1,486.15,1.59
4009,Product_4009,Category_5,147.54,15.25
4010,Product_4010,Category_7,18.82,15.23
4011,Product_4011,Category_19,450.40,12.09
4012,Product_4012,Category_18,273.43,1.76
4013,Product_4013,Category_1,145.85,1.59
4014,Product_4014,Category_3,191.13,9.60
4015,Product_4015,Category_5,207.45,15.25
4016,Product_4016,Category_16,452.24,10.21
4017,Product_4017,Category_2,245.39,5.19
4018,Product_4018,Category_11,228.97,2.04
4019,Product_4019,Category_14,23.86,18.89
4020,Product_4020,Category_8,378.84,4.87
4021,Product_4021,Category_13,391.01,9.82
4022,Product_4022,Category_13,223.56,9.82
4023,Product_4023,Category_18,103.34,1.76
4024,Product_4024,Category_2,200.81,5.19
4025,Product_4025,Category_6,162.06,10.37
4026,Product_4026,Category_1,220.91,1.59
4027,Product_4027,Category_20,5.30,7.01
4028,Product_4028,Category_12,362.46,16.64
4029,Product_4029,Category_14,222.45,18.89
4030,Product_4030,Category_9,6.50,17.02
4031,Product_4031,Category_16,160.43,10.21
4032,Product_4032,Category_3,303.13,9.60
4033,Product_4033,Category_16,440.27,10.21
4034,Product_4034,Category_17,392.07,8.62
4035,Product_4035,Category_19,163.55,12.09
4036,Product_4036,Category_18,333.28,1.76
4037,Product_4037,Category_13,147.19,9.82
4038,Product_4038,Category_19,101.64,12.09
4039,Product_4039,Category_8,161.73,4.87
4040,Product_4040,Category_18,154.69,1.76
4041,Product_4041,Category_17,202.62,8.62
4042,Product_4042,Category_7,102.25,15.23
4043,Product_4043,Category_10,39.09,1.96
4044,Product_4044,Category_5,20.44,15.25
4045,Product_4045,Category_9,135.34,17.02
4046,Product_4046,Category_1,91.68,1.59
4047,Product_4047,Category_7,179.98,15.23
4048,Product_4048,Category_1,163.65,1.59
4049,Product_4049,Category_8,78.22,4.87
4050,Product_4050,Category_1,214.27,1.59
4051,Product_4051,Category_2,409.27,5.19
4052,Product_4052,Category_6,345.12,10.37
4053,Product_4053,Category_12,285.53,16.64
4054,Product_4054,Category_16,404.30,10.21
4055,Product_4055,Category_7,238.82,15.23
4056,Product_4056,Category_15,222.49,5.71
4057,Product_4057,Category_10,310.77,1.96
4058,Product_4058,Category_11,262.26,2.04
4059,Product_4059,Category_5,258.03,15.25
4060,Product_4060,Category_8,475.54,4.87
4061,Product_4061,Category_15,28.02,5.71
4062,Product_4062,Category_20,131.18,7.01
4063,Product_4063,Category_10,223.94,1.96
4064,Product_4064,Category_10,82.40,1.96
4065,Product_4065,Category_13,301.01,9.82
4066,Product_4066,Category_3,157.29,9.60
4067,Product_4067,Category_13,499.45,9.82
4068,Product_4068,Category_14,237.54,18.89
4069,Product_4069,Category_2,253.98,5.19
4070,Product_4070,Category_13,303.65,9.82
4071,Product_4071,Category_16,292.56,10.21
4072,Product_4072,Category_10,361.91,1.96
4073,Product_4073,Category_3,368.06,9.60
4074,Product_4074,Category_15,216.35,5.71
4075,Product_4075,Category_9,99.26,17.02
4076,Product_4076,Category_14,164.31,18.89
4077,Product_4077,Category_19,65.92,12.09
4078,Product_4078,Category_10,210.37,1.96
4079,Product_4079,Category_6,193.93,10.37
4080,Product_4080,Category_9,67.51,17.02
4081,Product_4081,Category_10,83.09,1.96
4082,Product_4082,Category_11,157.54,2.04
4083,Product_4083,Category_15,218.44,5.71
4084,Product_4084,Category_8,32.66,4.87
4085,Product_4085,Category_12,187.05,16.64
4086,Product_4086,Category_7,230.37,15.23
4087,Product_4087,Category_6,4.62,10.37
4088,Product_4088,Category_14,449.64,18.89
4089,Product_4089,Category_3,438.41,9.60
4090,Product_4090,Category_11,175.03,2.04
4091,Product_4091,Category_1,368.61,1.59
4092,Product_4092,Category_6,89.16,10.37
4093,Product_4093,Category_20,485.24,7.01
4094,Product_4094,Category_18,186.20,1.76
4095,Product_4095,Category_4,184.22,7.07
4096,Product_4096,Category_13,374.59,9.82
4097,Product_4097,Category_7,77.31,15.23
4098,Product_4098,Category_9,188.55,17.02
4099,Product_4099,Category_17,103.87,8.62
4100,Product_4100,Category_5,431.38,15.25
4101,Product_4101,Category_6,114.56,10.37
4102,Product_4102,Category_15,480.20,5.71
4103,Product_4103,Category_4,127.04,7.07
4104,Product_4104,Category_8,397.40,4.87
4105,Product_4105,Category_12,103.49,16.64
4106,Product_4106,Category_15,48.16,5.71
4107,Product_4107,Category_1,99.43,1.59
4108,Product_4108,Category_3,272.48,9.60
4109,Product_4109,Category_13,363.37,9.82
4110,Product_4110,Category_13,17.56,9.82
4111,Product_4111,Category_11,345.69,2.04
4112,Product_4112,Category_9,42.17,17.02
4113,Product_4113,Category_16,460.24,10.21
4114,Product_4114,Category_19,120.11,12.09
4115,Product_4115,Category_5,115.08,15.25
4116,Product_4116,Category_8,46.87,4.87
4117,Product_4117,Category_12,245.02,16.64
4118,Product_4118,Category_7,85.25,15.23
4119,Product_4119,Category_4,169.93,7.07
4120,Product_4120,Category_19,95.66,12.09
4121,Product_4121,Category_2,253.00,5.19
4122,Product_4122,Category_19,118.62,12.09
4123,Product_4123,Category_12,163.03,16.64
4124,Product_4124,Category_20,5.82,7.01
4125,Product_4125,Category_13,162.28,9.82
4126,Product_4126,Category_19,399.01,12.09
4127,Product_4127,Category_16,125.16,10.21
4128,Product_4128,Category_6,48.50,10.37
4129,Product_4129,Category_6,453.52,10.37
4130,Product_4130,Category_3,412.66,9.60
4131,Product_4131,Category_16,113.03,10.21
4132,Product_4132,Category_3,67.32,9.60
4133,Product_4133,Category_12,228.07,16.64
4134,Product_4134,Category_1,380.32,1.59
4135,Product_4135,Category_16,125.77,10.21
4136,Product_4136,Category_12,30.09,16.64
4137,Product_4137,Category_9,263.93,17.02
4138,Product_4138,Category_2,475.29,5.19
4139,Product_4139,Category_17,430.55,8.62
4140,Product_4140,Category_15,80.61,5.71
4141,Product_4141,Category_17,44.27,8.62
4142,Product_4142,Category_6,461.02,10.37
4143,Product_4143,Category_8,64.32,4.87
4144,Product_4144,Category_1,31.91,1.59
4145,Product_4145,Category_8,126.65,4.87
4146,Product_4146,Category_13,389.40,9.82
4147,Product_4147,Category_7,278.29,15.23
4148,Product_4148,Category_4,310.24,7.07
4149,Product_4149,Category_3,81.86,9.60
4150,Product_4150,Category_3,359.08,9.60
4151,Product_4151,Category_3,110.27,9.60
4152,Product_4152,Category_7,87.80,15.23
4153,Product_4153,Category_1,147.16,1.59
4154,Product_4154,Category_11,403.60,2.04
4155,Product_4155,Category_7,128.01,15.23
4156,Product_4156,Category_20,416.09,7.01
4157,Product_4157,Category_11,177.65,2.04
4158,Product_4158,Category_4,305.17,7.07
4159,Product_4159,Category_4,88.59,7.07
4160,Product_4160,Category_9,384.38,17.02
4161,Product_4161,Category_11,385.76,2.04
4162,Product_4162,Category_20,2.49,7.01
4163,Product_4163,Category_18,314.05,1.76
4164,Product_4164,Category_6,492.48,10.37
4165,Product_4165,Category_1,428.72,1.59
4166,Product_4166,Category_14,99.16,18.89
4167,Product_4167,Category_8,180.04,4.87
4168,Product_4168,Category_16,329.00,10.21
4169,Product_4169,Category_1,314.82,1.59
4170,Product_4170,Category_13,428.36,9.82
4171,Product_4171,Category_11,356.15,2.04
4172,Product_4172,Category_4,402.65,7.07
4173,Product_4173,Category_1,474.44,1.59
4174,Product_4174,Category_12,172.50,16.64
4175,Product_4175,Category_11,16.75,2.04
4176,Product_4176,Category_15,349.15,5.71
4177,Product_4177,Category_19,310.69,12.09
4178,Product_4178,Category_20,460.86,7.01
4179,Product_4179,Category_9,150.73,17.02
4180,Product_4180,Category_13,471.72,9.82
4181,Product_4181,Category_2,245.15,5.19
4182,Product_4182,Category_11,386.06,2.04
4183,Product_4183,Category_14,151.07,18.89
4184,Product_4184,Category_13,175.86,9.82
4185,Product_4185,Category_7,392.68,15.23
4186,Product_4186,Category_8,238.04,4.87
4187,Product_4187,Category_3,254.47,9.60
4188,Product_4188,Category_2,359.58,5.19
4189,Product_4189,Category_11,212.45,2.04
4190,Product_4190,Category_20,413.96,7.01
4191,Product_4191,Category_7,341.39,15.23
4192,Product_4192,Category_13,145.20,9.82
4193,Product_4193,Category_11,80.29,2.04
4194,Product_4194,Category_4,475.01,7.07
4195,Product_4195,Category_1,184.88,1.59
4196,Product_4196,Category_5,88.49,15.25
4197,Product_4197,Category_4,100.84,7.07
4198,Product_4198,Category_13,27.09,9.82
4199,Product_4199,Category_6,71.39,10.37
4200,Product_4200,Category_12,83.52,16.64
4201,Product_4201,Category_5,306.12,15.25
4202,Product_4202,Category_14,477.16,18.89
4203,Product_4203,Category_2,127.39,5.19
4204,Product_4204,Category_14,218.68,18.89
4205,Product_4205,Category_3,223.47,9.60
4206,Product_4206,Category_17,316.81,8.62
4207,Product_4207,Category_10,400.57,1.96
4208,Product_4208,Category_4,335.53,7.07
4209,Product_4209,Category_5,350.96,15.25
4210,Product_4210,Category_9,65.75,17.02
4211,Product_4211,Category_5,122.08,15.25
4212,Product_4212,Category_12,175.89,16.64
4213,Product_4213,Category_20,411.27,7.01
4214,Product_4214,Category_2,70.16,5.19
4215,Product_4215,Category_10,442.96,1.96
4216,Product_4216,Category_20,95.80,7.01
4217,Product_4217,Category_9,42.86,17.02
4218,Product_4218,Category_12,260.97,16.64
4219,Product_4219,Category_14,403.40,18.89
4220,Product_4220,Category_19,62.61,12.09
4221,Product_4221,Category_12,201.23,16.64
4222,Product_4222,Category_3,216.53,9.60
4223,Product_4223,Category_8,213.19,4.87
4224,Product_4224,Category_10,304.17,1.96
4225,Product_4225,Category_12,296.22,16.64
4226,Product_4226,Category_18,429.76,1.76
4227,Product_4227,Category_20,178.53,7.01
4228,Product_4228,Category_8,375.51,4.87
4229,Product_4229,Category_8,25.38,4.87
4230,Product_4230,Category_16,302.24,10.21
4231,Product_4231,Category_15,20.65,5.71
4232,Product_4232,Category_10,477.11,1.96
4233,Product_4233,Category_13,379.02,9.82
4234,Product_4234,Category_8,257.82,4.87
4235,Product_4235,Category_11,386.09,2.04
4236,Product_4236,Category_17,38.22,8.62
4237,Product_4237,Category_2,334.31,5.19
4238,Product_4238,Category_3,408.41,9.60
4239,Product_4239,Category_4,194.02,7.07
4240,Product_4240,Category_5,407.85,15.25
4241,Product_4241,Category_19,224.47,12.09
4242,Product_4242,Category_9,346.31,17.02
4243,Product_4243,Category_19,35.57,12.09
4244,Product_4244,Category_3,118.65,9.60
4245,Product_4245,Category_18,332.11,1.76
4246,Product_4246,Category_11,108.05,2.04
4247,Product_4247,Category_19,388.91,12.09
4248,Product_4248,Category_5,68.84,15.25
4249,Product_4249,Category_13,431.83,9.82
4250,Product_4250,Category_15,97.45,5.71
4251,Product_4251,Category_16,223.68,10.21
4252,Product_4252,Category_8,238.06,4.87
4253,Product_4253,Category_2,405.91,5.19
4254,Product_4254,Category_14,154.35,18.89
4255,Product_4255,Category_19,430.79,12.09
4256,Product_4256,Category_11,496.50,2.04
4257,Product_4257,Category_11,136.78,2.04
4258,Product_4258,Category_16,224.00,10.21
4259,Product_4259,Category_9,140.70,17.02
4260,Product_4260,Category_17,470.67,8.62
4261,Product_4261,Category_17,375.34,8.62
4262,Product_4262,Category_10,211.57,1.96
4263,Product_4263,Category_18,105.53,1.76
4264,Product_4264,Category_11,34.80,2.04
4265,Product_4265,Category_14,109.40,18.89
4266,Product_4266,Category_9,185.11,17.02
4267,Product_4267,Category_4,5.78,7.07
4268,Product_4268,Category_2,39.34,5.19
4269,Product_4269,Category_16,204.18,10.21
4270,Product_4270,Category_17,485.12,8.62
4271,Product_4271,Category_1,388.95,1.59
4272,Product_4272,Category_11,203.87,2.04
4273,Product_4273,Category_11,375.37,2.04
4274,Product_4274,Category_11,344.91,2.04
4275,Product_4275,Category_17,269.40,8.62
4276,Product_4276,Category_7,201.22,15.23
4277,Product_4277,Category_1,191.08,1.59
4278,Product_4278,Category_4,295.75,7.07
4279,Product_4279,Category_7,6.20,15.23
4280,Product_4280,Category_4,243.78,7.07
4281,Product_4281,Category_1,19.17,1.59
4282,Product_4282,Category_11,190.55,2.04
4283,Product_4283,Category_19,45.51,12.09
4284,Product_4284,Category_6,148.12,10.37
4285,Product_4285,Category_7,67.63,15.23
4286,Product_4286,Category_19,483.10,12.09
4287,Product_4287,Category_15,16.10,5.71
4288,Product_4288,Category_19,419.43,12.09
4289,Product_4289,Category_16,256.28,10.21
4290,Product_4290,Category_20,359.38,7.01
4291,Product_4291,Category_5,241.66,15.25
4292,Product_4292,Category_19,222.51,12.09
4293,Product_4293,Category_9,246.80,17.02
4294,Product_4294,Category_12,402.44,16.64
4295,Product_4295,Category_8,82.67,4.87
4296,Product_4296,Category_16,417.01,10.21
4297,Product_4297,Category_1,73.88,1.59
4298,Product_4298,Category_1,141.23,1.59
4299,Product_4299,Category_4,382.35,7.07
4300,Product_4300,Category_17,160.85,8.62
4301,Product_4301,Category_4,461.99,7.07
4302,Product_4302,Category_3,96.33,9.60
4303,Product_4303,Category_10,497.36,1.96
4304,Product_4304,Category_20,440.81,7.01
4305,Product_4305,Category_19,391.67,12.09
4306,Product_4306,Category_11,181.08,2.04
4307,Product_4307,Category_19,6.95,12.09
4308,Product_4308,Category_3,463.82,9.60
4309,Product_4309,Category_13,163.45,9.82
4310,Product_4310,Category_10,413.86,1.96
4311,Product_4311,Category_1,302.39,1.59
4312,Product_4312,Category_14,56.69,18.89
4313,Product_4313,Category_15,293.69,5.71
4314,Product_4314,Category_8,403.90,4.87
4315,Product_4315,Category_10,33.19,1.96
4316,Product_4316,Category_7,312.55,15.23
4317,Product_4317,Category_17,150.51,8.62
4318,Product_4318,Category_9,243.78,17.02
4319,Product_4319,Category_14,175.24,18.89
4320,Product_4320,Category_15,233.58,5.71
4321,Product_4321,Category_11,59.15,2.04
4322,Product_4322,Category_9,95.33,17.02
4323,Product_4323,Category_4,225.51,7.07
4324,Product_4324,Category_17,466.55,8.62
4325,Product_4325,Category_20,271.27,7.01
4326,Product_4326,Category_7,290.98,15.23
4327,Product_4327,Category_14,392.52,18.89
4328,Product_4328,Category_18,429.76,1.76
4329,Product_4329,Category_15,40.07,5.71
4330,Product_4330,Category_5,3.14,15.25
4331,Product_4331,Category_12,388.07,16.64
4332,Product_4332,Category_19,412.10,12.09
4333,Product_4333,Category_20,227.12,7.01
4334,Product_4334,Category_16,194.04,10.21
4335,Product_4335,Category_18,273.65,1.76
4336,Product_4336,Category_13,307.61,9.82
4337,Product_4337,Category_17,164.89,8.62
4338,Product_4338,Category_4,235.62,7.07
4339,Product_4339,Category_12,331.70,16.64
4340,Product_4340,Category_7,446.52,15.23
4341,Product_4341,Category_16,336.75,10.21
4342,Product_4342,Category_12,192.49,16.64
4343,Product_4343,Category_12,340.31,16.64
4344,Product_4344,Category_5,100.84,15.25
4345,Product_4345,Category_8,378.26,4.87
4346,Product_4346,Category_17,348.63,8.62
4347,Product_4347,Category_18,417.76,1.76
4348,Product_4348,Category_14,264.49,18.89
4349,Product_4349,Category_7,157.94,15.23
4350,Product_4350,Category_14,315.60,18.89
4351,Product_4351,Category_12,51.40,16.64
4352,Product_4352,Category_7,376.77,15.23
4353,Product_4353,Category_2,251.73,5.19
4354,Product_4354,Category_13,315.10,9.82
4355,Product_4355,Category_13,239.26,9.82
4356,Product_4356,Category_19,180.60,12.09
4357,Product_4357,Category_5,335.78,15.25
4358,Product_4358,Category_8,184.91,4.87
4359,Product_4359,Category_11,239.53,2.04
4360,Product_4360,Category_18,480.78,1.76
4361,Product_4361,Category_18,69.60,1.76
4362,Product_4362,Category_18,82.74,1.76
4363,Product_4363,Category_15,121.93,5.71
4364,Product_4364,Category_17,304.95,8.62
4365,Product_4365,Category_9,127.05,17.02
4366,Product_4366,Category_11,410.09,2.04
4367,Product_4367,Category_13,197.18,9.82
4368,Product_4368,Category_15,174.51,5.71
4369,Product_4369,Category_6,344.76,10.37
4370,Product_4370,Category_2,204.16,5.19
4371,Product_4371,Category_20,260.31,7.01
4372,Product_4372,Category_14,87.13,18.89
4373,Product_4373,Category_2,83.14,5.19
4374,Product_4374,Category_1,35.47,1.59
4375,Product_4375,Category_2,85.27,5.19
4376,Product_4376,Category_17,217.11,8.62
4377,Product_4377,Category_5,359.89,15.25
4378,Product_4378,Category_10,142.24,1.96
4379,Product_4379,Category_4,282.07,7.07
4380,Product_4380,Category_10,480.67,1.96
4381,Product_4381,Category_8,389.18,4.87
4382,Product_4382,Category_16,309.76,10.21
4383,Product_4383,Category_19,380.65,12.09
4384,Product_4384,Category_12,197.35,16.64
4385,Product_4385,Category_10,318.08,1.96
4386,Product_4386,Category_20,36.01,7.01
4387,Product_4387,Category_11,225.63,2.04
4388,Product_4388,Category_12,398.74,16.64
4389,Product_4389,Category_17,102.59,8.62
4390,Product_4390,Category_9,458.14,17.02
4391,Product_4391,Category_2,264.25,5.19
4392,Product_4392,Category_11,202.48,2.04
4393,Product_4393,Category_8,277.52,4.87
4394,Product_4394,Category_12,1.16,16.64
4395,Product_4395,Category_7,110.56,15.23
4396,Product_4396,Category_5,329.08,15.25
4397,Product_4397,Category_10,105.69,1.96
4398,Product_4398,Category_5,423.15,15.25
4399,Product_4399,Category_3,160.85,9.60
4400,Product_4400,Category_20,32.61,7.01
4401,Product_4401,Category_4,234.99,7.07
4402,Product_4402,Category_5,379.23,15.25
4403,Product_4403,Category_11,170.36,2.04
4404,Product_4404,Category_17,53.10,8.62
4405,Product_4405,Category_16,202.48,10.21
4406,Product_4406,Category_16,80.21,10.21
4407,Product_4407,Category_17,446.52,8.62
4408,Product_4408,Category_18,12.12,1.76
4409,Product_4409,Category_15,190.38,5.71
4410,Product_4410,Category_13,471.21,9.82
4411,Product_4411,Category_11,407.04,2.04
4412,Product_4412,Category_10,22.46,1.96
4413,Product_4413,Category_2,9.93,5.19
4414,Product_4414,Category_15,259.68,5.71
4415,Product_4415,Category_3,108.40,9.60
4416,Product_4416,Category_7,121.23,15.23
4417,Product_4417,Category_16,392.61,10.21
4418,Product_4418,Category_11,477.92,2.04
4419,Product_4419,Category_8,301.91,4.87
4420,Product_4420,Category_14,76.74,18.89
4421,Product_4421,Category_5,321.70,15.25
4422,Product_4422,Category_3,264.78,9.60
4423,Product_4423,Category_17,58.87,8.62
4424,Product_4424,Category_16,321.09,10.21
4425,Product_4425,Category_7,371.29,15.23
4426,Product_4426,Category_7,337.31,15.23
4427,Product_4427,Category_7,492.60,15.23
4428,Product_4428,Category_6,196.34,10.37
4429,Product_4429,Category_2,103.42,5.19
4430,Product_4430,Category_3,102.85,9.60
4431,Product_4431,Category_18,431.22,1.76
4432,Product_4432,Category_5,47.70,15.25
4433,Product_4433,Category_12,72.85,16.64
4434,Product_4434,Category_20,416.54,7.01
4435,Product_4435,Category_10,290.71,1.96
4436,Product_4436,Category_15,59.60,5.71
4437,Product_4437,Category_7,138.30,15.23
4438,Product_4438,Category_20,316.15,7.01
4439,Product_4439,Category_8,185.52,4.87
4440,Product_4440,Category_8,58.19,4.87
4441,Product_4441,Category_9,430.24,17.02
4442,Product_4442,Category_1,31.66,1.59
4443,Product_4443,Category_7,364.94,15.23
4444,Product_4444,Category_4,451.97,7.07
4445,Product_4445,Category_19,42.70,12.09
4446,Product_4446,Category_11,340.67,2.04
4447,Product_4447,Category_7,20.22,15.23
4448,Product_4448,Category_1,196.71,1.59
4449,Product_4449,Category_4,180.99,7.07
4450,Product_4450,Category_19,57.80,12.09
4451,Product_4451,Category_7,73.14,15.23
4452,Product_4452,Category_2,218.31,5.19
4453,Product_4453,Category_5,196.79,15.25
4454,Product_4454,Category_14,408.99,18.89
4455,Product_4455,Category_20,460.29,7.01
4456,Product_4456,Category_11,282.48,2.04
4457,Product_4457,Category_11,415.58,2.04
4458,Product_4458,Category_3,423.06,9.60
4459,Product_4459,Category_7,10.09,15.23
4460,Product_4460,Category_19,485.86,12.09
4461,Product_4461,Category_2,234.37,5.19
4462,Product_4462,Category_19,397.54,12.09
4463,Product_4463,Category_3,308.85,9.60
4464,Product_4464,Category_14,327.25,18.89
4465,Product_4465,Category_17,258.64,8.62
4466,Product_4466,Category_16,490.08,10.21
4467,Product_4467,Category_1,253.86,1.59
4468,Product_4468,Category_8,289.82,4.87
4469,Product_4469,Category_6,199.83,10.37
4470,Product_4470,Category_19,441.64,12.09
4471,Product_4471,Category_20,161.55,7.01
4472,Product_4472,Category_17,278.87,8.62
4473,Product_4473,Category_6,339.92,10.37
4474,Product_4474,Category_4,232.89,7.07
4475,Product_4475,Category_11,312.32,2.04
4476,Product_4476,Category_16,456.64,10.21
4477,Product_4477,Category_14,11.92,18.89
4478,Product_4478,Category_10,261.63,1.96
4479,Product_4479,Category_12,418.50,16.64
4480,Product_4480,Category_3,201.47,9.60
4481,Product_4481,Category_2,189.63,5.19
4482,Product_4482,Category_5,480.03,15.25
4483,Product_4483,Category_19,267.59,12.09
4484,Product_4484,Category_16,136.10,10.21
4485,Product_4485,Category_7,437.04,15.23
4486,Product_4486,Category_3,27.25,9.60
4487,Product_4487,Category_8,43.26,4.87
4488,Product_4488,Category_13,60.21,9.82
4489,Product_4489,Category_13,344.78,9.82
4490,Product_4490,Category_13,9.42,9.82
4491,Product_4491,Category_17,7.77,8.62
4492,Product_4492,Category_18,458.49,1.76
4493,Product_4493,Category_3,15.13,9.60
4494,Product_4494,Category_10,324.64,1.96
4495,Product_4495,Category_13,482.02,9.82
4496,Product_4496,Category_5,431.17,15.25
4497,Product_4497,Category_5,35.40,15.25
4498,Product_4498,Category_7,220.99,15.23
4499,Product_4499,Category_13,401.26,9.82
4500,Product_4500,Category_15,119.75,5.71
4501,Product_4501,Category_13,5.97,9.82
4502,Product_4502,Category_15,116.15,5.71
4503,Product_4503,Category_2,203.03,5.19
4504,Product_4504,Category_10,450.96,1.96
4505,Product_4505,Category_8,1.19,4.87
4506,Product_4506,Category_18,107.85,1.76
4507,Product_4507,Category_6,225.64,10.37
4508,Product_4508,Category_2,410.36,5.19
4509,Product_4509,Category_11,15.75,2.04
4510,Product_4510,Category_7,19.38,15.23
4511,Product_4511,Category_7,191.99,15.23
4512,Product_4512,Category_13,290.39,9.82
4513,Product_4513,Category_13,283.52,9.82
4514,Product_4514,Category_16,486.06,10.21
4515,Product_4515,Category_16,36.24,10.21
4516,Product_4516,Category_6,252.83,10.37
4517,Product_4517,Category_20,49.60,7.01
4518,Product_4518,Category_11,487.35,2.04
4519,Product_4519,Category_2,361.36,5.19
4520,Product_4520,Category_16,405.30,10.21
4521,Product_4521,Category_8,432.16,4.87
4522,Product_4522,Category_11,440.72,2.04
4523,Product_4523,Category_10,0.83,1.96
4524,Product_4524,Category_18,22.26,1.76
4525,Product_4525,Category_20,46.71,7.01
4526,Product_4526,Category_17,40.96,8.62
4527,Product_4527,Category_11,479.53,2.04
4528,Product_4528,Category_6,448.55,10.37
4529,Product_4529,Category_8,469.81,4.87
4530,Product_4530,Category_17,9.00,8.62
4531,Product_4531,Category_17,161.43,8.62
4532,Product_4532,Category_15,448.21,5.71
4533,Product_4533,Category_10,473.53,1.96
4534,Product_4534,Category_14,296.24,18.89
4535,Product_4535,Category_5,77.29,15.25
4536,Product_4536,Category_15,80.27,5.71
4537,Product_4537,Category_5,371.35,15.25
4538,Product_4538,Category_3,157.65,9.60
4539,Product_4539,Category_5,148.73,15.25
4540,Product_4540,Category_4,173.84,7.07
4541,Product_4541,Category_15,58.22,5.71
4542,Product_4542,Category_11,495.27,2.04
4543,Product_4543,Category_19,479.58,12.09
4544,Product_4544,Category_12,76.23,16.64
4545,Product_4545,Category_17,71.74,8.62
4546,Product_4546,Category_3,376.27,9.60
4547,Product_4547,Category_9,127.96,17.02
4548,Product_4548,Category_8,86.87,4.87
4549,Product_4549,Category_6,411.30,10.37
4550,Product_4550,Category_11,181.69,2.04
4551,Product_4551,Category_7,427.06,15.23
4552,Product_4552,Category_9,51.03,17.02
4553,Product_4553,Category_17,497.71,8.62
4554,Product_4554,Category_19,15.97,12.09
4555,Product_4555,Category_15,13.19,5.71
4556,Product_4556,Category_2,217.92,5.19
4557,Product_4557,Category_10,262.50,1.96
4558,Product_4558,Category_5,250.23,15.25
4559,Product_4559,Category_4,485.62,7.07
4560,Product_4560,Category_4,51.07,7.07
4561,Product_4561,Category_8,476.79,4.87
4562,Product_4562,Category_16,420.69,10.21
4563,Product_4563,Category_9,27.40,17.02
4564,Product_4564,Category_15,348.29,5.71
4565,Product_4565,Category_7,286.23,15.23
4566,Product_4566,Category_4,346.66,7.07
4567,Product_4567,Category_4,474.27,7.07
4568,Product_4568,Category_7,497.63,15.23
4569,Product_4569,Category_14,249.61,18.89
4570,Product_4570,Category_3,10.41,9.60
4571,Product_4571,Category_16,380.00,10.21
4572,Product_4572,Category_18,260.27,1.76
4573,Product_4573,Category_15,135.87,5.71
4574,Product_4574,Category_19,82.43,12.09
4575,Product_4575,Category_8,367.55,4.87
4576,Product_4576,Category_18,480.67,1.76
4577,Product_4577,Category_14,291.73,18.89
4578,Product_4578,Category_15,394.83,5.71
4579,Product_4579,Category_10,366.08,1.96
4580,Product_4580,Category_15,255.33,5.71
4581,Product_4581,Category_2,289.80,5.19
4582,Product_4582,Category_13,163.20,9.82
4583,Product_4583,Category_15,292.37,5.71
4584,Product_4584,Category_14,83.83,18.89
4585,Product_4585,Category_6,368.27,10.37
4586,Product_4586,Category_13,262.48,9.82
4587,Product_4587,Category_7,13.69,15.23
4588,Product_4588,Category_5,78.63,15.25
4589,Product_4589,Category_18,24.87,1.76
4590,Product_4590,Category_10,154.19,1.96
4591,Product_4591,Category_4,223.02,7.07
4592,Product_4592,Category_8,283.67,4.87
4593,Product_4593,Category_15,312.28,5.71
4594,Product_4594,Category_14,250.02,18.89
4595,Product_4595,Category_6,365.88,10.37
4596,Product_4596,Category_6,362.28,10.37
4597,Product_4597,Category_13,277.01,9.82
4598,Product_4598,Category_10,427.65,1.96
4599,Product_4599,Category_5,85.59,15.25
4600,Product_4600,Category_8,355.14,4.87
4601,Product_4601,Category_10,75.01,1.96
4602,Product_4602,Category_12,93.76,16.64
4603,Product_4603,Category_14,391.48,18.89
4604,Product_4604,Category_12,485.08,16.64
4605,Product_4605,Category_4,61.78,7.07
4606,Product_4606,Category_20,209.55,7.01
4607,Product_4607,Category_12,97.97,16.64
4608,Product_4608,Category_7,144.74,15.23
4609,Product_4609,Category_18,380.29,1.76
4610,Product_4610,Category_1,274.18,1.59
4611,Product_4611,Category_10,364.90,1.96
4612,Product_4612,Category_10,168.91,1.96
4613,Product_4613,Category_16,435.17,10.21
4614,Product_4614,Category_8,322.66,4.87
4615,Product_4615,Category_8,212.13,4.87
4616,Product_4616,Category_9,186.16,17.02
4617,Product_4617,Category_8,241.04,4.87
4618,Product_4618,Category_18,250.38,1.76
4619,Product_4619,Category_2,423.52,5.19
4620,Product_4620,Category_16,7.06,10.21
4621,Product_4621,Category_4,445.93,7.07
4622,Product_4622,Category_4,137.50,7.07
4623,Product_4623,Category_17,69.98,8.62
4624,Product_4624,Category_3,148.51,9.60
4625,Product_4625,Category_15,391.10,5.71
4626,Product_4626,Category_3,251.66,9.60
4627,Product_4627,Category_9,202.89,17.02
4628,Product_4628,Category_19,349.42,12.09
4629,Product_4629,Category_5,329.06,15.25
4630,Product_4630,Category_14,267.03,18.89
4631,Product_4631,Category_15,68.48,5.71
4632,Product_4632,Category_13,191.99,9.82
4633,Product_4633,Category_3,362.28,9.60
4634,Product_4634,Category_10,24.93,1.96
4635,Product_4635,Category_1,314.96,1.59
4636,Product_4636,Category_8,21.36,4.87
4637,Product_4637,Category_17,13.13,8.62
4638,Product_4638,Category_2,341.66,5.19
4639,Product_4639,Category_8,355.99,4.87
4640,Product_4640,Category_4,304.49,7.07
4641,Product_4641,Category_5,178.82,15.25
4642,Product_4642,Category_4,462.62,7.07
4643,Product_4643,Category_2,292.22,5.19
4644,Product_4644,Category_16,344.86,10.21
4645,Product_4645,Category_9,135.71,17.02
4646,Product_4646,Category_6,378.48,10.37
4647,Product_4647,Category_2,491.31,5.19
4648,Product_4648,Category_8,458.96,4.87
4649,Product_4649,Category_5,21.28,15.25
4650,Product_4650,Category_5,30.47,15.25
4651,Product_4651,Category_15,406.84,5.71
4652,Product_4652,Category_7,269.18,15.23
4653,Product_4653,Category_9,394.89,17.02
4654,Product_4654,Category_1,209.47,1.59
4655,Product_4655,Category_1,359.33,1.59
4656,Product_4656,Category_17,150.47,8.62
4657,Product_4657,Category_6,497.34,10.37
4658,Product_4658,Category_6,249.28,10.37
4659,Product_4659,Category_17,187.92,8.62
4660,Product_4660,Category_3,136.38,9.60
4661,Product_4661,Category_2,205.49,5.19
4662,Product_4662,Category_1,274.47,1.59
4663,Product_4663,Category_3,107.02,9.60
4664,Product_4664,Category_2,183.36,5.19
4665,Product_4665,Category_16,57.18,10.21
4666,Product_4666,Category_19,395.07,12.09
4667,Product_4667,Category_3,333.75,9.60
4668,Product_4668,Category_15,389.61,5.71
4669,Product_4669,Category_3,11.01,9.60
4670,Product_4670,Category_2,434.10,5.19
4671,Product_4671,Category_15,46.85,5.71
4672,Product_4672,Category_18,416.07,1.76
4673,Product_4673,Category_19,447.93,12.09
4674,Product_4674,Category_16,250.08,10.21
4675,Product_4675,Category_4,388.95,7.07
4676,Product_4676,Category_10,0.77,1.96
4677,Product_4677,Category_18,25.38,1.76
4678,Product_4678,Category_20,311.86,7.01
4679,Product_4679,Category_16,330.17,10.21
4680,Product_4680,Category_13,130.28,9.82
4681,Product_4681,Category_2,177.40,5.19
4682,Product_4682,Category_5,482.26,15.25
4683,Product_4683,Category_20,206.65,7.01
4684,Product_4684,Category_19,210.26,12.09
4685,Product_4685,Category_15,397.04,5.71
4686,Product_4686,Category_13,419.96,9.82
4687,Product_4687,Category_16,105.00,10.21
4688,Product_4688,Category_5,329.17,15.25
4689,Product_4689,Category_4,142.43,7.07
4690,Product_4690,Category_4,305.94,7.07
4691,Product_4691,Category_12,457.93,16.64
4692,Product_4692,Category_6,465.08,10.37
4693,Product_4693,Category_15,118.92,5.71
4694,Product_4694,Category_2,135.03,5.19
4695,Product_4695,Category_5,76.01,15.25
4696,Product_4696,Category_5,490.28,15.25
4697,Product_4697,Category_11,269.68,2.04
4698,Product_4698,Category_11,187.91,2.04
4699,Product_4699,Category_2,207.87,5.19
4700,Product_4700,Category_20,419.17,7.01
4701,Product_4701,Category_17,133.22,8.62
4702,Product_4702,Category_7,210.78,15.23
4703,Product_4703,Category_14,188.49,18.89
4704,Product_4704,Category_8,78.13,4.87
4705,Product_4705,Category_5,455.05,15.25
4706,Product_4706,Category_10,46.94,1.96
4707,Product_4707,Category_4,359.48,7.07
4708,Product_4708,Category_10,483.95,1.96
4709,Product_4709,Category_5,448.15,15.25
4710,Product_4710,Category_7,235.58,15.23
4711,Product_4711,Category_12,491.45,16.64
4712,Product_4712,Category_12,196.76,16.64
4713,Product_4713,Category_8,357.08,4.87
4714,Product_4714,Category_3,219.48,9.60
4715,Product_4715,Category_8,342.95,4.87
4716,Product_4716,Category_4,130.75,7.07
4717,Product_4717,Category_8,351.68,4.87
4718,Product_4718,Category_20,479.89,7.01
4719,Product_4719,Category_14,395.23,18.89
4720,Product_4720,Category_13,468.02,9.82
4721,Product_4721,Category_13,355.16,9.82
4722,Product_4722,Category_1,177.17,1.59
4723,Product_4723,Category_14,195.69,18.89
4724,Product_4724,Category_13,114.40,9.82
4725,Product_4725,Category_15,438.83,5.71
4726,Product_4726,Category_17,332.91,8.62
4727,Product_4727,Category_13,36.85,9.82
4728,Product_4728,Category_13,52.15,9.82
4729,Product_4729,Category_14,413.67,18.89
4730,Product_4730,Category_18,297.37,1.76
4731,Product_4731,Category_15,412.20,5.71
4732,Product_4732,Category_9,117.38,17.02
4733,Product_4733,Category_7,378.48,15.23
4734,Product_4734,Category_12,164.42,16.64
4735,Product_4735,Category_10,111.38,1.96
4736,Product_4736,Category_4,96.38,7.07
4737,Product_4737,Category_10,387.68,1.96
4738,Product_4738,Category_7,154.13,15.23
4739,Product_4739,Category_5,322.11,15.25
4740,Product_4740,Category_18,303.63,1.76
4741,Product_4741,Category_9,94.11,17.02
4742,Product_4742,Category_18,18.27,1.76
4743,Product_4743,Category_13,466.44,9.82
4744,Product_4744,Category_11,307.10,2.04
4745,Product_4745,Category_8,37.51,4.87
4746,Product_4746,Category_16,132.63,10.21
4747,Product_4747,Category_8,327.39,4.87
4748,Product_4748,Category_4,284.23,7.07
4749,Product_4749,Category_9,244.56,17.02
4750,Product_4750,Category_12,403.96,16.64
4751,Product_4751,Category_5,398.31,15.25
4752,Product_4752,Category_6,158.52,10.37
4753,Product_4753,Category_9,178.24,17.02
4754,Product_4754,Category_6,275.73,10.37
4755,Product_4755,Category_11,356.65,2.04
4756,Product_4756,Category_11,474.54,2.04
4757,Product_4757,Category_4,296.19,7.07
4758,Product_4758,Category_10,34.86,1.96
4759,Product_4759,Category_9,465.52,17.02
4760,Product_4760,Category_9,157.58,17.02
4761,Product_4761,Category_20,82.12,7.01
4762,Product_4762,Category_8,163.45,4.87
4763,Product_4763,Category_4,376.53,7.07
4764,Product_4764,Category_13,118.52,9.82
4765,Product_4765,Category_6,306.19,10.37
4766,Product_4766,Category_15,185.68,5.71
4767,Product_4767,Category_18,494.06,1.76
4768,Product_4768,Category_19,227.30,12.09
4769,Product_4769,Category_17,13.79,8.62
4770,Product_4770,Category_4,355.72,7.07
4771,Product_4771,Category_19,489.61,12.09
4772,Product_4772,Category_2,154.18,5.19
4773,Product_4773,Category_12,173.15,16.64
4774,Product_4774,Category_4,74.10,7.07
4775,Product_4775,Category_8,492.45,4.87
4776,Product_4776,Category_3,133.07,9.60
4777,Product_4777,Category_8,209.11,4.87
4778,Product_4778,Category_17,328.58,8.62
4779,Product_4779,Category_16,173.89,10.21
4780,Product_4780,Category_15,93.12,5.71
4781,Product_4781,Category_9,256.36,17.02
4782,Product_4782,Category_8,417.47,4.87
4783,Product_4783,Category_20,49.16,7.01
4784,Product_4784,Category_6,204.36,10.37
4785,Product_4785,Category_19,7.78,12.09
4786,Product_4786,Category_18,131.50,1.76
4787,Product_4787,Category_16,293.30,10.21
4788,Product_4788,Category_10,310.38,1.96
4789,Product_4789,Category_14,454.77,18.89
4790,Product_4790,Category_1,331.87,1.59
4791,Product_4791,Category_11,266.01,2.04
4792,Product_4792,Category_13,7.59,9.82
4793,Product_4793,Category_19,146.79,12.09
4794,Product_4794,Category_19,316.84,12.09
4795,Product_4795,Category_9,278.81,17.02
4796,Product_4796,Category_2,74.48,5.19
4797,Product_4797,Category_11,107.77,2.04
4798,Product_4798,Category_14,257.91,18.89
4799,Product_4799,Category_15,165.23,5.71
4800,Product_4800,Category_12,21.38,16.64
4801,Product_4801,Category_17,62.77,8.62
4802,Product_4802,Category_15,320.16,5.71
4803,Product_4803,Category_1,341.36,1.59
4804,Product_4804,Category_5,372.17,15.25
4805,Product_4805,Category_9,229.40,17.02
4806,Product_4806,Category_20,365.08,7.01
4807,Product_4807,Category_2,274.12,5.19
4808,Product_4808,Category_10,232.43,1.96
4809,Product_4809,Category_11,246.95,2.04
4810,Product_4810,Category_2,407.07,5.19
4811,Product_4811,Category_19,396.95,12.09
4812,Product_4812,Category_6,46.46,10.37
4813,Product_4813,Category_7,156.93,15.23
4814,Product_4814,Category_9,29.74,17.02
4815,Product_4815,Category_1,1.34,1.59
4816,Product_4816,Category_8,264.75,4.87
4817,Product_4817,Category_3,361.76,9.60
4818,Product_4818,Category_4,478.29,7.07
4819,Product_4819,Category_5,116.31,15.25
4820,Product_4820,Category_7,0.58,15.23
4821,Product_4821,Category_16,435.38,10.21
4822,Product_4822,Category_19,473.77,12.09
4823,Product_4823,Category_19,38.79,12.09
4824,Product_4824,Category_15,364.62,5.71
4825,Product_4825,Category_11,448.15,2.04
4826,Product_4826,Category_2,473.13,5.19
4827,Product_4827,Category_1,29.84,1.59
4828,Product_4828,Category_20,11.89,7.01
4829,Product_4829,Category_1,139.63,1.59
4830,Product_4830,Category_19,391.97,12.09
4831,Product_4831,Category_2,82.90,5.19
4832,Product_4832,Category_20,186.79,7.01
4833,Product_4833,Category_9,35.87,17.02
4834,Product_4834,Category_15,157.64,5.71
4835,Product_4835,Category_16,17.32,10.21
4836,Product_4836,Category_9,210.93,17.02
4837,Product_4837,Category_13,361.90,9.82
4838,Product_4838,Category_10,153.18,1.96
4839,Product_4839,Category_2,145.47,5.19
4840,Product_4840,Category_19,418.50,12.09
4841,Product_4841,Category_13,225.43,9.82
4842,Product_4842,Category_19,394.16,12.09
4843,Product_4843,Category_4,389.34,7.07
4844,Product_4844,Category_8,320.52,4.87
4845,Product_4845,Category_14,73.64,18.89
4846,Product_4846,Category_1,490.32,1.59
4847,Product_4847,Category_8,383.32,4.87
4848,Product_4848,Category_6,116.26,10.37
4849,Product_4849,Category_19,207.75,12.09
4850,Product_4850,Category_13,269.71,9.82
4851,Product_4851,Category_2,327.56,5.19
4852,Product_4852,Category_7,243.10,15.23
4853,Product_4853,Category_1,383.25,1.59
4854,Product_4854,Category_13,198.06,9.82
4855,Product_4855,Category_15,448.84,5.71
4856,Product_4856,Category_2,466.65,5.19
4857,Product_4857,Category_12,466.49,16.64
4858,Product_4858,Category_13,47.78,9.82
4859,Product_4859,Category_19,104.35,12.09
4860,Product_4860,Category_15,73.08,5.71
4861,Product_4861,Category_11,376.39,2.04
4862,Product_4862,Category_12,485.23,16.64
4863,Product_4863,Category_6,268.42,10.37
4864,Product_4864,Category_9,1.98,17.02
4865,Product_4865,Category_1,250.25,1.59
4866,Product_4866,Category_9,127.60,17.02
4867,Product_4867,Category_3,205.88,9.60
4868,Product_4868,Category_6,133.89,10.37
4869,Product_4869,Category_2,280.70,5.19
4870,Product_4870,Category_7,88.23,15.23
4871,Product_4871,Category_6,324.89,10.37
4872,Product_4872,Category_12,290.39,16.64
4873,Product_4873,Category_4,185.96,7.07
4874,Product_4874,Category_17,413.86,8.62
4875,Product_4875,Category_15,214.51,5.71
4876,Product_4876,Category_16,214.85,10.21
4877,Product_4877,Category_4,246.80,7.07
4878,Product_4878,Category_6,83.03,10.37
4879,Product_4879,Category_17,284.46,8.62
4880,Product_4880,Category_9,89.71,17.02
4881,Product_4881,Category_7,350.13,15.23
4882,Product_4882,Category_7,213.02,15.23
4883,Product_4883,Category_20,205.27,7.01
4884,Product_4884,Category_9,459.92,17.02
4885,Product_4885,Category_2,50.06,5.19
4886,Product_4886,Category_4,122.72,7.07
4887,Product_4887,Category_20,106.88,7.01
4888,Product_4888,Category_2,124.73,5.19
4889,Product_4889,Category_10,238.69,1.96
4890,Product_4890,Category_14,402.15,18.89
4891,Product_4891,Category_8,44.78,4.87
4892,Product_4892,Category_5,427.77,15.25
4893,Product_4893,Category_15,383.73,5.71
4894,Product_4894,Category_5,280.01,15.25
4895,Product_4895,Category_5,477.51,15.25
4896,Product_4896,Category_6,391.23,10.37
4897,Product_4897,Category_8,339.05,4.87
4898,Product_4898,Category_8,478.87,4.87
4899,Product_4899,Category_18,494.35,1.76
4900,Product_4900,Category_6,421.41,10.37
4901,Product_4901,Category_6,220.61,10.37
4902,Product_4902,Category_20,206.80,7.01
4903,Product_4903,Category_19,301.73,12.09
4904,Product_4904,Category_15,296.87,5.71
4905,Product_4905,Category_12,350.50,16.64
4906,Product_4906,Category_10,224.80,1.96
4907,Product_4907,Category_19,193.50,12.09
4908,Product_4908,Category_13,356.58,9.82
4909,Product_4909,Category_6,17.36,10.37
4910,Product_4910,Category_7,393.77,15.23
4911,Product_4911,Category_4,105.56,7.07
4912,Product_4912,Category_12,305.41,16.64
4913,Product_4913,Category_18,165.41,1.76
4914,Product_4914,Category_10,151.55,1.96
4915,Product_4915,Category_20,51.08,7.01
4916,Product_4916,Category_8,368.95,4.87
4917,Product_4917,Category_16,282.56,10.21
4918,Product_4918,Category_2,461.36,5.19
4919,Product_4919,Category_14,272.17,18.89
4920,Product_4920,Category_6,187.95,10.37
4921,Product_4921,Category_2,242.12,5.19
4922,Product_4922,Category_7,14.53,15.23
4923,Product_4923,Category_5,378.21,15.25
4924,Product_4924,Category_7,329.54,15.23
4925,Product_4925,Category_20,387.03,7.01
4926,Product_4926,Category_1,124.63,1.59
4927,Product_4927,Category_14,29.58,18.89
4928,Product_4928,Category_8,38.90,4.87
4929,Product_4929,Category_2,435.36,5.19
4930,Product_4930,Category_20,241.69,7.01
4931,Product_4931,Category_8,231.37,4.87
4932,Product_4932,Category_4,376.17,7.07
4933,Product_4933,Category_18,457.62,1.76
4934,Product_4934,Category_7,247.29,15.23
4935,Product_4935,Category_3,168.28,9.60
4936,Product_4936,Category_9,9.42,17.02
4937,Product_4937,Category_9,257.29,17.02
4938,Product_4938,Category_12,387.22,16.64
4939,Product_4939,Category_14,109.70,18.89
4940,Product_4940,Category_4,300.38,7.07
4941,Product_4941,Category_1,95.60,1.59
4942,Product_4942,Category_1,16.97,1.59
4943,Product_4943,Category_13,147.77,9.82
4944,Product_4944,Category_15,113.66,5.71
4945,Product_4945,Category_20,154.07,7.01
4946,Product_4946,Category_9,495.33,17.02
4947,Product_4947,Category_18,147.88,1.76
4948,Product_4948,Category_19,46.41,12.09
4949,Product_4949,Category_6,224.77,10.37
4950,Product_4950,Category_17,404.45,8.62
4951,Product_4951,Category_1,296.69,1.59
4952,Product_4952,Category_20,289.22,7.01
4953,Product_4953,Category_7,45.94,15.23
4954,Product_4954,Category_14,67.28,18.89
4955,Product_4955,Category_2,319.24,5.19
4956,Product_4956,Category_2,370.26,5.19
4957,Product_4957,Category_3,125.05,9.60
4958,Product_4958,Category_3,423.15,9.60
4959,Product_4959,Category_14,19.46,18.89
4960,Product_4960,Category_12,167.33,16.64
4961,Product_4961,Category_5,8.60,15.25
4962,Product_4962,Category_9,263.13,17.02
4963,Product_4963,Category_6,488.21,10.37
4964,Product_4964,Category_16,338.23,10.21
4965,Product_4965,Category_6,243.41,10.37
4966,Product_4966,Category_2,440.38,5.19
4967,Product_4967,Category_12,74.86,16.64
4968,Product_4968,Category_14,42.71,18.89
4969,Product_4969,Category_1,12.63,1.59
4970,Product_4970,Category_9,409.62,17.02
4971,Product_4971,Category_12,315.72,16.64
4972,Product_4972,Category_3,231.34,9.60
4973,Product_4973,Category_13,276.30,9.82
4974,Product_4974,Category_20,422.88,7.01
4975,Product_4975,Category_14,39.87,18.89
4976,Product_4976,Category_20,193.80,7.01
4977,Product_4977,Category_11,25.00,2.04
4978,Product_4978,Category_14,30.66,18.89
4979,Product_4979,Category_4,431.54,7.07
4980,Product_4980,Category_4,290.30,7.07
4981,Product_4981,Category_2,135.86,5.19
4982,Product_4982,Category_20,23.97,7.01
4983,Product_4983,Category_13,411.84,9.82
4984,Product_4984,Category_4,3.80,7.07
4985,Product_4985,Category_19,482.47,12.09
4986,Product_4986,Category_8,391.70,4.87
4987,Product_4987,Category_8,456.08,4.87
4988,Product_4988,Category_3,405.87,9.60
4989,Product_4989,Category_15,263.10,5.71
4990,Product_4990,Category_20,95.71,7.01
4991,Product_4991,Category_16,31.37,10.21
4992,Product_4992,Category_12,315.37,16.64
4993,Product_4993,Category_17,499.45,8.62
4994,Product_4994,Category_15,112.73,5.71
4995,Product_4995,Category_5,102.28,15.25
4996,Product_4996,Category_5,234.12,15.25
4997,Product_4997,Category_5,97.54,15.25
4998,Product_4998,Category_2,203.53,5.19
4999,Product_4999,Category_18,6.62,1.76
5000,Product_5000,Category_20,416.51,7.01
5001,Product_5001,Category_4,6.88,7.07
5002,Product_5002,Category_11,365.61,2.04
5003,Product_5003,Category_3,181.24,9.60
5004,Product_5004,Category_9,214.46,17.02
5005,Product_5005,Category_7,112.99,15.23
5006,Product_5006,Category_20,232.65,7.01
5007,Product_5007,Category_1,145.57,1.59
5008,Product_5008,Category_11,341.63,2.04
5009,Product_5009,Category_9,474.83,17.02
5010,Product_5010,Category_9,78.85,17.02
5011,Product_5011,Category_11,467.24,2.04
5012,Product_5012,Category_20,45.14,7.01
5013,Product_5013,Category_7,155.58,15.23
5014,Product_5014,Category_1,205.49,1.59
5015,Product_5015,Category_14,265.50,18.89
5016,Product_5016,Category_6,118.17,10.37
5017,Product_5017,Category_14,361.76,18.89
5018,Product_5018,Category_11,234.21,2.04
5019,Product_5019,Category_8,387.24,4.87
5020,Product_5020,Category_19,347.99,12.09
5021,Product_5021,Category_12,123.50,16.64
5022,Product_5022,Category_2,179.37,5.19
5023,Product_5023,Category_12,109.93,16.64
5024,Product_5024,Category_12,458.57,16.64
5025,Product_5025,Category_19,372.97,12.09
5026,Product_5026,Category_5,5.11,15.25
5027,Product_5027,Category_6,379.84,10.37
5028,Product_5028,Category_9,335.62,17.02
5029,Product_5029,Category_19,289.07,12.09
5030,Product_5030,Category_13,163.43,9.82
5031,Product_5031,Category_16,302.00,10.21
5032,Product_5032,Category_14,404.15,18.89
5033,Product_5033,Category_17,119.45,8.62
5034,Product_5034,Category_5,74.75,15.25
5035,Product_5035,Category_16,91.54,10.21
5036,Product_5036,Category_20,204.52,7.01
5037,Product_5037,Category_13,275.38,9.82
5038,Product_5038,Category_2,92.72,5.19
5039,Product_5039,Category_12,404.56,16.64
5040,Product_5040,Category_16,277.20,10.21
5041,Product_5041,Category_13,293.86,9.82
5042,Product_5042,Category_4,492.02,7.07
5043,Product_5043,Category_3,198.27,9.60
5044,Product_5044,Category_12,98.06,16.64
5045,Product_5045,Category_20,93.89,7.01
5046,Product_5046,Category_2,277.77,5.19
5047,Product_5047,Category_18,328.22,1.76
5048,Product_5048,Category_9,212.18,17.02
5049,Product_5049,Category_11,425.32,2.04
5050,Product_5050,Category_16,122.40,10.21
5051,Product_5051,Category_12,10.36,16.64
5052,Product_5052,Category_5,54.42,15.25
5053,Product_5053,Category_8,304.14,4.87
5054,Product_5054,Category_6,421.90,10.37
5055,Product_5055,Category_16,38.45,10.21
5056,Product_5056,Category_4,102.47,7.07
5057,Product_5057,Category_2,244.24,5.19
5058,Product_5058,Category_12,81.68,16.64
5059,Product_5059,Category_3,196.85,9.60
5060,Product_5060,Category_2,4.20,5.19
5061,Product_5061,Category_3,111.23,9.60
5062,Product_5062,Category_12,190.06,16.64
5063,Product_5063,Category_8,254.32,4.87
5064,Product_5064,Category_11,478.62,2.04
5065,Product_5065,Category_7,212.84,15.23
5066,Product_5066,Category_5,160.21,15.25
5067,Product_5067,Category_6,208.47,10.37
5068,Product_5068,Category_12,212.03,16.64
5069,Product_5069,Category_1,130.13,1.59
5070,Product_5070,Category_5,450.67,15.25
5071,Product_5071,Category_9,222.13,17.02
5072,Product_5072,Category_1,307.85,1.59
5073,Product_5073,Category_17,236.02,8.62
5074,Product_5074,Category_7,366.50,15.23
5075,Product_5075,Category_17,239.90,8.62
5076,Product_5076,Category_6,83.91,10.37
5077,Product_5077,Category_20,340.07,7.01
5078,Product_5078,Category_16,74.26,10.21
5079,Product_5079,Category_15,355.94,5.71
5080,Product_5080,Category_15,223.01,5.71
5081,Product_5081,Category_13,322.95,9.82
5082,Product_5082,Category_2,484.52,5.19
5083,Product_5083,Category_4,448.15,7.07
5084,Product_5084,Category_7,98.60,15.23
5085,Product_5085,Category_5,79.51,15.25
5086,Product_5086,Category_2,332.38,5.19
5087,Product_5087,Category_6,213.84,10.37
5088,Product_5088,Category_2,108.88,5.19
5089,Product_5089,Category_13,287.34,9.82
5090,Product_5090,Category_14,190.30,18.89
5091,Product_5091,Category_12,428.07,16.64
5092,Product_5092,Category_16,91.72,10.21
5093,Product_5093,Category_11,317.62,2.04
5094,Product_5094,Category_8,397.60,4.87
5095,Product_5095,Category_4,252.63,7.07
5096,Product_5096,Category_10,184.51,1.96
5097,Product_5097,Category_12,368.71,16.64
5098,Product_5098,Category_11,454.49,2.04
5099,Product_5099,Category_4,307.47,7.07
5100,Product_5100,Category_12,317.72,16.64
5101,Product_5101,Category_17,247.51,8.62
5102,Product_5102,Category_7,170.59,15.23
5103,Product_5103,Category_13,37.17,9.82
5104,Product_5104,Category_14,485.01,18.89
5105,Product_5105,Category_18,22.13,1.76
5106,Product_5106,Category_11,227.28,2.04
5107,Product_5107,Category_7,444.90,15.23
5108,Product_5108,Category_15,302.51,5.71
5109,Product_5109,Category_8,349.11,4.87
5110,Product_5110,Category_13,433.13,9.82
5111,Product_5111,Category_4,197.84,7.07
5112,Product_5112,Category_7,478.81,15.23
5113,Product_5113,Category_17,422.21,8.62
5114,Product_5114,Category_3,451.23,9.60
5115,Product_5115,Category_12,82.41,16.64
5116,Product_5116,Category_5,406.64,15.25
5117,Product_5117,Category_20,390.66,7.01
5118,Product_5118,Category_12,389.36,16.64
5119,Product_5119,Category_9,441.05,17.02
5120,Product_5120,Category_17,427.39,8.62
5121,Product_5121,Category_9,457.12,17.02
5122,Product_5122,Category_16,208.51,10.21
5123,Product_5123,Category_2,435.85,5.19
5124,Product_5124,Category_10,297.68,1.96
5125,Product_5125,Category_2,24.54,5.19
5126,Product_5126,Category_19,84.53,12.09
5127,Product_5127,Category_11,313.37,2.04
5128,Product_5128,Category_5,39.36,15.25
5129,Product_5129,Category_2,192.24,5.19
5130,Product_5130,Category_20,79.20,7.01
5131,Product_5131,Category_19,485.90,12.09
5132,Product_5132,Category_15,81.22,5.71
5133,Product_5133,Category_5,351.89,15.25
5134,Product_5134,Category_16,125.98,10.21
5135,Product_5135,Category_7,85.79,15.23
5136,Product_5136,Category_6,218.79,10.37
5137,Product_5137,Category_18,50.35,1.76
5138,Product_5138,Category_1,287.49,1.59
5139,Product_5139,Category_18,491.54,1.76
5140,Product_5140,Category_15,17.74,5.71
5141,Product_5141,Category_8,196.57,4.87
5142,Product_5142,Category_4,279.55,7.07
5143,Product_5143,Category_9,45.48,17.02
5144,Product_5144,Category_19,352.51,12.09
5145,Product_5145,Category_8,358.15,4.87
5146,Product_5146,Category_19,428.57,12.09
5147,Product_5147,Category_20,306.67,7.01
5148,Product_5148,Category_12,240.63,16.64
5149,Product_5149,Category_20,106.43,7.01
5150,Product_5150,Category_20,197.54,7.01
5151,Product_5151,Category_13,142.15,9.82
5152,Product_5152,Category_1,249.71,1.59
5153,Product_5153,Category_19,180.15,12.09
5154,Product_5154,Category_11,417.06,2.04
5155,Product_5155,Category_14,485.79,18.89
5156,Product_5156,Category_8,378.06,4.87
5157,Product_5157,Category_8,344.97,4.87
5158,Product_5158,Category_7,436.91,15.23
5159,Product_5159,Category_3,464.21,9.60
5160,Product_5160,Category_5,40.62,15.25
5161,Product_5161,Category_1,351.02,1.59
5162,Product_5162,Category_18,106.22,1.76
5163,Product_5163,Category_15,11.45,5.71
5164,Product_5164,Category_15,36.08,5.71
5165,Product_5165,Category_14,55.65,18.89
5166,Product_5166,Category_15,35.16,5.71
5167,Product_5167,Category_6,404.78,10.37
5168,Product_5168,Category_10,58.59,1.96
5169,Product_5169,Category_20,139.26,7.01
5170,Product_5170,Category_16,461.18,10.21
5171,Product_5171,Category_15,151.56,5.71
5172,Product_5172,Category_1,15.35,1.59
5173,Product_5173,Category_7,25.03,15.23
5174,Product_5174,Category_16,23.73,10.21
5175,Product_5175,Category_11,427.18,2.04
5176,Product_5176,Category_11,244.10,2.04
5177,Product_5177,Category_1,82.64,1.59
5178,Product_5178,Category_17,38.76,8.62
5179,Product_5179,Category_1,129.29,1.59
5180,Product_5180,Category_12,436.63,16.64
5181,Product_5181,Category_19,127.23,12.09
5182,Product_5182,Category_13,421.45,9.82
5183,Product_5183,Category_4,307.32,7.07
5184,Product_5184,Category_11,11.49,2.04
5185,Product_5185,Category_14,275.26,18.89
5186,Product_5186,Category_2,296.75,5.19
5187,Product_5187,Category_12,61.67,16.64
5188,Product_5188,Category_19,409.34,12.09
5189,Product_5189,Category_3,21.28,9.60
5190,Product_5190,Category_6,382.86,10.37
5191,Product_5191,Category_9,341.81,17.02
5192,Product_5192,Category_14,457.48,18.89
5193,Product_5193,Category_19,306.92,12.09
5194,Product_5194,Category_5,307.26,15.25
5195,Product_5195,Category_18,306.46,1.76
5196,Product_5196,Category_14,352.17,18.89
5197,Product_5197,Category_16,76.10,10.21
5198,Product_5198,Category_7,179.78,15.23
5199,Product_5199,Category_17,339.35,8.62
5200,Product_5200,Category_10,157.03,1.96
5201,Product_5201,Category_13,453.15,9.82
5202,Product_5202,Category_6,128.13,10.37
5203,Product_5203,Category_17,357.04,8.62
5204,Product_5204,Category_18,245.41,1.76
5205,Product_5205,Category_4,416.21,7.07
5206,Product_5206,Category_15,414.57,5.71
5207,Product_5207,Category_1,90.57,1.59
5208,Product_5208,Category_5,197.88,15.25
5209,Product_5209,Category_10,130.76,1.96
5210,Product_5210,Category_14,360.21,18.89
5211,Product_5211,Category_5,351.51,15.25
5212,Product_5212,Category_12,479.84,16.64
5213,Product_5213,Category_11,356.22,2.04
5214,Product_5214,Category_16,341.76,10.21
5215,Product_5215,Category_3,146.62,9.60
5216,Product_5216,Category_7,294.21,15.23
5217,Product_5217,Category_11,306.05,2.04
5218,Product_5218,Category_6,176.14,10.37
5219,Product_5219,Category_13,12.04,9.82
5220,Product_5220,Category_14,269.30,18.89
5221,Product_5221,Category_7,381.78,15.23
5222,Product_5222,Category_12,271.84,16.64
5223,Product_5223,Category_9,188.93,17.02
5224,Product_5224,Category_12,446.45,16.64
5225,Product_5225,Category_6,55.15,10.37
5226,Product_5226,Category_3,232.46,9.60
5227,Product_5227,Category_3,160.94,9.60
5228,Product_5228,Category_17,385.92,8.62
5229,Product_5229,Category_5,417.30,15.25
5230,Product_5230,Category_4,358.77,7.07
5231,Product_5231,Category_19,103.69,12.09
5232,Product_5232,Category_17,425.73,8.62
5233,Product_5233,Category_6,212.58,10.37
5234,Product_5234,Category_3,345.16,9.60
5235,Product_5235,Category_8,170.18,4.87
5236,Product_5236,Category_6,466.22,10.37
5237,Product_5237,Category_3,320.80,9.60
5238,Product_5238,Category_8,327.71,4.87
5239,Product_5239,Category_8,462.83,4.87
5240,Product_5240,Category_1,479.91,1.59
5241,Product_5241,Category_7,193.18,15.23
5242,Product_5242,Category_3,467.91,9.60
5243,Product_5243,Category_2,113.69,5.19
5244,Product_5244,Category_14,73.19,18.89
5245,Product_5245,Category_6,31.78,10.37
5246,Product_5246,Category_12,362.46,16.64
5247,Product_5247,Category_19,275.60,12.09
5248,Product_5248,Category_1,183.54,1.59
5249,Product_5249,Category_9,150.32,17.02
5250,Product_5250,Category_7,131.36,15.23
5251,Product_5251,Category_2,169.43,5.19
5252,Product_5252,Category_7,160.17,15.23
5253,Product_5253,Category_16,482.63,10.21
5254,Product_5254,Category_12,186.66,16.64
5255,Product_5255,Category_1,485.61,1.59
5256,Product_5256,Category_4,462.62,7.07
5257,Product_5257,Category_4,257.79,7.07
5258,Product_5258,Category_4,345.89,7.07
5259,Product_5259,Category_15,393.50,5.71
5260,Product_5260,Category_6,352.13,10.37
5261,Product_5261,Category_6,486.11,10.37
5262,Product_5262,Category_5,69.96,15.25
5263,Product_5263,Category_19,323.76,12.09
5264,Product_5264,Category_10,257.94,1.96
5265,Product_5265,Category_2,460.96,5.19
5266,Product_5266,Category_16,133.63,10.21
5267,Product_5267,Category_2,308.78,5.19
5268,Product_5268,Category_10,331.55,1.96
5269,Product_5269,Category_7,287.85,15.23
5270,Product_5270,Category_18,488.50,1.76
5271,Product_5271,Category_19,52.68,12.09
5272,Product_5272,Category_13,437.38,9.82
5273,Product_5273,Category_1,383.32,1.59
5274,Product_5274,Category_8,155.91,4.87
5275,Product_5275,Category_12,289.87,16.64
5276,Product_5276,Category_14,114.12,18.89
5277,Product_5277,Category_19,372.36,12.09
5278,Product_5278,Category_15,466.20,5.71
5279,Product_5279,Category_4,439.67,7.07
5280,Product_5280,Category_20,430.50,7.01
5281,Product_5281,Category_16,42.57,10.21
5282,Product_5282,Category_2,152.09,5.19
5283,Product_5283,Category_18,358.31,1.76
5284,Product_5284,Category_14,133.66,18.89
5285,Product_5285,Category_7,4.29,15.23
5286,Product_5286,Category_8,466.38,4.87
5287,Product_5287,Category_12,102.40,16.64
5288,Product_5288,Category_19,175.41,12.09
5289,Product_5289,Category_11,15.92,2.04
5290,Product_5290,Category_2,107.84,5.19
5291,Product_5291,Category_5,99.59,15.25
5292,Product_5292,Category_19,270.49,12.09
5293,Product_5293,Category_4,34.45,7.07
5294,Product_5294,Category_12,124.63,16.64
5295,Product_5295,Category_8,406.23,4.87
5296,Product_5296,Category_2,185.67,5.19
5297,Product_5297,Category_2,197.49,5.19
5298,Product_5298,Category_1,426.46,1.59
5299,Product_5299,Category_13,178.90,9.82
5300,Product_5300,Category_14,144.93,18.89
5301,Product_5301,Category_16,223.44,10.21
5302,Product_5302,Category_19,335.54,12.09
5303,Product_5303,Category_12,190.55,16.64
5304,Product_5304,Category_17,75.64,8.62
5305,Product_5305,Category_17,92.55,8.62
5306,Product_5306,Category_19,82.51,12.09
5307,Product_5307,Category_12,405.68,16.64
5308,Product_5308,Category_7,492.53,15.23
5309,Product_5309,Category_13,476.69,9.82
5310,Product_5310,Category_12,140.32,16.64
5311,Product_5311,Category_14,320.64,18.89
5312,Product_5312,Category_12,440.40,16.64
5313,Product_5313,Category_16,196.06,10.21
5314,Product_5314,Category_13,481.07,9.82
5315,Product_5315,Category_15,404.99,5.71
5316,Product_5316,Category_10,76.13,1.96
5317,Product_5317,Category_2,327.24,5.19
5318,Product_5318,Category_15,251.39,5.71
5319,Product_5319,Category_11,43.46,2.04
5320,Product_5320,Category_6,364.73,10.37
5321,Product_5321,Category_16,131.93,10.21
5322,Product_5322,Category_8,194.31,4.87
5323,Product_5323,Category_14,163.69,18.89
5324,Product_5324,Category_9,281.88,17.02
5325,Product_5325,Category_19,134.44,12.09
5326,Product_5326,Category_12,444.81,16.64
5327,Product_5327,Category_9,103.67,17.02
5328,Product_5328,Category_6,143.06,10.37
5329,Product_5329,Category_16,257.03,10.21
5330,Product_5330,Category_7,244.22,15.23
5331,Product_5331,Category_12,285.64,16.64
5332,Product_5332,Category_2,491.22,5.19
5333,Product_5333,Category_3,104.56,9.60
5334,Product_5334,Category_10,208.09,1.96
5335,Product_5335,Category_5,197.23,15.25
5336,Product_5336,Category_4,450.45,7.07
5337,Product_5337,Category_8,454.08,4.87
5338,Product_5338,Category_1,82.79,1.59
5339,Product_5339,Category_8,266.30,4.87
5340,Product_5340,Category_7,429.77,15.23
5341,Product_5341,Category_12,317.67,16.64
5342,Product_5342,Category_15,155.11,5.71
5343,Product_5343,Category_17,150.51,8.62
5344,Product_5344,Category_13,203.55,9.82
5345,Product_5345,Category_14,162.98,18.89
5346,Product_5346,Category_12,7.73,16.64
5347,Product_5347,Category_5,57.12,15.25
5348,Product_5348,Category_14,47.18,18.89
5349,Product_5349,Category_20,136.89,7.01
5350,Product_5350,Category_1,94.05,1.59
5351,Product_5351,Category_6,92.48,10.37
5352,Product_5352,Category_5,4.28,15.25
5353,Product_5353,Category_17,186.46,8.62
5354,Product_5354,Category_4,453.44,7.07
5355,Product_5355,Category_7,370.92,15.23
5356,Product_5356,Category_13,430.61,9.82
5357,Product_5357,Category_1,67.68,1.59
5358,Product_5358,Category_5,400.53,15.25
5359,Product_5359,Category_6,35.24,10.37
5360,Product_5360,Category_10,267.98,1.96
5361,Product_5361,Category_16,368.85,10.21
5362,Product_5362,Category_2,173.04,5.19
5363,Product_5363,Category_13,421.26,9.82
5364,Product_5364,Category_13,383.33,9.82
5365,Product_5365,Category_17,400.65,8.62
5366,Product_5366,Category_12,32.40,16.64
5367,Product_5367,Category_20,114.35,7.01
5368,Product_5368,Category_3,412.55,9.60
5369,Product_5369,Category_4,218.68,7.07
5370,Product_5370,Category_19,228.63,12.09
5371,Product_5371,Category_11,35.74,2.04
5372,Product_5372,Category_16,366.01,10.21
5373,Product_5373,Category_5,418.64,15.25
5374,Product_5374,Category_11,236.17,2.04
5375,Product_5375,Category_15,234.44,5.71
5376,Product_5376,Category_11,69.80,2.04
5377,Product_5377,Category_18,355.30,1.76
5378,Product_5378,Category_13,286.17,9.82
5379,Product_5379,Category_12,100.86,16.64
5380,Product_5380,Category_11,218.80,2.04
5381,Product_5381,Category_4,67.80,7.07
5382,Product_5382,Category_9,375.50,17.02
5383,Product_5383,Category_12,361.75,16.64
5384,Product_5384,Category_20,134.28,7.01
5385,Product_5385,Category_18,115.54,1.76
5386,Product_5386,Category_12,86.78,16.64
5387,Product_5387,Category_17,340.11,8.62
5388,Product_5388,Category_2,431.59,5.19
5389,Product_5389,Category_7,273.64,15.23
5390,Product_5390,Category_5,248.72,15.25
5391,Product_5391,Category_19,187.11,12.09
5392,Product_5392,Category_11,27.26,2.04
5393,Product_5393,Category_19,150.77,12.09
5394,Product_5394,Category_15,384.99,5.71
5395,Product_5395,Category_13,157.36,9.82
5396,Product_5396,Category_10,131.15,1.96
5397,Product_5397,Category_11,379.64,2.04
5398,Product_5398,Category_10,136.85,1.96
5399,Product_5399,Category_2,131.04,5.19
5400,Product_5400,Category_16,294.82,10.21
5401,Product_5401,Category_17,373.39,8.62
5402,Product_5402,Category_19,497.31,12.09
5403,Product_5403,Category_5,130.10,15.25
5404,Product_5404,Category_11,270.14,2.04
5405,Product_5405,Category_11,325.94,2.04
5406,Product_5406,Category_6,397.88,10.37
5407,Product_5407,Category_6,297.08,10.37
5408,Product_5408,Category_13,233.98,9.82
5409,Product_5409,Category_14,64.21,18.89
5410,Product_5410,Category_12,210.94,16.64
5411,Product_5411,Category_5,291.11,15.25
5412,Product_5412,Category_8,183.61,4.87
5413,Product_5413,Category_12,435.42,16.64
5414,Product_5414,Category_1,316.44,1.59
5415,Product_5415,Category_5,91.73,15.25
5416,Product_5416,Category_10,180.03,1.96
5417,Product_5417,Category_14,309.57,18.89
5418,Product_5418,Category_17,316.42,8.62
5419,Product_5419,Category_14,338.11,18.89
5420,Product_5420,Category_18,44.20,1.76
5421,Product_5421,Category_8,42.10,4.87
5422,Product_5422,Category_11,155.71,2.04
5423,Product_5423,Category_4,285.97,7.07
5424,Product_5424,Category_13,11.51,9.82
5425,Product_5425,Category_4,192.94,7.07
5426,Product_5426,Category_11,79.86,2.04
5427,Product_5427,Category_9,329.80,17.02
5428,Product_5428,Category_14,232.92,18.89
5429,Product_5429,Category_7,378.03,15.23
5430,Product_5430,Category_9,75.18,17.02
5431,Product_5431,Category_4,364.26,7.07
5432,Product_5432,Category_8,43.09,4.87
5433,Product_5433,Category_20,12.66,7.01
5434,Product_5434,Category_14,106.32,18.89
5435,Product_5435,Category_18,322.68,1.76
5436,Product_5436,Category_4,119.32,7.07
5437,Product_5437,Category_15,123.13,5.71
5438,Product_5438,Category_18,45.61,1.76
5439,Product_5439,Category_8,235.20,4.87
5440,Product_5440,Category_18,273.66,1.76
5441,Product_5441,Category_15,230.00,5.71
5442,Product_5442,Category_20,387.81,7.01
5443,Product_5443,Category_13,34.60,9.82
5444,Product_5444,Category_17,442.39,8.62
5445,Product_5445,Category_7,394.51,15.23
5446,Product_5446,Category_3,135.80,9.60
5447,Product_5447,Category_20,233.37,7.01
5448,Product_5448,Category_1,335.86,1.59
5449,Product_5449,Category_18,87.91,1.76
5450,Product_5450,Category_7,129.68,15.23
5451,Product_5451,Category_17,293.77,8.62
5452,Product_5452,Category_7,293.21,15.23
5453,Product_5453,Category_10,238.10,1.96
5454,Product_5454,Category_4,421.52,7.07
5455,Product_5455,Category_7,68.70,15.23
5456,Product_5456,Category_17,251.41,8.62
5457,Product_5457,Category_6,4.73,10.37
5458,Product_5458,Category_9,71.24,17.02
5459,Product_5459,Category_16,314.34,10.21
5460,Product_5460,Category_14,140.90,18.89
5461,Product_5461,Category_19,354.41,12.09
5462,Product_5462,Category_13,328.86,9.82
5463,Product_5463,Category_3,69.38,9.60
5464,Product_5464,Category_15,225.44,5.71
5465,Product_5465,Category_9,251.21,17.02
5466,Product_5466,Category_12,421.50,16.64
5467,Product_5467,Category_2,140.03,5.19
5468,Product_5468,Category_17,354.10,8.62
5469,Product_5469,Category_7,415.54,15.23
5470,Product_5470,Category_10,171.39,1.96
5471,Product_5471,Category_11,285.75,2.04
5472,Product_5472,Category_5,397.90,15.25
5473,Product_5473,Category_15,23.53,5.71
5474,Product_5474,Category_16,308.54,10.21
5475,Product_5475,Category_6,445.09,10.37
5476,Product_5476,Category_8,46.77,4.87
5477,Product_5477,Category_1,384.40,1.59
5478,Product_5478,Category_16,426.54,10.21
5479,Product_5479,Category_13,14.09,9.82
5480,Product_5480,Category_20,330.93,7.01
5481,Product_5481,Category_18,199.46,1.76
5482,Product_5482,Category_12,329.31,16.64
5483,Product_5483,Category_5,471.60,15.25
5484,Product_5484,Category_15,294.43,5.71
5485,Product_5485,Category_20,250.65,7.01
5486,Product_5486,Category_2,196.23,5.19
5487,Product_5487,Category_2,87.92,5.19
5488,Product_5488,Category_11,421.11,2.04
5489,Product_5489,Category_19,357.87,12.09
5490,Product_5490,Category_5,256.12,15.25
5491,Product_5491,Category_14,156.77,18.89
5492,Product_5492,Category_16,170.94,10.21
5493,Product_5493,Category_5,0.30,15.25
5494,Product_5494,Category_8,332.46,4.87
5495,Product_5495,Category_8,473.46,4.87
5496,Product_5496,Category_18,132.56,1.76
5497,Product_5497,Category_5,337.07,15.25
5498,Product_5498,Category_9,263.29,17.02
5499,Product_5499,Category_17,53.92,8.62
5500,Product_5500,Category_5,53.06,15.25
5501,Product_5501,Category_19,388.38,12.09
5502,Product_5502,Category_8,274.94,4.87
5503,Product_5503,Category_15,258.63,5.71
5504,Product_5504,Category_12,399.97,16.64
5505,Product_5505,Category_10,330.28,1.96
5506,Product_5506,Category_12,27.35,16.64
5507,Product_5507,Category_11,183.51,2.04
5508,Product_5508,Category_1,314.85,1.59
5509,Product_5509,Category_20,433.28,7.01
5510,Product_5510,Category_2,23.88,5.19
5511,Product_5511,Category_4,68.84,7.07
5512,Product_5512,Category_4,429.03,7.07
5513,Product_5513,Category_3,176.75,9.60
5514,Product_5514,Category_11,119.67,2.04
5515,Product_5515,Category_4,304.29,7.07
5516,Product_5516,Category_4,298.87,7.07
5517,Product_5517,Category_16,147.10,10.21
5518,Product_5518,Category_12,285.86,16.64
5519,Product_5519,Category_4,379.75,7.07
5520,Product_5520,Category_18,387.04,1.76
5521,Product_5521,Category_1,480.99,1.59
5522,Product_5522,Category_15,170.44,5.71
5523,Product_5523,Category_6,396.61,10.37
5524,Product_5524,Category_2,149.18,5.19
5525,Product_5525,Category_11,280.55,2.04
5526,Product_5526,Category_4,419.57,7.07
5527,Product_5527,Category_14,302.28,18.89
5528,Product_5528,Category_18,445.49,1.76
5529,Product_5529,Category_1,51.82,1.59
5530,Product_5530,Category_8,16.60,4.87
5531,Product_5531,Category_18,31.56,1.76
5532,Product_5532,Category_18,463.97,1.76
5533,Product_5533,Category_12,112.00,16.64
5534,Product_5534,Category_11,310.89,2.04
5535,Product_5535,Category_4,114.13,7.07
5536,Product_5536,Category_10,128.14,1.96
5537,Product_5537,Category_8,237.06,4.87
5538,Product_5538,Category_3,101.30,9.60
5539,Product_5539,Category_18,124.74,1.76
5540,Product_5540,Category_14,401.84,18.89
5541,Product_5541,Category_5,73.87,15.25
5542,Product_5542,Category_14,297.32,18.89
5543,Product_5543,Category_3,72.27,9.60
5544,Product_5544,Category_6,279.98,10.37
5545,Product_5545,Category_20,368.86,7.01
5546,Product_5546,Category_19,447.58,12.09
5547,Product_5547,Category_9,346.09,17.02
5548,Product_5548,Category_13,490.50,9.82
5549,Product_5549,Category_13,329.31,9.82
5550,Product_5550,Category_8,386.38,4.87
5551,Product_5551,Category_9,475.55,17.02
5552,Product_5552,Category_20,51.36,7.01
5553,Product_5553,Category_4,270.27,7.07
5554,Product_5554,Category_3,92.90,9.60
5555,Product_5555,Category_8,363.32,4.87
5556,Product_5556,Category_16,396.35,10.21
5557,Product_5557,Category_14,319.43,18.89
5558,Product_5558,Category_2,79.70,5.19
5559,Product_5559,Category_17,137.70,8.62
5560,Product_5560,Category_4,3.12,7.07
5561,Product_5561,Category_13,156.95,9.82
5562,Product_5562,Category_19,252.18,12.09
5563,Product_5563,Category_6,349.81,10.37
5564,Product_5564,Category_2,319.99,5.19
5565,Product_5565,Category_9,242.72,17.02
5566,Product_5566,Category_6,222.98,10.37
5567,Product_5567,Category_17,418.70,8.62
5568,Product_5568,Category_17,493.54,8.62
5569,Product_5569,Category_17,333.27,8.62
5570,Product_5570,Category_11,344.10,2.04
5571,Product_5571,Category_5,236.50,15.25
5572,Product_5572,Category_18,84.75,1.76
5573,Product_5573,Category_8,289.09,4.87
5574,Product_5574,Category_14,50.26,18.89
5575,Product_5575,Category_9,49.83,17.02
5576,Product_5576,Category_17,140.75,8.62
5577,Product_5577,Category_17,85.95,8.62
5578,Product_5578,Category_2,483.26,5.19
5579,Product_5579,Category_20,296.93,7.01
5580,Product_5580,Category_18,217.45,1.76
5581,Product_5581,Category_14,308.54,18.89
5582,Product_5582,Category_5,75.67,15.25
5583,Product_5583,Category_11,425.08,2.04
5584,Product_5584,Category_13,50.65,9.82
5585,Product_5585,Category_13,187.36,9.82
5586,Product_5586,Category_19,484.74,12.09
5587,Product_5587,Category_19,384.70,12.09
5588,Product_5588,Category_12,22.13,16.64
5589,Product_5589,Category_20,312.97,7.01
5590,Product_5590,Category_5,134.16,15.25
5591,Product_5591,Category_14,39.50,18.89
5592,Product_5592,Category_13,25.35,9.82
5593,Product_5593,Category_14,116.72,18.89
5594,Product_5594,Category_8,422.13,4.87
5595,Product_5595,Category_16,71.77,10.21
5596,Product_5596,Category_14,182.91,18.89
5597,Product_5597,Category_7,67.54,15.23
5598,Product_5598,Category_19,39.62,12.09
5599,Product_5599,Category_20,188.59,7.01
5600,Product_5600,Category_7,184.37,15.23
5601,Product_5601,Category_5,457.84,15.25
5602,Product_5602,Category_19,71.76,12.09
5603,Product_5603,Category_12,1.24,16.64
5604,Product_5604,Category_10,455.34,1.96
5605,Product_5605,Category_3,306.05,9.60
5606,Product_5606,Category_20,181.51,7.01
5607,Product_5607,Category_4,434.15,7.07
5608,Product_5608,Category_12,321.30,16.64
5609,Product_5609,Category_6,94.59,10.37
5610,Product_5610,Category_5,57.69,15.25
5611,Product_5611,Category_11,100.38,2.04
5612,Product_5612,Category_8,409.99,4.87
5613,Product_5613,Category_15,212.48,5.71
5614,Product_5614,Category_8,10.69,4.87
5615,Product_5615,Category_10,351.10,1.96
5616,Product_5616,Category_18,113.54,1.76
5617,Product_5617,Category_19,447.68,12.09
5618,Product_5618,Category_1,207.75,1.59
5619,Product_5619,Category_6,311.45,10.37
5620,Product_5620,Category_19,85.95,12.09
5621,Product_5621,Category_8,7.12,4.87
5622,Product_5622,Category_11,245.27,2.04
5623,Product_5623,Category_5,326.86,15.25
5624,Product_5624,Category_5,477.23,15.25
5625,Product_5625,Category_14,289.01,18.89
5626,Product_5626,Category_1,167.20,1.59
5627,Product_5627,Category_11,424.77,2.04
5628,Product_5628,Category_20,313.10,7.01
5629,Product_5629,Category_20,152.54,7.01
5630,Product_5630,Category_16,443.33,10.21
5631,Product_5631,Category_12,42.72,16.64
5632,Product_5632,Category_16,323.19,10.21
5633,Product_5633,Category_16,386.92,10.21
5634,Product_5634,Category_2,363.21,5.19
5635,Product_5635,Category_17,121.59,8.62
5636,Product_5636,Category_3,414.66,9.60
5637,Product_5637,Category_19,198.97,12.09
5638,Product_5638,Category_1,62.20,1.59
5639,Product_5639,Category_19,115.25,12.09
5640,Product_5640,Category_7,47.85,15.23
5641,Product_5641,Category_4,393.61,7.07
5642,Product_5642,Category_2,66.48,5.19
5643,Product_5643,Category_2,147.22,5.19
5644,Product_5644,Category_9,301.94,17.02
5645,Product_5645,Category_19,291.15,12.09
5646,Product_5646,Category_9,152.34,17.02
5647,Product_5647,Category_11,194.50,2.04
5648,Product_5648,Category_16,424.07,10.21
5649,Product_5649,Category_5,323.33,15.25
5650,Product_5650,Category_11,273.99,2.04
5651,Product_5651,Category_6,87.24,10.37
5652,Product_5652,Category_6,154.44,10.37
5653,Product_5653,Category_13,209.02,9.82
5654,Product_5654,Category_16,79.55,10.21
5655,Product_5655,Category_15,380.91,5.71
5656,Product_5656,Category_7,375.49,15.23
5657,Product_5657,Category_12,368.78,16.64
5658,Product_5658,Category_5,478.17,15.25
5659,Product_5659,Category_14,165.28,18.89
5660,Product_5660,Category_4,182.84,7.07
5661,Product_5661,Category_3,117.06,9.60
5662,Product_5662,Category_18,355.76,1.76
5663,Product_5663,Category_18,229.05,1.76
5664,Product_5664,Category_19,324.25,12.09
5665,Product_5665,Category_6,219.23,10.37
5666,Product_5666,Category_11,312.54,2.04
5667,Product_5667,Category_14,211.06,18.89
5668,Product_5668,Category_1,40.43,1.59
5669,Product_5669,Category_6,155.82,10.37
5670,Product_5670,Category_8,351.49,4.87
5671,Product_5671,Category_1,322.85,1.59
5672,Product_5672,Category_6,195.33,10.37
5673,Product_5673,Category_12,380.19,16.64
5674,Product_5674,Category_6,272.18,10.37
5675,Product_5675,Category_9,49.70,17.02
5676,Product_5676,Category_10,192.66,1.96
5677,Product_5677,Category_12,362.42,16.64
5678,Product_5678,Category_18,203.49,1.76
5679,Product_5679,Category_17,131.39,8.62
5680,Product_5680,Category_3,492.92,9.60
5681,Product_5681,Category_5,486.84,15.25
5682,Product_5682,Category_12,239.94,16.64
5683,Product_5683,Category_6,22.24,10.37
5684,Product_5684,Category_15,277.56,5.71
5685,Product_5685,Category_17,321.44,8.62
5686,Product_5686,Category_13,16.28,9.82
5687,Product_5687,Category_5,90.66,15.25
5688,Product_5688,Category_3,281.77,9.60
5689,Product_5689,Category_13,465.19,9.82
5690,Product_5690,Category_15,20.43,5.71
5691,Product_5691,Category_19,253.88,12.09
5692,Product_5692,Category_5,237.96,15.25
5693,Product_5693,Category_2,341.84,5.19
5694,Product_5694,Category_2,129.25,5.19
5695,Product_5695,Category_6,235.80,10.37
5696,Product_5696,Category_8,498.56,4.87
5697,Product_5697,Category_19,217.40,12.09
5698,Product_5698,Category_15,312.79,5.71
5699,Product_5699,Category_15,458.58,5.71
5700,Product_5700,Category_3,351.68,9.60
5701,Product_5701,Category_8,102.74,4.87
5702,Product_5702,Category_3,270.59,9.60
5703,Product_5703,Category_14,407.20,18.89
5704,Product_5704,Category_10,248.86,1.96
5705,Product_5705,Category_14,419.50,18.89
5706,Product_5706,Category_18,87.39,1.76
5707,Product_5707,Category_9,41.61,17.02
5708,Product_5708,Category_10,233.30,1.96
5709,Product_5709,Category_15,365.62,5.71
5710,Product_5710,Category_6,137.31,10.37
5711,Product_5711,Category_20,135.98,7.01
5712,Product_5712,Category_3,132.10,9.60
5713,Product_5713,Category_13,267.57,9.82
5714,Product_5714,Category_20,486.73,7.01
5715,Product_5715,Category_10,270.07,1.96
5716,Product_5716,Category_18,111.95,1.76
5717,Product_5717,Category_10,120.22,1.96
5718,Product_5718,Category_12,24.75,16.64
5719,Product_5719,Category_1,493.95,1.59
5720,Product_5720,Category_19,16.59,12.09
5721,Product_5721,Category_18,372.22,1.76
5722,Product_5722,Category_8,474.50,4.87
5723,Product_5723,Category_10,252.93,1.96
5724,Product_5724,Category_16,451.76,10.21
5725,Product_5725,Category_15,191.15,5.71
5726,Product_5726,Category_14,111.92,18.89
5727,Product_5727,Category_4,53.71,7.07
5728,Product_5728,Category_16,376.65,10.21
5729,Product_5729,Category_18,491.76,1.76
5730,Product_5730,Category_11,156.27,2.04
5731,Product_5731,Category_12,68.08,16.64
5732,Product_5732,Category_19,379.86,12.09
5733,Product_5733,Category_12,294.34,16.64
5734,Product_5734,Category_17,417.04,8.62
5735,Product_5735,Category_17,180.68,8.62
5736,Product_5736,Category_11,132.95,2.04
5737,Product_5737,Category_10,199.62,1.96
5738,Product_5738,Category_5,90.04,15.25
5739,Product_5739,Category_3,360.52,9.60
5740,Product_5740,Category_17,281.78,8.62
5741,Product_5741,Category_7,426.96,15.23
5742,Product_5742,Category_2,172.41,5.19
5743,Product_5743,Category_19,271.28,12.09
5744,Product_5744,Category_5,487.38,15.25
5745,Product_5745,Category_10,370.49,1.96
5746,Product_5746,Category_8,180.09,4.87
5747,Product_5747,Category_18,137.63,1.76
5748,Product_5748,Category_11,126.72,2.04
5749,Product_5749,Category_8,279.71,4.87
5750,Product_5750,Category_15,210.53,5.71
5751,Product_5751,Category_12,420.32,16.64
5752,Product_5752,Category_16,253.03,10.21
5753,Product_5753,Category_13,151.61,9.82
5754,Product_5754,Category_6,468.26,10.37
5755,Product_5755,Category_4,379.93,7.07
5756,Product_5756,Category_15,230.30,5.71
5757,Product_5757,Category_10,146.44,1.96
5758,Product_5758,Category_13,395.59,9.82
5759,Product_5759,Category_14,32.85,18.89
5760,Product_5760,Category_6,497.52,10.37
5761,Product_5761,Category_4,102.02,7.07
5762,Product_5762,Category_6,232.29,10.37
5763,Product_5763,Category_10,461.57,1.96
5764,Product_5764,Category_3,65.51,9.60
5765,Product_5765,Category_11,376.72,2.04
5766,Product_5766,Category_3,354.12,9.60
5767,Product_5767,Category_6,80.43,10.37
5768,Product_5768,Category_4,110.61,7.07
5769,Product_5769,Category_3,252.84,9.60
5770,Product_5770,Category_5,336.96,15.25
5771,Product_5771,Category_10,370.66,1.96
5772,Product_5772,Category_7,92.01,15.23
5773,Product_5773,Category_17,297.35,8.62
5774,Product_5774,Category_7,209.34,15.23
5775,Product_5775,Category_10,227.99,1.96
5776,Product_5776,Category_6,298.79,10.37
5777,Product_5777,Category_6,269.31,10.37
5778,Product_5778,Category_18,147.42,1.76
5779,Product_5779,Category_12,75.30,16.64
5780,Product_5780,Category_2,68.07,5.19
5781,Product_5781,Category_11,473.91,2.04
5782,Product_5782,Category_12,170.68,16.64
5783,Product_5783,Category_9,69.00,17.02
5784,Product_5784,Category_5,58.58,15.25
5785,Product_5785,Category_4,293.75,7.07
5786,Product_5786,Category_19,321.49,12.09
5787,Product_5787,Category_4,170.55,7.07
5788,Product_5788,Category_14,25.88,18.89
5789,Product_5789,Category_16,494.09,10.21
5790,Product_5790,Category_19,142.51,12.09
5791,Product_5791,Category_18,482.32,1.76
5792,Product_5792,Category_18,163.57,1.76
5793,Product_5793,Category_6,56.71,10.37
5794,Product_5794,Category_16,449.54,10.21
5795,Product_5795,Category_10,321.61,1.96
5796,Product_5796,Category_14,279.11,18.89
5797,Product_5797,Category_1,167.39,1.59
5798,Product_5798,Category_19,423.42,12.09
5799,Product_5799,Category_20,447.54,7.01
5800,Product_5800,Category_15,145.15,5.71
5801,Product_5801,Category_6,490.46,10.37
5802,Product_5802,Category_1,204.37,1.59
5803,Product_5803,Category_11,211.28,2.04
5804,Product_5804,Category_10,374.32,1.96
5805,Product_5805,Category_20,445.04,7.01
5806,Product_5806,Category_12,16.15,16.64
5807,Product_5807,Category_11,196.61,2.04
5808,Product_5808,Category_13,392.39,9.82
5809,Product_5809,Category_16,193.63,10.21
5810,Product_5810,Category_12,51.36,16.64
5811,Product_5811,Category_2,418.20,5.19
5812,Product_5812,Category_16,272.96,10.21
5813,Product_5813,Category_10,153.68,1.96
5814,Product_5814,Category_18,136.77,1.76
5815,Product_5815,Category_7,464.08,15.23
5816,Product_5816,Category_17,342.62,8.62
5817,Product_5817,Category_19,350.80,12.09
5818,Product_5818,Category_2,292.71,5.19
5819,Product_5819,Category_6,129.14,10.37
5820,Product_5820,Category_11,139.91,2.04
5821,Product_5821,Category_19,467.87,12.09
5822,Product_5822,Category_4,226.92,7.07
5823,Product_5823,Category_9,404.09,17.02
5824,Product_5824,Category_2,50.16,5.19
5825,Product_5825,Category_13,458.57,9.82
5826,Product_5826,Category_12,455.86,16.64
5827,Product_5827,Category_1,42.41,1.59
5828,Product_5828,Category_20,108.28,7.01
5829,Product_5829,Category_4,215.47,7.07
5830,Product_5830,Category_3,5.80,9.60
5831,Product_5831,Category_14,400.37,18.89
5832,Product_5832,Category_16,247.36,10.21
5833,Product_5833,Category_8,37.12,4.87
5834,Product_5834,Category_8,87.87,4.87
5835,Product_5835,Category_13,452.83,9.82
5836,Product_5836,Category_6,29.41,10.37
5837,Product_5837,Category_18,438.04,1.76
5838,Product_5838,Category_10,120.12,1.96
5839,Product_5839,Category_10,410.79,1.96
5840,Product_5840,Category_7,220.92,15.23
5841,Product_5841,Category_11,85.48,2.04
5842,Product_5842,Category_5,498.07,15.25
5843,Product_5843,Category_11,70.51,2.04
5844,Product_5844,Category_20,97.59,7.01
5845,Product_5845,Category_18,64.35,1.76
5846,Product_5846,Category_3,47.67,9.60
5847,Product_5847,Category_5,124.33,15.25
5848,Product_5848,Category_1,210.97,1.59
5849,Product_5849,Category_3,237.08,9.60
5850,Product_5850,Category_14,121.53,18.89
5851,Product_5851,Category_16,138.67,10.21
5852,Product_5852,Category_11,195.94,2.04
5853,Product_5853,Category_17,450.76,8.62
5854,Product_5854,Category_18,217.03,1.76
5855,Product_5855,Category_19,442.67,12.09
5856,Product_5856,Category_3,435.45,9.60
5857,Product_5857,Category_10,301.14,1.96
5858,Product_5858,Category_12,489.63,16.64
5859,Product_5859,Category_5,321.12,15.25
5860,Product_5860,Category_14,455.73,18.89
5861,Product_5861,Category_11,292.99,2.04
5862,Product_5862,Category_6,109.99,10.37
5863,Product_5863,Category_19,168.73,12.09
5864,Product_5864,Category_15,320.32,5.71
5865,Product_5865,Category_16,257.12,10.21
5866,Product_5866,Category_1,169.95,1.59
5867,Product_5867,Category_4,433.85,7.07
5868,Product_5868,Category_12,23.71,16.64
5869,Product_5869,Category_15,8.93,5.71
5870,Product_5870,Category_13,41.66,9.82
5871,Product_5871,Category_12,26.09,16.64
5872,Product_5872,Category_1,235.73,1.59
5873,Product_5873,Category_5,343.32,15.25
5874,Product_5874,Category_19,479.27,12.09
5875,Product_5875,Category_8,48.67,4.87
5876,Product_5876,Category_18,27.74,1.76
5877,Product_5877,Category_12,190.11,16.64
5878,Product_5878,Category_9,449.96,17.02
5879,Product_5879,Category_13,89.31,9.82
5880,Product_5880,Category_3,364.78,9.60
5881,Product_5881,Category_12,437.21,16.64
5882,Product_5882,Category_1,160.08,1.59
5883,Product_5883,Category_3,241.01,9.60
5884,Product_5884,Category_5,357.51,15.25
5885,Product_5885,Category_7,165.21,15.23
5886,Product_5886,Category_17,423.75,8.62
5887,Product_5887,Category_18,407.94,1.76
5888,Product_5888,Category_18,65.40,1.76
5889,Product_5889,Category_18,441.45,1.76
5890,Product_5890,Category_20,65.36,7.01
5891,Product_5891,Category_20,428.96,7.01
5892,Product_5892,Category_17,402.16,8.62
5893,Product_5893,Category_16,28.54,10.21
5894,Product_5894,Category_6,452.56,10.37
5895,Product_5895,Category_14,58.08,18.89
5896,Product_5896,Category_13,345.60,9.82
5897,Product_5897,Category_10,94.53,1.96
5898,Product_5898,Category_8,31.06,4.87
5899,Product_5899,Category_2,66.37,5.19
5900,Product_5900,Category_13,241.03,9.82
5901,Product_5901,Category_13,146.55,9.82
5902,Product_5902,Category_5,216.49,15.25
5903,Product_5903,Category_17,267.75,8.62
5904,Product_5904,Category_15,191.08,5.71
5905,Product_5905,Category_9,252.07,17.02
5906,Product_5906,Category_16,408.82,10.21
5907,Product_5907,Category_10,288.20,1.96
5908,Product_5908,Category_18,53.23,1.76
5909,Product_5909,Category_14,81.29,18.89
5910,Product_5910,Category_9,232.29,17.02
5911,Product_5911,Category_11,209.35,2.04
5912,Product_5912,Category_7,3.59,15.23
5913,Product_5913,Category_14,177.42,18.89
5914,Product_5914,Category_10,416.36,1.96
5915,Product_5915,Category_4,449.20,7.07
5916,Product_5916,Category_2,217.45,5.19
5917,Product_5917,Category_5,211.07,15.25
5918,Product_5918,Category_15,464.87,5.71
5919,Product_5919,Category_18,120.91,1.76
5920,Product_5920,Category_9,52.41,17.02
5921,Product_5921,Category_7,304.05,15.23
5922,Product_5922,Category_14,386.94,18.89
5923,Product_5923,Category_2,293.33,5.19
5924,Product_5924,Category_1,3.33,1.59
5925,Product_5925,Category_4,407.14,7.07
5926,Product_5926,Category_18,144.93,1.76
5927,Product_5927,Category_8,120.11,4.87
5928,Product_5928,Category_3,355.06,9.60
5929,Product_5929,Category_3,285.53,9.60
5930,Product_5930,Category_18,44.72,1.76
5931,Product_5931,Category_13,73.59,9.82
5932,Product_5932,Category_14,141.59,18.89
5933,Product_5933,Category_10,128.25,1.96
5934,Product_5934,Category_3,385.64,9.60
5935,Product_5935,Category_11,445.74,2.04
5936,Product_5936,Category_5,251.20,15.25
5937,Product_5937,Category_7,242.62,15.23
5938,Product_5938,Category_6,31.45,10.37
5939,Product_5939,Category_11,411.61,2.04
5940,Product_5940,Category_10,421.75,1.96
5941,Product_5941,Category_4,25.28,7.07
5942,Product_5942,Category_9,402.93,17.02
5943,Product_5943,Category_5,319.20,15.25
5944,Product_5944,Category_16,76.86,10.21
5945,Product_5945,Category_18,438.68,1.76
5946,Product_5946,Category_7,201.20,15.23
5947,Product_5947,Category_5,68.96,15.25
5948,Product_5948,Category_14,497.06,18.89
5949,Product_5949,Category_8,214.33,4.87
5950,Product_5950,Category_15,60.68,5.71
5951,Product_5951,Category_1,44.73,1.59
5952,Product_5952,Category_3,152.43,9.60
5953,Product_5953,Category_11,354.14,2.04
5954,Product_5954,Category_3,283.31,9.60
5955,Product_5955,Category_5,395.70,15.25
5956,Product_5956,Category_12,256.87,16.64
5957,Product_5957,Category_5,165.80,15.25
5958,Product_5958,Category_9,485.64,17.02
5959,Product_5959,Category_16,280.06,10.21
5960,Product_5960,Category_9,51.19,17.02
5961,Product_5961,Category_11,197.19,2.04
5962,Product_5962,Category_20,176.99,7.01
5963,Product_5963,Category_11,244.26,2.04
5964,Product_5964,Category_16,119.91,10.21
5965,Product_5965,Category_14,199.59,18.89
5966,Product_5966,Category_6,216.22,10.37
5967,Product_5967,Category_2,1.79,5.19
5968,Product_5968,Category_9,495.64,17.02
5969,Product_5969,Category_9,275.25,17.02
5970,Product_5970,Category_10,171.87,1.96
5971,Product_5971,Category_3,259.24,9.60
5972,Product_5972,Category_18,287.17,1.76
5973,Product_5973,Category_10,108.07,1.96
5974,Product_5974,Category_20,338.86,7.01
5975,Product_5975,Category_5,411.41,15.25
5976,Product_5976,Category_10,382.16,1.96
5977,Product_5977,Category_16,451.61,10.21
5978,Product_5978,Category_3,157.84,9.60
5979,Product_5979,Category_11,202.86,2.04
5980,Product_5980,Category_14,263.93,18.89
5981,Product_5981,Category_10,117.20,1.96
5982,Product_5982,Category_9,194.69,17.02
5983,Product_5983,Category_4,351.64,7.07
5984,Product_5984,Category_13,51.25,9.82
5985,Product_5985,Category_19,156.00,12.09
5986,Product_5986,Category_2,263.59,5.19
5987,Product_5987,Category_11,397.70,2.04
5988,Product_5988,Category_2,318.87,5.19
5989,Product_5989,Category_15,146.07,5.71
5990,Product_5990,Category_7,254.74,15.23
5991,Product_5991,Category_20,110.13,7.01
5992,Product_5992,Category_10,212.21,1.96
5993,Product_5993,Category_10,143.91,1.96
5994,Product_5994,Category_3,398.13,9.60
5995,Product_5995,Category_8,132.72,4.87
5996,Product_5996,Category_2,319.27,5.19
5997,Product_5997,Category_19,339.34,12.09
5998,Product_5998,Category_9,37.66,17.02
5999,Product_5999,Category_10,414.57,1.96
6000,Product_6000,Category_14,210.71,18.89
6001,Product_6001,Category_19,75.53,12.09
6002,Product_6002,Category_20,153.49,7.01
6003,Product_6003,Category_7,487.03,15.23
6004,Product_6004,Category_17,87.70,8.62
6005,Product_6005,Category_9,2.16,17.02
6006,Product_6006,Category_9,371.34,17.02
6007,Product_6007,Category_19,49.25,12.09
6008,Product_6008,Category_18,41.16,1.76
6009,Product_6009,Category_15,296.80,5.71
6010,Product_6010,Category_8,17.91,4.87
6011,Product_6011,Category_7,333.19,15.23
6012,Product_6012,Category_1,355.95,1.59
6013,Product_6013,Category_1,257.83,1.59
6014,Product_6014,Category_20,324.56,7.01
6015,Product_6015,Category_3,6.06,9.60
6016,Product_6016,Category_9,116.99,17.02
6017,Product_6017,Category_2,370.22,5.19
6018,Product_6018,Category_8,128.12,4.87
6019,Product_6019,Category_6,457.57,10.37
6020,Product_6020,Category_17,7.96,8.62
6021,Product_6021,Category_10,60.25,1.96
6022,Product_6022,Category_6,22.78,10.37
6023,Product_6023,Category_18,240.71,1.76
6024,Product_6024,Category_2,331.19,5.19
6025,Product_6025,Category_2,444.17,5.19
6026,Product_6026,Category_16,459.19,10.21
6027,Product_6027,Category_6,281.86,10.37
6028,Product_6028,Category_6,466.28,10.37
6029,Product_6029,Category_8,11.94,4.87
6030,Product_6030,Category_6,200.73,10.37
6031,Product_6031,Category_4,486.10,7.07
6032,Product_6032,Category_15,276.49,5.71
6033,Product_6033,Category_15,310.82,5.71
6034,Product_6034,Category_20,276.07,7.01
6035,Product_6035,Category_15,108.74,5.71
6036,Product_6036,Category_16,205.42,10.21
6037,Product_6037,Category_16,275.77,10.21
6038,Product_6038,Category_8,320.23,4.87
6039,Product_6039,Category_15,274.39,5.71
6040,Product_6040,Category_10,461.83,1.96
6041,Product_6041,Category_12,132.61,16.64
6042,Product_6042,Category_9,219.04,17.02
6043,Product_6043,Category_4,458.77,7.07
6044,Product_6044,Category_7,404.48,15.23
6045,Product_6045,Category_1,249.73,1.59
6046,Product_6046,Category_8,395.58,4.87
6047,Product_6047,Category_9,351.29,17.02
6048,Product_6048,Category_11,100.59,2.04
6049,Product_6049,Category_20,375.78,7.01
6050,Product_6050,Category_8,419.28,4.87
6051,Product_6051,Category_18,290.57,1.76
6052,Product_6052,Category_17,289.78,8.62
6053,Product_6053,Category_15,128.83,5.71
6054,Product_6054,Category_5,228.67,15.25
6055,Product_6055,Category_3,208.75,9.60
6056,Product_6056,Category_5,383.98,15.25
6057,Product_6057,Category_7,83.63,15.23
6058,Product_6058,Category_15,3.03,5.71
6059,Product_6059,Category_9,237.60,17.02
6060,Product_6060,Category_1,80.56,1.59
6061,Product_6061,Category_4,461.65,7.07
6062,Product_6062,Category_16,53.34,10.21
6063,Product_6063,Category_9,47.64,17.02
6064,Product_6064,Category_17,441.51,8.62
6065,Product_6065,Category_14,312.81,18.89
6066,Product_6066,Category_14,205.45,18.89
6067,Product_6067,Category_14,439.98,18.89
6068,Product_6068,Category_11,302.23,2.04
6069,Product_6069,Category_9,413.04,17.02
6070,Product_6070,Category_18,123.43,1.76
6071,Product_6071,Category_2,234.30,5.19
6072,Product_6072,Category_3,345.12,9.60
6073,Product_6073,Category_14,340.49,18.89
6074,Product_6074,Category_2,356.91,5.19
6075,Product_6075,Category_2,301.65,5.19
6076,Product_6076,Category_15,456.16,5.71
6077,Product_6077,Category_8,443.64,4.87
6078,Product_6078,Category_4,355.20,7.07
6079,Product_6079,Category_9,144.53,17.02
6080,Product_6080,Category_10,315.84,1.96
6081,Product_6081,Category_19,488.13,12.09
6082,Product_6082,Category_9,271.69,17.02
6083,Product_6083,Category_8,392.57,4.87
6084,Product_6084,Category_4,406.48,7.07
6085,Product_6085,Category_1,281.81,1.59
6086,Product_6086,Category_19,472.45,12.09
6087,Product_6087,Category_3,356.69,9.60
6088,Product_6088,Category_18,11.67,1.76
6089,Product_6089,Category_16,318.59,10.21
6090,Product_6090,Category_17,370.38,8.62
6091,Product_6091,Category_19,261.62,12.09
6092,Product_6092,Category_9,188.68,17.02
6093,Product_6093,Category_2,254.17,5.19
6094,Product_6094,Category_15,214.88,5.71
6095,Product_6095,Category_16,409.86,10.21
6096,Product_6096,Category_4,12.93,7.07
6097,Product_6097,Category_15,43.85,5.71
6098,Product_6098,Category_19,71.68,12.09
6099,Product_6099,Category_13,457.35,9.82
6100,Product_6100,Category_10,408.40,1.96
6101,Product_6101,Category_17,174.85,8.62
6102,Product_6102,Category_18,400.45,1.76
6103,Product_6103,Category_11,96.46,2.04
6104,Product_6104,Category_8,385.94,4.87
6105,Product_6105,Category_7,449.10,15.23
6106,Product_6106,Category_18,216.13,1.76
6107,Product_6107,Category_4,63.05,7.07
6108,Product_6108,Category_8,422.07,4.87
6109,Product_6109,Category_8,115.99,4.87
6110,Product_6110,Category_12,399.64,16.64
6111,Product_6111,Category_20,165.78,7.01
6112,Product_6112,Category_3,131.73,9.60
6113,Product_6113,Category_5,8.65,15.25
6114,Product_6114,Category_9,313.34,17.02
6115,Product_6115,Category_15,412.31,5.71
6116,Product_6116,Category_13,389.11,9.82
6117,Product_6117,Category_9,346.30,17.02
6118,Product_6118,Category_20,40.17,7.01
6119,Product_6119,Category_12,239.48,16.64
6120,Product_6120,Category_4,286.92,7.07
6121,Product_6121,Category_12,304.32,16.64
6122,Product_6122,Category_11,21.25,2.04
6123,Product_6123,Category_8,464.88,4.87
6124,Product_6124,Category_12,340.89,16.64
6125,Product_6125,Category_7,124.68,15.23
6126,Product_6126,Category_17,363.07,8.62
6127,Product_6127,Category_17,285.38,8.62
6128,Product_6128,Category_16,487.20,10.21
6129,Product_6129,Category_14,36.27,18.89
6130,Product_6130,Category_9,238.62,17.02
6131,Product_6131,Category_15,146.57,5.71
6132,Product_6132,Category_8,77.58,4.87
6133,Product_6133,Category_12,58.98,16.64
6134,Product_6134,Category_19,353.77,12.09
6135,Product_6135,Category_7,27.09,15.23
6136,Product_6136,Category_5,217.67,15.25
6137,Product_6137,Category_11,271.72,2.04
6138,Product_6138,Category_3,414.26,9.60
6139,Product_6139,Category_12,51.08,16.64
6140,Product_6140,Category_5,249.20,15.25
6141,Product_6141,Category_2,40.08,5.19
6142,Product_6142,Category_8,164.25,4.87
6143,Product_6143,Category_2,484.20,5.19
6144,Product_6144,Category_11,260.86,2.04
6145,Product_6145,Category_16,176.03,10.21
6146,Product_6146,Category_1,142.83,1.59
6147,Product_6147,Category_15,464.33,5.71
6148,Product_6148,Category_11,89.13,2.04
6149,Product_6149,Category_6,56.30,10.37
6150,Product_6150,Category_17,37.00,8.62
6151,Product_6151,Category_18,1.90,1.76
6152,Product_6152,Category_2,222.37,5.19
6153,Product_6153,Category_19,347.50,12.09
6154,Product_6154,Category_12,256.75,16.64
6155,Product_6155,Category_16,190.72,10.21
6156,Product_6156,Category_7,294.23,15.23
6157,Product_6157,Category_3,484.34,9.60
6158,Product_6158,Category_10,190.27,1.96
6159,Product_6159,Category_9,463.02,17.02
6160,Product_6160,Category_10,211.40,1.96
6161,Product_6161,Category_12,402.75,16.64
6162,Product_6162,Category_12,253.76,16.64
6163,Product_6163,Category_18,467.57,1.76
6164,Product_6164,Category_9,151.91,17.02
6165,Product_6165,Category_19,364.16,12.09
6166,Product_6166,Category_4,390.08,7.07
6167,Product_6167,Category_20,63.09,7.01
6168,Product_6168,Category_10,468.33,1.96
6169,Product_6169,Category_19,81.30,12.09
6170,Product_6170,Category_7,256.88,15.23
6171,Product_6171,Category_3,487.22,9.60
6172,Product_6172,Category_11,68.82,2.04
6173,Product_6173,Category_13,52.70,9.82
6174,Product_6174,Category_15,399.32,5.71
6175,Product_6175,Category_19,71.39,12.09
6176,Product_6176,Category_7,366.92,15.23
6177,Product_6177,Category_16,434.42,10.21
6178,Product_6178,Category_14,168.65,18.89
6179,Product_6179,Category_3,214.60,9.60
6180,Product_6180,Category_2,140.85,5.19
6181,Product_6181,Category_17,457.41,8.62
6182,Product_6182,Category_9,475.95,17.02
6183,Product_6183,Category_7,415.60,15.23
6184,Product_6184,Category_8,270.05,4.87
6185,Product_6185,Category_18,227.84,1.76
6186,Product_6186,Category_5,334.53,15.25
6187,Product_6187,Category_14,409.07,18.89
6188,Product_6188,Category_9,11.18,17.02
6189,Product_6189,Category_6,352.54,10.37
6190,Product_6190,Category_9,57.20,17.02
6191,Product_6191,Category_15,356.17,5.71
6192,Product_6192,Category_14,314.33,18.89
6193,Product_6193,Category_4,340.36,7.07
6194,Product_6194,Category_9,125.27,17.02
6195,Product_6195,Category_12,168.92,16.64
6196,Product_6196,Category_2,66.90,5.19
6197,Product_6197,Category_8,430.38,4.87
6198,Product_6198,Category_14,237.82,18.89
6199,Product_6199,Category_3,235.99,9.60
6200,Product_6200,Category_5,231.86,15.25
6201,Product_6201,Category_13,481.23,9.82
6202,Product_6202,Category_14,321.88,18.89
6203,Product_6203,Category_16,150.77,10.21
6204,Product_6204,Category_17,272.15,8.62
6205,Product_6205,Category_6,434.66,10.37
6206,Product_6206,Category_11,25.07,2.04
6207,Product_6207,Category_20,230.87,7.01
6208,Product_6208,Category_7,124.80,15.23
6209,Product_6209,Category_1,328.64,1.59
6210,Product_6210,Category_19,417.79,12.09
6211,Product_6211,Category_6,228.11,10.37
6212,Product_6212,Category_9,401.68,17.02
6213,Product_6213,Category_6,197.96,10.37
6214,Product_6214,Category_5,378.10,15.25
6215,Product_6215,Category_3,180.22,9.60
6216,Product_6216,Category_13,11.36,9.82
6217,Product_6217,Category_12,173.16,16.64
6218,Product_6218,Category_14,333.90,18.89
6219,Product_6219,Category_9,261.78,17.02
6220,Product_6220,Category_16,417.58,10.21
6221,Product_6221,Category_15,455.57,5.71
6222,Product_6222,Category_12,406.79,16.64
6223,Product_6223,Category_14,312.22,18.89
6224,Product_6224,Category_7,109.58,15.23
6225,Product_6225,Category_3,447.68,9.60
6226,Product_6226,Category_6,308.58,10.37
6227,Product_6227,Category_19,210.36,12.09
6228,Product_6228,Category_3,454.58,9.60
6229,Product_6229,Category_17,490.32,8.62
6230,Product_6230,Category_12,277.68,16.64
6231,Product_6231,Category_1,427.51,1.59
6232,Product_6232,Category_17,396.20,8.62
6233,Product_6233,Category_12,331.81,16.64
6234,Product_6234,Category_17,21.03,8.62
6235,Product_6235,Category_3,133.32,9.60
6236,Product_6236,Category_1,455.02,1.59
6237,Product_6237,Category_16,398.03,10.21
6238,Product_6238,Category_19,89.16,12.09
6239,Product_6239,Category_12,434.49,16.64
6240,Product_6240,Category_11,179.01,2.04
6241,Product_6241,Category_13,339.77,9.82
6242,Product_6242,Category_10,305.58,1.96
6243,Product_6243,Category_18,9.10,1.76
6244,Product_6244,Category_12,206.85,16.64
6245,Product_6245,Category_2,239.46,5.19
6246,Product_6246,Category_7,255.60,15.23
6247,Product_6247,Category_18,279.93,1.76
6248,Product_6248,Category_17,89.79,8.62
6249,Product_6249,Category_14,335.90,18.89
6250,Product_6250,Category_5,201.55,15.25
6251,Product_6251,Category_19,296.18,12.09
6252,Product_6252,Category_12,39.94,16.64
6253,Product_6253,Category_12,223.63,16.64
6254,Product_6254,Category_20,85.24,7.01
6255,Product_6255,Category_1,46.92,1.59
6256,Product_6256,Category_1,360.21,1.59
6257,Product_6257,Category_12,26.84,16.64
6258,Product_6258,Category_19,328.66,12.09
6259,Product_6259,Category_10,176.31,1.96
6260,Product_6260,Category_9,386.54,17.02
6261,Product_6261,Category_10,334.15,1.96
6262,Product_6262,Category_9,480.82,17.02
6263,Product_6263,Category_7,438.40,15.23
6264,Product_6264,Category_19,79.22,12.09
6265,Product_6265,Category_3,107.52,9.60
6266,Product_6266,Category_18,220.91,1.76
6267,Product_6267,Category_13,165.80,9.82
6268,Product_6268,Category_13,466.33,9.82
6269,Product_6269,Category_6,105.97,10.37
6270,Product_6270,Category_6,80.00,10.37
6271,Product_6271,Category_19,162.65,12.09
6272,Product_6272,Category_11,128.51,2.04
6273,Product_6273,Category_19,97.50,12.09
6274,Product_6274,Category_20,462.33,7.01
6275,Product_6275,Category_10,99.58,1.96
6276,Product_6276,Category_8,201.67,4.87
6277,Product_6277,Category_3,315.27,9.60
6278,Product_6278,Category_14,65.25,18.89
6279,Product_6279,Category_17,388.25,8.62
6280,Product_6280,Category_15,371.28,5.71
6281,Product_6281,Category_2,484.31,5.19
6282,Product_6282,Category_12,342.64,16.64
6283,Product_6283,Category_2,351.60,5.19
6284,Product_6284,Category_2,390.78,5.19
6285,Product_6285,Category_17,188.14,8.62
6286,Product_6286,Category_15,484.57,5.71
6287,Product_6287,Category_3,66.14,9.60
6288,Product_6288,Category_12,414.84,16.64
6289,Product_6289,Category_6,331.09,10.37
6290,Product_6290,Category_7,135.53,15.23
6291,Product_6291,Category_18,183.02,1.76
6292,Product_6292,Category_7,170.89,15.23
6293,Product_6293,Category_6,425.76,10.37
6294,Product_6294,Category_1,84.96,1.59
6295,Product_6295,Category_5,189.90,15.25
6296,Product_6296,Category_7,76.81,15.23
6297,Product_6297,Category_20,453.91,7.01
6298,Product_6298,Category_20,177.32,7.01
6299,Product_6299,Category_14,339.38,18.89
6300,Product_6300,Category_6,35.16,10.37
6301,Product_6301,Category_20,181.51,7.01
6302,Product_6302,Category_17,467.72,8.62
6303,Product_6303,Category_3,36.74,9.60
6304,Product_6304,Category_12,344.13,16.64
6305,Product_6305,Category_13,103.52,9.82
6306,Product_6306,Category_15,109.29,5.71
6307,Product_6307,Category_2,495.45,5.19
6308,Product_6308,Category_10,258.90,1.96
6309,Product_6309,Category_12,493.88,16.64
6310,Product_6310,Category_15,266.29,5.71
6311,Product_6311,Category_12,121.27,16.64
6312,Product_6312,Category_14,165.35,18.89
6313,Product_6313,Category_13,235.85,9.82
6314,Product_6314,Category_9,132.76,17.02
6315,Product_6315,Category_17,49.67,8.62
6316,Product_6316,Category_10,379.87,1.96
6317,Product_6317,Category_16,422.01,10.21
6318,Product_6318,Category_14,285.62,18.89
6319,Product_6319,Category_7,206.30,15.23
6320,Product_6320,Category_11,348.43,2.04
6321,Product_6321,Category_7,461.73,15.23
6322,Product_6322,Category_14,466.02,18.89
6323,Product_6323,Category_7,13.26,15.23
6324,Product_6324,Category_9,125.81,17.02
6325,Product_6325,Category_5,144.95,15.25
6326,Product_6326,Category_12,470.29,16.64
6327,Product_6327,Category_10,61.14,1.96
6328,Product_6328,Category_12,211.77,16.64
6329,Product_6329,Category_11,241.37,2.04
6330,Product_6330,Category_8,467.28,4.87
6331,Product_6331,Category_14,312.71,18.89
6332,Product_6332,Category_20,233.07,7.01
6333,Product_6333,Category_18,249.57,1.76
6334,Product_6334,Category_2,420.48,5.19
6335,Product_6335,Category_2,46.15,5.19
6336,Product_6336,Category_5,230.59,15.25
6337,Product_6337,Category_18,286.85,1.76
6338,Product_6338,Category_11,443.02,2.04
6339,Product_6339,Category_7,218.06,15.23
6340,Product_6340,Category_10,216.38,1.96
6341,Product_6341,Category_4,12.37,7.07
6342,Product_6342,Category_19,26.70,12.09
6343,Product_6343,Category_14,291.88,18.89
6344,Product_6344,Category_4,316.09,7.07
6345,Product_6345,Category_5,439.29,15.25
6346,Product_6346,Category_11,18.64,2.04
6347,Product_6347,Category_10,215.10,1.96
6348,Product_6348,Category_8,335.07,4.87
6349,Product_6349,Category_8,291.15,4.87
6350,Product_6350,Category_20,179.50,7.01
6351,Product_6351,Category_20,261.27,7.01
6352,Product_6352,Category_11,22.21,2.04
6353,Product_6353,Category_8,350.76,4.87
6354,Product_6354,Category_19,458.47,12.09
6355,Product_6355,Category_18,296.82,1.76
6356,Product_6356,Category_15,107.18,5.71
6357,Product_6357,Category_11,39.14,2.04
6358,Product_6358,Category_18,131.88,1.76
6359,Product_6359,Category_2,467.29,5.19
6360,Product_6360,Category_5,113.12,15.25
6361,Product_6361,Category_17,88.04,8.62
6362,Product_6362,Category_6,472.39,10.37
6363,Product_6363,Category_6,187.35,10.37
6364,Product_6364,Category_14,414.73,18.89
6365,Product_6365,Category_1,398.55,1.59
6366,Product_6366,Category_15,76.89,5.71
6367,Product_6367,Category_19,452.61,12.09
6368,Product_6368,Category_20,222.00,7.01
6369,Product_6369,Category_11,316.28,2.04
6370,Product_6370,Category_4,94.85,7.07
6371,Product_6371,Category_19,284.37,12.09
6372,Product_6372,Category_4,117.25,7.07
6373,Product_6373,Category_16,19.01,10.21
6374,Product_6374,Category_19,26.56,12.09
6375,Product_6375,Category_5,402.54,15.25
6376,Product_6376,Category_15,351.70,5.71
6377,Product_6377,Category_17,208.14,8.62
6378,Product_6378,Category_11,382.66,2.04
6379,Product_6379,Category_1,131.35,1.59
6380,Product_6380,Category_10,203.90,1.96
6381,Product_6381,Category_13,181.96,9.82
6382,Product_6382,Category_6,149.85,10.37
6383,Product_6383,Category_7,336.82,15.23
6384,Product_6384,Category_8,88.81,4.87
6385,Product_6385,Category_19,156.51,12.09
6386,Product_6386,Category_2,486.34,5.19
6387,Product_6387,Category_12,19.34,16.64
6388,Product_6388,Category_5,380.33,15.25
6389,Product_6389,Category_10,488.45,1.96
6390,Product_6390,Category_11,36.67,2.04
6391,Product_6391,Category_16,188.21,10.21
6392,Product_6392,Category_5,338.09,15.25
6393,Product_6393,Category_15,316.69,5.71
6394,Product_6394,Category_12,41.49,16.64
6395,Product_6395,Category_9,338.52,17.02
6396,Product_6396,Category_10,472.71,1.96
6397,Product_6397,Category_5,314.99,15.25
6398,Product_6398,Category_15,78.28,5.71
6399,Product_6399,Category_18,86.77,1.76
6400,Product_6400,Category_11,444.48,2.04
6401,Product_6401,Category_18,331.12,1.76
6402,Product_6402,Category_6,211.86,10.37
6403,Product_6403,Category_17,6.25,8.62
6404,Product_6404,Category_10,53.79,1.96
6405,Product_6405,Category_18,400.18,1.76
6406,Product_6406,Category_13,438.97,9.82
6407,Product_6407,Category_20,2.50,7.01
6408,Product_6408,Category_13,8.84,9.82
6409,Product_6409,Category_19,472.53,12.09
6410,Product_6410,Category_6,326.74,10.37
6411,Product_6411,Category_1,307.06,1.59
6412,Product_6412,Category_3,70.47,9.60
6413,Product_6413,Category_7,481.48,15.23
6414,Product_6414,Category_2,414.41,5.19
6415,Product_6415,Category_14,379.45,18.89
6416,Product_6416,Category_8,442.15,4.87
6417,Product_6417,Category_5,215.44,15.25
6418,Product_6418,Category_7,409.91,15.23
6419,Product_6419,Category_10,321.52,1.96
6420,Product_6420,Category_2,145.87,5.19
6421,Product_6421,Category_4,460.30,7.07
6422,Product_6422,Category_13,409.77,9.82
6423,Product_6423,Category_13,82.90,9.82
6424,Product_6424,Category_13,455.20,9.82
6425,Product_6425,Category_12,327.08,16.64
6426,Product_6426,Category_10,3.82,1.96
6427,Product_6427,Category_8,192.07,4.87
6428,Product_6428,Category_14,296.32,18.89
6429,Product_6429,Category_20,313.28,7.01
6430,Product_6430,Category_1,397.90,1.59
6431,Product_6431,Category_14,460.68,18.89
6432,Product_6432,Category_4,346.01,7.07
6433,Product_6433,Category_5,455.07,15.25
6434,Product_6434,Category_3,241.42,9.60
6435,Product_6435,Category_10,127.48,1.96
6436,Product_6436,Category_4,321.58,7.07
6437,Product_6437,Category_14,336.40,18.89
6438,Product_6438,Category_6,339.85,10.37
6439,Product_6439,Category_11,466.57,2.04
6440,Product_6440,Category_6,21.64,10.37
6441,Product_6441,Category_6,207.26,10.37
6442,Product_6442,Category_3,341.12,9.60
6443,Product_6443,Category_11,260.36,2.04
6444,Product_6444,Category_18,100.66,1.76
6445,Product_6445,Category_11,193.26,2.04
6446,Product_6446,Category_3,206.18,9.60
6447,Product_6447,Category_3,218.74,9.60
6448,Product_6448,Category_10,239.20,1.96
6449,Product_6449,Category_19,458.60,12.09
6450,Product_6450,Category_5,40.76,15.25
6451,Product_6451,Category_19,432.60,12.09
6452,Product_6452,Category_5,490.85,15.25
6453,Product_6453,Category_9,204.19,17.02
6454,Product_6454,Category_12,230.86,16.64
6455,Product_6455,Category_6,199.03,10.37
6456,Product_6456,Category_18,386.66,1.76
6457,Product_6457,Category_17,132.03,8.62
6458,Product_6458,Category_13,122.75,9.82
6459,Product_6459,Category_9,445.62,17.02
6460,Product_6460,Category_8,375.75,4.87
6461,Product_6461,Category_9,348.70,17.02
6462,Product_6462,Category_7,340.77,15.23
6463,Product_6463,Category_18,474.08,1.76
6464,Product_6464,Category_12,319.70,16.64
6465,Product_6465,Category_4,192.30,7.07
6466,Product_6466,Category_4,79.86,7.07
6467,Product_6467,Category_6,144.73,10.37
6468,Product_6468,Category_18,394.47,1.76
6469,Product_6469,Category_15,200.78,5.71
6470,Product_6470,Category_11,0.57,2.04
6471,Product_6471,Category_16,30.33,10.21
6472,Product_6472,Category_12,46.08,16.64
6473,Product_6473,Category_19,23.44,12.09
6474,Product_6474,Category_8,467.23,4.87
6475,Product_6475,Category_8,63.07,4.87
6476,Product_6476,Category_4,70.55,7.07
6477,Product_6477,Category_20,365.34,7.01
6478,Product_6478,Category_3,101.22,9.60
6479,Product_6479,Category_5,309.58,15.25
6480,Product_6480,Category_20,497.85,7.01
6481,Product_6481,Category_11,369.28,2.04
6482,Product_6482,Category_9,315.39,17.02
6483,Product_6483,Category_7,363.07,15.23
6484,Product_6484,Category_12,227.17,16.64
6485,Product_6485,Category_15,351.09,5.71
6486,Product_6486,Category_5,78.42,15.25
6487,Product_6487,Category_16,445.47,10.21
6488,Product_6488,Category_8,318.60,4.87
6489,Product_6489,Category_15,423.00,5.71
6490,Product_6490,Category_5,252.74,15.25
6491,Product_6491,Category_7,272.54,15.23
6492,Product_6492,Category_20,6.55,7.01
6493,Product_6493,Category_6,99.00,10.37
6494,Product_6494,Category_5,320.84,15.25
6495,Product_6495,Category_19,389.69,12.09
6496,Product_6496,Category_4,21.63,7.07
6497,Product_6497,Category_12,342.20,16.64
6498,Product_6498,Category_16,382.69,10.21
6499,Product_6499,Category_3,185.94,9.60
6500,Product_6500,Category_17,400.02,8.62
6501,Product_6501,Category_6,330.43,10.37
6502,Product_6502,Category_5,155.08,15.25
6503,Product_6503,Category_15,218.56,5.71
6504,Product_6504,Category_15,405.07,5.71
6505,Product_6505,Category_15,52.89,5.71
6506,Product_6506,Category_12,309.09,16.64
6507,Product_6507,Category_16,142.02,10.21
6508,Product_6508,Category_8,384.32,4.87
6509,Product_6509,Category_15,497.59,5.71
6510,Product_6510,Category_12,412.63,16.64
6511,Product_6511,Category_20,248.85,7.01
6512,Product_6512,Category_18,376.80,1.76
6513,Product_6513,Category_6,268.81,10.37
6514,Product_6514,Category_19,341.80,12.09
6515,Product_6515,Category_7,462.12,15.23
6516,Product_6516,Category_13,2.70,9.82
6517,Product_6517,Category_20,326.43,7.01
6518,Product_6518,Category_2,159.21,5.19
6519,Product_6519,Category_9,48.26,17.02
6520,Product_6520,Category_2,89.03,5.19
6521,Product_6521,Category_7,482.41,15.23
6522,Product_6522,Category_14,328.49,18.89
6523,Product_6523,Category_5,204.15,15.25
6524,Product_6524,Category_1,320.21,1.59
6525,Product_6525,Category_3,68.44,9.60
6526,Product_6526,Category_20,289.43,7.01
6527,Product_6527,Category_6,351.03,10.37
6528,Product_6528,Category_3,374.33,9.60
6529,Product_6529,Category_10,384.33,1.96
6530,Product_6530,Category_18,60.93,1.76
6531,Product_6531,Category_2,355.23,5.19
6532,Product_6532,Category_15,460.81,5.71
6533,Product_6533,Category_1,39.81,1.59
6534,Product_6534,Category_10,384.01,1.96
6535,Product_6535,Category_19,155.60,12.09
6536,Product_6536,Category_1,249.78,1.59
6537,Product_6537,Category_17,211.64,8.62
6538,Product_6538,Category_4,324.47,7.07
6539,Product_6539,Category_2,277.20,5.19
6540,Product_6540,Category_14,110.84,18.89
6541,Product_6541,Category_20,201.67,7.01
6542,Product_6542,Category_2,352.60,5.19
6543,Product_6543,Category_5,24.12,15.25
6544,Product_6544,Category_12,177.15,16.64
6545,Product_6545,Category_14,58.16,18.89
6546,Product_6546,Category_1,441.36,1.59
6547,Product_6547,Category_19,10.18,12.09
6548,Product_6548,Category_1,468.99,1.59
6549,Product_6549,Category_3,336.58,9.60
6550,Product_6550,Category_3,433.75,9.60
6551,Product_6551,Category_20,473.68,7.01
6552,Product_6552,Category_12,90.39,16.64
6553,Product_6553,Category_3,89.78,9.60
6554,Product_6554,Category_3,179.96,9.60
6555,Product_6555,Category_6,164.32,10.37
6556,Product_6556,Category_18,344.15,1.76
6557,Product_6557,Category_18,144.07,1.76
6558,Product_6558,Category_19,313.20,12.09
6559,Product_6559,Category_13,115.96,9.82
6560,Product_6560,Category_12,494.11,16.64
6561,Product_6561,Category_10,306.80,1.96
6562,Product_6562,Category_7,269.29,15.23
6563,Product_6563,Category_17,322.16,8.62
6564,Product_6564,Category_18,30.59,1.76
6565,Product_6565,Category_2,405.89,5.19
6566,Product_6566,Category_18,431.97,1.76
6567,Product_6567,Category_14,206.92,18.89
6568,Product_6568,Category_11,361.49,2.04
6569,Product_6569,Category_5,326.34,15.25
6570,Product_6570,Category_1,175.41,1.59
6571,Product_6571,Category_8,90.36,4.87
6572,Product_6572,Category_7,194.12,15.23
6573,Product_6573,Category_13,369.35,9.82
6574,Product_6574,Category_2,390.85,5.19
6575,Product_6575,Category_14,17.55,18.89
6576,Product_6576,Category_5,247.32,15.25
6577,Product_6577,Category_7,59.44,15.23
6578,Product_6578,Category_13,191.27,9.82
6579,Product_6579,Category_7,498.63,15.23
6580,Product_6580,Category_20,101.91,7.01
6581,Product_6581,Category_12,177.92,16.64
6582,Product_6582,Category_4,233.79,7.07
6583,Product_6583,Category_12,116.85,16.64
6584,Product_6584,Category_12,94.61,16.64
6585,Product_6585,Category_20,175.24,7.01
6586,Product_6586,Category_16,224.37,10.21
6587,Product_6587,Category_2,325.34,5.19
6588,Product_6588,Category_12,345.13,16.64
6589,Product_6589,Category_12,187.16,16.64
6590,Product_6590,Category_17,347.64,8.62
6591,Product_6591,Category_5,340.68,15.25
6592,Product_6592,Category_13,307.04,9.82
6593,Product_6593,Category_12,307.02,16.64
6594,Product_6594,Category_4,372.93,7.07
6595,Product_6595,Category_11,166.32,2.04
6596,Product_6596,Category_7,247.78,15.23
6597,Product_6597,Category_18,349.23,1.76
6598,Product_6598,Category_15,135.61,5.71
6599,Product_6599,Category_14,108.53,18.89
6600,Product_6600,Category_2,127.84,5.19
6601,Product_6601,Category_10,415.40,1.96
6602,Product_6602,Category_4,381.60,7.07
6603,Product_6603,Category_17,221.70,8.62
6604,Product_6604,Category_15,455.88,5.71
6605,Product_6605,Category_10,499.05,1.96
6606,Product_6606,Category_6,444.29,10.37
6607,Product_6607,Category_17,257.37,8.62
6608,Product_6608,Category_11,58.34,2.04
6609,Product_6609,Category_2,46.69,5.19
6610,Product_6610,Category_2,287.64,5.19
6611,Product_6611,Category_6,5.17,10.37
6612,Product_6612,Category_9,357.85,17.02
6613,Product_6613,Category_7,193.13,15.23
6614,Product_6614,Category_17,360.26,8.62
6615,Product_6615,Category_17,210.64,8.62
6616,Product_6616,Category_20,322.53,7.01
6617,Product_6617,Category_7,202.84,15.23
6618,Product_6618,Category_10,109.77,1.96
6619,Product_6619,Category_8,303.79,4.87
6620,Product_6620,Category_9,254.63,17.02
6621,Product_6621,Category_12,74.44,16.64
6622,Product_6622,Category_19,249.10,12.09
6623,Product_6623,Category_5,127.69,15.25
6624,Product_6624,Category_10,171.61,1.96
6625,Product_6625,Category_6,106.00,10.37
6626,Product_6626,Category_14,477.41,18.89
6627,Product_6627,Category_15,284.58,5.71
6628,Product_6628,Category_17,379.43,8.62
6629,Product_6629,Category_15,335.04,5.71
6630,Product_6630,Category_17,394.25,8.62
6631,Product_6631,Category_1,175.42,1.59
6632,Product_6632,Category_15,40.12,5.71
6633,Product_6633,Category_12,253.03,16.64
6634,Product_6634,Category_12,120.45,16.64
6635,Product_6635,Category_11,276.50,2.04
6636,Product_6636,Category_17,333.10,8.62
6637,Product_6637,Category_7,476.23,15.23
6638,Product_6638,Category_15,360.28,5.71
6639,Product_6639,Category_6,325.35,10.37
6640,Product_6640,Category_7,227.16,15.23
6641,Product_6641,Category_18,460.55,1.76
6642,Product_6642,Category_6,68.78,10.37
6643,Product_6643,Category_13,101.82,9.82
6644,Product_6644,Category_18,104.43,1.76
6645,Product_6645,Category_7,306.80,15.23
6646,Product_6646,Category_16,343.55,10.21
6647,Product_6647,Category_12,450.13,16.64
6648,Product_6648,Category_5,284.74,15.25
6649,Product_6649,Category_16,228.02,10.21
6650,Product_6650,Category_10,2.49,1.96
6651,Product_6651,Category_1,243.35,1.59
6652,Product_6652,Category_4,184.43,7.07
6653,Product_6653,Category_1,495.39,1.59
6654,Product_6654,Category_3,289.46,9.60
6655,Product_6655,Category_1,110.87,1.59
6656,Product_6656,Category_15,235.32,5.71
6657,Product_6657,Category_2,354.42,5.19
6658,Product_6658,Category_17,114.87,8.62
6659,Product_6659,Category_7,299.68,15.23
6660,Product_6660,Category_10,483.34,1.96
6661,Product_6661,Category_9,20.13,17.02
6662,Product_6662,Category_19,10.78,12.09
6663,Product_6663,Category_14,45.09,18.89
6664,Product_6664,Category_20,490.99,7.01
6665,Product_6665,Category_17,236.47,8.62
6666,Product_6666,Category_7,171.45,15.23
6667,Product_6667,Category_2,42.77,5.19
6668,Product_6668,Category_8,209.33,4.87
6669,Product_6669,Category_10,6.69,1.96
6670,Product_6670,Category_1,418.00,1.59
6671,Product_6671,Category_4,374.82,7.07
6672,Product_6672,Category_10,191.99,1.96
6673,Product_6673,Category_11,313.56,2.04
6674,Product_6674,Category_3,313.16,9.60
6675,Product_6675,Category_14,280.72,18.89
6676,Product_6676,Category_7,329.33,15.23
6677,Product_6677,Category_11,473.26,2.04
6678,Product_6678,Category_9,312.80,17.02
6679,Product_6679,Category_10,153.07,1.96
6680,Product_6680,Category_7,201.01,15.23
6681,Product_6681,Category_20,45.29,7.01
6682,Product_6682,Category_4,385.34,7.07
6683,Product_6683,Category_8,301.09,4.87
6684,Product_6684,Category_15,164.41,5.71
6685,Product_6685,Category_12,404.58,16.64
6686,Product_6686,Category_7,137.22,15.23
6687,Product_6687,Category_19,290.12,12.09
6688,Product_6688,Category_9,47.16,17.02
6689,Product_6689,Category_3,385.64,9.60
6690,Product_6690,Category_6,11.11,10.37
6691,Product_6691,Category_10,408.74,1.96
6692,Product_6692,Category_10,183.22,1.96
6693,Product_6693,Category_17,65.58,8.62
6694,Product_6694,Category_9,487.46,17.02
6695,Product_6695,Category_3,15.29,9.60
6696,Product_6696,Category_14,121.91,18.89
6697,Product_6697,Category_5,379.26,15.25
6698,Product_6698,Category_1,246.01,1.59
6699,Product_6699,Category_14,45.12,18.89
6700,Product_6700,Category_18,219.32,1.76
6701,Product_6701,Category_7,179.49,15.23
6702,Product_6702,Category_6,184.79,10.37
6703,Product_6703,Category_2,287.62,5.19
6704,Product_6704,Category_9,162.97,17.02
6705,Product_6705,Category_19,132.73,12.09
6706,Product_6706,Category_17,354.24,8.62
6707,Product_6707,Category_1,481.42,1.59
6708,Product_6708,Category_16,234.99,10.21
6709,Product_6709,Category_15,433.96,5.71
6710,Product_6710,Category_8,92.86,4.87
6711,Product_6711,Category_3,51.08,9.60
6712,Product_6712,Category_2,172.68,5.19
6713,Product_6713,Category_17,432.77,8.62
6714,Product_6714,Category_12,194.96,16.64
6715,Product_6715,Category_9,462.35,17.02
6716,Product_6716,Category_17,279.69,8.62
6717,Product_6717,Category_19,130.84,12.09
6718,Product_6718,Category_2,489.55,5.19
6719,Product_6719,Category_12,114.41,16.64
6720,Product_6720,Category_1,469.95,1.59
6721,Product_6721,Category_13,21.15,9.82
6722,Product_6722,Category_20,56.20,7.01
6723,Product_6723,Category_17,133.07,8.62
6724,Product_6724,Category_3,60.47,9.60
6725,Product_6725,Category_9,407.29,17.02
6726,Product_6726,Category_13,412.82,9.82
6727,Product_6727,Category_5,150.05,15.25
6728,Product_6728,Category_13,333.03,9.82
6729,Product_6729,Category_15,70.10,5.71
6730,Product_6730,Category_10,367.96,1.96
6731,Product_6731,Category_11,329.68,2.04
6732,Product_6732,Category_9,412.09,17.02
6733,Product_6733,Category_10,90.33,1.96
6734,Product_6734,Category_19,304.01,12.09
6735,Product_6735,Category_15,207.77,5.71
6736,Product_6736,Category_16,163.97,10.21
6737,Product_6737,Category_5,466.15,15.25
6738,Product_6738,Category_1,193.50,1.59
6739,Product_6739,Category_15,336.19,5.71
6740,Product_6740,Category_12,274.04,16.64
6741,Product_6741,Category_12,111.27,16.64
6742,Product_6742,Category_17,163.32,8.62
6743,Product_6743,Category_13,291.72,9.82
6744,Product_6744,Category_13,490.31,9.82
6745,Product_6745,Category_20,167.37,7.01
6746,Product_6746,Category_11,293.11,2.04
6747,Product_6747,Category_8,207.34,4.87
6748,Product_6748,Category_1,120.96,1.59
6749,Product_6749,Category_7,222.57,15.23
6750,Product_6750,Category_16,382.11,10.21
6751,Product_6751,Category_13,104.63,9.82
6752,Product_6752,Category_8,316.31,4.87
6753,Product_6753,Category_16,112.38,10.21
6754,Product_6754,Category_6,99.12,10.37
6755,Product_6755,Category_4,3.86,7.07
6756,Product_6756,Category_2,179.10,5.19
6757,Product_6757,Category_4,108.18,7.07
6758,Product_6758,Category_3,424.24,9.60
6759,Product_6759,Category_4,213.39,7.07
6760,Product_6760,Category_7,489.82,15.23
6761,Product_6761,Category_4,498.80,7.07
6762,Product_6762,Category_2,45.75,5.19
6763,Product_6763,Category_17,73.48,8.62
6764,Product_6764,Category_3,8.51,9.60
6765,Product_6765,Category_10,486.71,1.96
6766,Product_6766,Category_14,2.59,18.89
6767,Product_6767,Category_4,154.52,7.07
6768,Product_6768,Category_6,215.98,10.37
6769,Product_6769,Category_19,258.12,12.09
6770,Product_6770,Category_9,244.32,17.02
6771,Product_6771,Category_16,160.03,10.21
6772,Product_6772,Category_12,16.25,16.64
6773,Product_6773,Category_7,289.23,15.23
6774,Product_6774,Category_20,234.47,7.01
6775,Product_6775,Category_10,215.71,1.96
6776,Product_6776,Category_2,261.06,5.19
6777,Product_6777,Category_8,235.65,4.87
6778,Product_6778,Category_12,426.16,16.64
6779,Product_6779,Category_19,314.02,12.09
6780,Product_6780,Category_12,127.48,16.64
6781,Product_6781,Category_11,308.38,2.04
6782,Product_6782,Category_1,122.37,1.59
6783,Product_6783,Category_17,363.30,8.62
6784,Product_6784,Category_14,315.43,18.89
6785,Product_6785,Category_11,424.03,2.04
6786,Product_6786,Category_1,20.69,1.59
6787,Product_6787,Category_3,412.85,9.60
6788,Product_6788,Category_17,89.67,8.62
6789,Product_6789,Category_8,60.95,4.87
6790,Product_6790,Category_10,101.03,1.96
6791,Product_6791,Category_2,451.81,5.19
6792,Product_6792,Category_20,320.51,7.01
6793,Product_6793,Category_5,125.09,15.25
6794,Product_6794,Category_9,308.43,17.02
6795,Product_6795,Category_10,433.31,1.96
6796,Product_6796,Category_11,271.05,2.04
6797,Product_6797,Category_2,455.69,5.19
6798,Product_6798,Category_5,188.38,15.25
6799,Product_6799,Category_9,38.35,17.02
6800,Product_6800,Category_2,417.62,5.19
6801,Product_6801,Category_16,175.68,10.21
6802,Product_6802,Category_9,498.02,17.02
6803,Product_6803,Category_10,2.53,1.96
6804,Product_6804,Category_7,115.08,15.23
6805,Product_6805,Category_5,495.73,15.25
6806,Product_6806,Category_4,429.57,7.07
6807,Product_6807,Category_15,21.11,5.71
6808,Product_6808,Category_3,80.84,9.60
6809,Product_6809,Category_20,204.23,7.01
6810,Product_6810,Category_12,52.11,16.64
6811,Product_6811,Category_1,165.35,1.59
6812,Product_6812,Category_11,446.36,2.04
6813,Product_6813,Category_19,173.95,12.09
6814,Product_6814,Category_9,485.66,17.02
6815,Product_6815,Category_14,282.47,18.89
6816,Product_6816,Category_19,56.17,12.09
6817,Product_6817,Category_4,11.22,7.07
6818,Product_6818,Category_12,51.58,16.64
6819,Product_6819,Category_3,105.73,9.60
6820,Product_6820,Category_8,115.93,4.87
6821,Product_6821,Category_11,211.03,2.04
6822,Product_6822,Category_8,316.49,4.87
6823,Product_6823,Category_12,118.76,16.64
6824,Product_6824,Category_19,324.46,12.09
6825,Product_6825,Category_7,237.30,15.23
6826,Product_6826,Category_6,324.25,10.37
6827,Product_6827,Category_13,136.22,9.82
6828,Product_6828,Category_20,380.56,7.01
6829,Product_6829,Category_13,227.84,9.82
6830,Product_6830,Category_3,29.63,9.60
6831,Product_6831,Category_1,299.19,1.59
6832,Product_6832,Category_18,239.82,1.76
6833,Product_6833,Category_11,436.07,2.04
6834,Product_6834,Category_15,100.13,5.71
6835,Product_6835,Category_18,400.92,1.76
6836,Product_6836,Category_16,257.89,10.21
6837,Product_6837,Category_11,438.26,2.04
6838,Product_6838,Category_3,489.97,9.60
6839,Product_6839,Category_15,1.71,5.71
6840,Product_6840,Category_2,427.68,5.19
6841,Product_6841,Category_2,44.76,5.19
6842,Product_6842,Category_11,383.38,2.04
6843,Product_6843,Category_6,142.93,10.37
6844,Product_6844,Category_15,95.96,5.71
6845,Product_6845,Category_20,83.64,7.01
6846,Product_6846,Category_2,181.78,5.19
6847,Product_6847,Category_16,74.87,10.21
6848,Product_6848,Category_12,374.99,16.64
6849,Product_6849,Category_4,497.97,7.07
6850,Product_6850,Category_7,222.02,15.23
6851,Product_6851,Category_18,12.25,1.76
6852,Product_6852,Category_5,379.02,15.25
6853,Product_6853,Category_3,320.48,9.60
6854,Product_6854,Category_18,286.68,1.76
6855,Product_6855,Category_19,82.48,12.09
6856,Product_6856,Category_20,337.04,7.01
6857,Product_6857,Category_11,227.03,2.04
6858,Product_6858,Category_15,291.23,5.71
6859,Product_6859,Category_11,407.35,2.04
6860,Product_6860,Category_10,340.71,1.96
6861,Product_6861,Category_2,350.97,5.19
6862,Product_6862,Category_9,53.62,17.02
6863,Product_6863,Category_6,373.64,10.37
6864,Product_6864,Category_6,277.92,10.37
6865,Product_6865,Category_7,289.85,15.23
6866,Product_6866,Category_5,490.96,15.25
6867,Product_6867,Category_20,143.61,7.01
6868,Product_6868,Category_8,93.11,4.87
6869,Product_6869,Category_7,355.17,15.23
6870,Product_6870,Category_10,83.43,1.96
6871,Product_6871,Category_17,136.19,8.62
6872,Product_6872,Category_15,408.07,5.71
6873,Product_6873,Category_8,258.89,4.87
6874,Product_6874,Category_11,64.05,2.04
6875,Product_6875,Category_19,102.89,12.09
6876,Product_6876,Category_5,470.83,15.25
6877,Product_6877,Category_20,208.67,7.01
6878,Product_6878,Category_12,341.39,16.64
6879,Product_6879,Category_20,5.94,7.01
6880,Product_6880,Category_11,398.15,2.04
6881,Product_6881,Category_6,435.19,10.37
6882,Product_6882,Category_17,328.51,8.62
6883,Product_6883,Category_2,10.03,5.19
6884,Product_6884,Category_7,21.76,15.23
6885,Product_6885,Category_8,309.63,4.87
6886,Product_6886,Category_9,493.73,17.02
6887,Product_6887,Category_9,169.02,17.02
6888,Product_6888,Category_1,173.34,1.59
6889,Product_6889,Category_13,82.38,9.82
6890,Product_6890,Category_2,135.95,5.19
6891,Product_6891,Category_9,365.76,17.02
6892,Product_6892,Category_5,473.62,15.25
6893,Product_6893,Category_4,147.59,7.07
6894,Product_6894,Category_2,102.30,5.19
6895,Product_6895,Category_13,62.00,9.82
6896,Product_6896,Category_2,232.11,5.19
6897,Product_6897,Category_2,71.19,5.19
6898,Product_6898,Category_1,34.52,1.59
6899,Product_6899,Category_10,39.54,1.96
6900,Product_6900,Category_18,461.83,1.76
6901,Product_6901,Category_7,161.80,15.23
6902,Product_6902,Category_15,206.49,5.71
6903,Product_6903,Category_3,419.22,9.60
6904,Product_6904,Category_8,268.73,4.87
6905,Product_6905,Category_13,102.04,9.82
6906,Product_6906,Category_8,252.12,4.87
6907,Product_6907,Category_12,445.07,16.64
6908,Product_6908,Category_2,246.96,5.19
6909,Product_6909,Category_6,202.39,10.37
6910,Product_6910,Category_2,14.10,5.19
6911,Product_6911,Category_20,265.07,7.01
6912,Product_6912,Category_1,21.02,1.59
6913,Product_6913,Category_3,383.34,9.60
6914,Product_6914,Category_7,390.47,15.23
6915,Product_6915,Category_14,453.82,18.89
6916,Product_6916,Category_5,236.81,15.25
6917,Product_6917,Category_17,101.39,8.62
6918,Product_6918,Category_20,130.51,7.01
6919,Product_6919,Category_18,128.07,1.76
6920,Product_6920,Category_15,181.68,5.71
6921,Product_6921,Category_18,156.06,1.76
6922,Product_6922,Category_2,408.46,5.19
6923,Product_6923,Category_5,108.49,15.25
6924,Product_6924,Category_4,119.70,7.07
6925,Product_6925,Category_11,172.24,2.04
6926,Product_6926,Category_1,358.53,1.59
6927,Product_6927,Category_5,28.82,15.25
6928,Product_6928,Category_15,209.79,5.71
6929,Product_6929,Category_10,47.33,1.96
6930,Product_6930,Category_3,373.15,9.60
6931,Product_6931,Category_14,285.77,18.89
6932,Product_6932,Category_1,457.72,1.59
6933,Product_6933,Category_8,151.63,4.87
6934,Product_6934,Category_19,222.96,12.09
6935,Product_6935,Category_12,1.93,16.64
6936,Product_6936,Category_15,329.71,5.71
6937,Product_6937,Category_7,142.66,15.23
6938,Product_6938,Category_5,314.57,15.25
6939,Product_6939,Category_2,276.40,5.19
6940,Product_6940,Category_4,92.38,7.07
6941,Product_6941,Category_5,290.66,15.25
6942,Product_6942,Category_12,363.00,16.64
6943,Product_6943,Category_6,85.72,10.37
6944,Product_6944,Category_2,471.81,5.19
6945,Product_6945,Category_14,240.80,18.89
6946,Product_6946,Category_11,149.79,2.04
6947,Product_6947,Category_7,313.58,15.23
6948,Product_6948,Category_13,61.73,9.82
6949,Product_6949,Category_5,351.20,15.25
6950,Product_6950,Category_20,90.40,7.01
6951,Product_6951,Category_4,126.57,7.07
6952,Product_6952,Category_20,345.95,7.01
6953,Product_6953,Category_20,257.28,7.01
6954,Product_6954,Category_11,443.99,2.04
6955,Product_6955,Category_16,144.65,10.21
6956,Product_6956,Category_20,97.64,7.01
6957,Product_6957,Category_18,496.77,1.76
6958,Product_6958,Category_7,484.27,15.23
6959,Product_6959,Category_20,255.95,7.01
6960,Product_6960,Category_13,318.94,9.82
6961,Product_6961,Category_12,470.45,16.64
6962,Product_6962,Category_12,339.44,16.64
6963,Product_6963,Category_2,26.59,5.19
6964,Product_6964,Category_5,88.31,15.25
6965,Product_6965,Category_5,451.98,15.25
6966,Product_6966,Category_1,111.74,1.59
6967,Product_6967,Category_8,302.63,4.87
6968,Product_6968,Category_15,351.98,5.71
6969,Product_6969,Category_3,362.96,9.60
6970,Product_6970,Category_17,188.47,8.62
6971,Product_6971,Category_1,371.20,1.59
6972,Product_6972,Category_8,365.30,4.87
6973,Product_6973,Category_17,375.83,8.62
6974,Product_6974,Category_16,400.14,10.21
6975,Product_6975,Category_14,217.99,18.89
6976,Product_6976,Category_18,103.47,1.76
6977,Product_6977,Category_18,181.10,1.76
6978,Product_6978,Category_9,66.04,17.02
6979,Product_6979,Category_8,25.89,4.87
6980,Product_6980,Category_7,222.12,15.23
6981,Product_6981,Category_18,164.90,1.76
6982,Product_6982,Category_7,41.69,15.23
6983,Product_6983,Category_15,492.80,5.71
6984,Product_6984,Category_15,113.52,5.71
6985,Product_6985,Category_11,171.66,2.04
6986,Product_6986,Category_11,446.84,2.04
6987,Product_6987,Category_16,419.22,10.21
6988,Product_6988,Category_15,82.30,5.71
6989,Product_6989,Category_19,102.69,12.09
6990,Product_6990,Category_2,335.16,5.19
6991,Product_6991,Category_20,25.71,7.01
6992,Product_6992,Category_17,451.70,8.62
6993,Product_6993,Category_20,135.86,7.01
6994,Product_6994,Category_12,400.41,16.64
6995,Product_6995,Category_7,265.18,15.23
6996,Product_6996,Category_6,309.83,10.37
6997,Product_6997,Category_12,385.29,16.64
6998,Product_6998,Category_15,221.90,5.71
6999,Product_6999,Category_7,482.84,15.23
7000,Product_7000,Category_7,454.97,15.23
7001,Product_7001,Category_19,488.11,12.09
7002,Product_7002,Category_9,447.20,17.02
7003,Product_7003,Category_16,484.98,10.21
7004,Product_7004,Category_11,205.86,2.04
7005,Product_7005,Category_19,302.16,12.09
7006,Product_7006,Category_7,41.04,15.23
7007,Product_7007,Category_1,162.32,1.59
7008,Product_7008,Category_14,261.86,18.89
7009,Product_7009,Category_6,28.50,10.37
7010,Product_7010,Category_14,323.23,18.89
7011,Product_7011,Category_10,428.02,1.96
7012,Product_7012,Category_4,124.61,7.07
7013,Product_7013,Category_2,451.72,5.19
7014,Product_7014,Category_19,395.48,12.09
7015,Product_7015,Category_17,207.26,8.62
7016,Product_7016,Category_13,258.90,9.82
7017,Product_7017,Category_3,435.93,9.60
7018,Product_7018,Category_17,356.97,8.62
7019,Product_7019,Category_11,360.84,2.04
7020,Product_7020,Category_18,392.64,1.76
7021,Product_7021,Category_10,391.22,1.96
7022,Product_7022,Category_18,69.60,1.76
7023,Product_7023,Category_18,57.95,1.76
7024,Product_7024,Category_13,9.28,9.82
7025,Product_7025,Category_18,76.71,1.76
7026,Product_7026,Category_1,382.64,1.59
7027,Product_7027,Category_16,395.67,10.21
7028,Product_7028,Category_2,154.43,5.19
7029,Product_7029,Category_10,463.18,1.96
7030,Product_7030,Category_13,386.35,9.82
7031,Product_7031,Category_9,60.80,17.02
7032,Product_7032,Category_12,154.55,16.64
7033,Product_7033,Category_11,107.67,2.04
7034,Product_7034,Category_11,436.73,2.04
7035,Product_7035,Category_9,174.72,17.02
7036,Product_7036,Category_2,382.33,5.19
7037,Product_7037,Category_3,104.87,9.60
7038,Product_7038,Category_17,218.61,8.62
7039,Product_7039,Category_4,65.67,7.07
7040,Product_7040,Category_3,365.28,9.60
7041,Product_7041,Category_12,288.20,16.64
7042,Product_7042,Category_19,148.80,12.09
7043,Product_7043,Category_1,9.30,1.59
7044,Product_7044,Category_11,408.18,2.04
7045,Product_7045,Category_16,354.20,10.21
7046,Product_7046,Category_20,144.38,7.01
7047,Product_7047,Category_11,270.86,2.04
7048,Product_7048,Category_1,39.65,1.59
7049,Product_7049,Category_19,195.56,12.09
7050,Product_7050,Category_14,71.29,18.89
7051,Product_7051,Category_16,37.16,10.21
7052,Product_7052,Category_10,222.99,1.96
7053,Product_7053,Category_8,219.92,4.87
7054,Product_7054,Category_18,247.65,1.76
7055,Product_7055,Category_7,282.85,15.23
7056,Product_7056,Category_20,466.96,7.01
7057,Product_7057,Category_15,261.86,5.71
7058,Product_7058,Category_9,76.17,17.02
7059,Product_7059,Category_11,119.12,2.04
7060,Product_7060,Category_14,126.30,18.89
7061,Product_7061,Category_15,469.41,5.71
7062,Product_7062,Category_3,258.18,9.60
7063,Product_7063,Category_1,243.06,1.59
7064,Product_7064,Category_1,427.05,1.59
7065,Product_7065,Category_8,155.25,4.87
7066,Product_7066,Category_5,25.52,15.25
7067,Product_7067,Category_17,253.32,8.62
7068,Product_7068,Category_16,40.87,10.21
7069,Product_7069,Category_18,281.91,1.76
7070,Product_7070,Category_6,218.28,10.37
7071,Product_7071,Category_2,358.91,5.19
7072,Product_7072,Category_13,310.89,9.82
7073,Product_7073,Category_13,3.54,9.82
7074,Product_7074,Category_8,61.31,4.87
7075,Product_7075,Category_20,445.50,7.01
7076,Product_7076,Category_20,369.52,7.01
7077,Product_7077,Category_2,68.10,5.19
7078,Product_7078,Category_12,246.63,16.64
7079,Product_7079,Category_17,126.34,8.62
7080,Product_7080,Category_11,498.86,2.04
7081,Product_7081,Category_17,469.17,8.62
7082,Product_7082,Category_13,404.85,9.82
7083,Product_7083,Category_1,326.30,1.59
7084,Product_7084,Category_1,239.54,1.59
7085,Product_7085,Category_10,161.19,1.96
7086,Product_7086,Category_13,170.64,9.82
7087,Product_7087,Category_3,383.77,9.60
7088,Product_7088,Category_13,221.23,9.82
7089,Product_7089,Category_11,327.59,2.04
7090,Product_7090,Category_14,379.27,18.89
7091,Product_7091,Category_17,265.45,8.62
7092,Product_7092,Category_8,325.69,4.87
7093,Product_7093,Category_17,185.13,8.62
7094,Product_7094,Category_4,235.41,7.07
7095,Product_7095,Category_8,356.82,4.87
7096,Product_7096,Category_7,12.40,15.23
7097,Product_7097,Category_11,286.03,2.04
7098,Product_7098,Category_9,239.59,17.02
7099,Product_7099,Category_10,430.14,1.96
7100,Product_7100,Category_20,201.90,7.01
7101,Product_7101,Category_6,241.67,10.37
7102,Product_7102,Category_13,139.10,9.82
7103,Product_7103,Category_17,141.43,8.62
7104,Product_7104,Category_8,123.37,4.87
7105,Product_7105,Category_2,95.46,5.19
7106,Product_7106,Category_18,464.91,1.76
7107,Product_7107,Category_18,85.69,1.76
7108,Product_7108,Category_12,150.00,16.64
7109,Product_7109,Category_10,426.35,1.96
7110,Product_7110,Category_19,492.83,12.09
7111,Product_7111,Category_17,144.68,8.62
7112,Product_7112,Category_12,438.57,16.64
7113,Product_7113,Category_14,363.89,18.89
7114,Product_7114,Category_6,313.10,10.37
7115,Product_7115,Category_17,329.15,8.62
7116,Product_7116,Category_4,299.17,7.07
7117,Product_7117,Category_9,455.12,17.02
7118,Product_7118,Category_1,458.08,1.59
7119,Product_7119,Category_10,364.71,1.96
7120,Product_7120,Category_18,245.70,1.76
7121,Product_7121,Category_14,307.38,18.89
7122,Product_7122,Category_2,230.77,5.19
7123,Product_7123,Category_6,326.91,10.37
7124,Product_7124,Category_11,167.51,2.04
7125,Product_7125,Category_1,347.39,1.59
7126,Product_7126,Category_10,143.17,1.96
7127,Product_7127,Category_8,455.94,4.87
7128,Product_7128,Category_14,159.20,18.89
7129,Product_7129,Category_2,436.82,5.19
7130,Product_7130,Category_7,453.39,15.23
7131,Product_7131,Category_18,428.93,1.76
7132,Product_7132,Category_4,342.23,7.07
7133,Product_7133,Category_18,261.29,1.76
7134,Product_7134,Category_16,176.93,10.21
7135,Product_7135,Category_8,458.52,4.87
7136,Product_7136,Category_7,1.79,15.23
7137,Product_7137,Category_4,97.37,7.07
7138,Product_7138,Category_14,137.10,18.89
7139,Product_7139,Category_20,42.02,7.01
7140,Product_7140,Category_19,122.06,12.09
7141,Product_7141,Category_14,336.11,18.89
7142,Product_7142,Category_20,380.34,7.01
7143,Product_7143,Category_6,408.45,10.37
7144,Product_7144,Category_3,173.77,9.60
7145,Product_7145,Category_7,498.00,15.23
7146,Product_7146,Category_15,244.56,5.71
7147,Product_7147,Category_17,137.73,8.62
7148,Product_7148,Category_13,274.55,9.82
7149,Product_7149,Category_8,191.35,4.87
7150,Product_7150,Category_3,418.50,9.60
7151,Product_7151,Category_20,120.71,7.01
7152,Product_7152,Category_9,409.46,17.02
7153,Product_7153,Category_17,205.05,8.62
7154,Product_7154,Category_12,335.29,16.64
7155,Product_7155,Category_18,222.20,1.76
7156,Product_7156,Category_9,405.98,17.02
7157,Product_7157,Category_18,217.19,1.76
7158,Product_7158,Category_2,262.40,5.19
7159,Product_7159,Category_7,312.93,15.23
7160,Product_7160,Category_6,198.70,10.37
7161,Product_7161,Category_11,395.60,2.04
7162,Product_7162,Category_10,359.11,1.96
7163,Product_7163,Category_4,246.25,7.07
7164,Product_7164,Category_8,130.77,4.87
7165,Product_7165,Category_5,101.40,15.25
7166,Product_7166,Category_6,89.19,10.37
7167,Product_7167,Category_19,396.52,12.09
7168,Product_7168,Category_12,34.87,16.64
7169,Product_7169,Category_19,141.59,12.09
7170,Product_7170,Category_1,129.27,1.59
7171,Product_7171,Category_12,224.48,16.64
7172,Product_7172,Category_13,269.61,9.82
7173,Product_7173,Category_8,74.46,4.87
7174,Product_7174,Category_2,476.73,5.19
7175,Product_7175,Category_15,483.51,5.71
7176,Product_7176,Category_2,73.50,5.19
7177,Product_7177,Category_9,376.44,17.02
7178,Product_7178,Category_14,79.40,18.89
7179,Product_7179,Category_3,118.62,9.60
7180,Product_7180,Category_19,362.51,12.09
7181,Product_7181,Category_10,360.36,1.96
7182,Product_7182,Category_5,46.57,15.25
7183,Product_7183,Category_15,344.86,5.71
7184,Product_7184,Category_15,305.13,5.71
7185,Product_7185,Category_4,47.03,7.07
7186,Product_7186,Category_7,468.19,15.23
7187,Product_7187,Category_13,407.05,9.82
7188,Product_7188,Category_10,373.67,1.96
7189,Product_7189,Category_12,415.74,16.64
7190,Product_7190,Category_3,482.45,9.60
7191,Product_7191,Category_16,434.38,10.21
7192,Product_7192,Category_16,435.94,10.21
7193,Product_7193,Category_6,130.81,10.37
7194,Product_7194,Category_4,179.65,7.07
7195,Product_7195,Category_20,261.31,7.01
7196,Product_7196,Category_4,153.85,7.07
7197,Product_7197,Category_11,183.69,2.04
7198,Product_7198,Category_5,361.39,15.25
7199,Product_7199,Category_5,92.35,15.25
7200,Product_7200,Category_8,315.47,4.87
7201,Product_7201,Category_17,80.32,8.62
7202,Product_7202,Category_8,305.16,4.87
7203,Product_7203,Category_7,267.89,15.23
7204,Product_7204,Category_9,152.02,17.02
7205,Product_7205,Category_19,66.76,12.09
7206,Product_7206,Category_8,265.35,4.87
7207,Product_7207,Category_12,159.85,16.64
7208,Product_7208,Category_9,349.28,17.02
7209,Product_7209,Category_7,227.55,15.23
7210,Product_7210,Category_5,353.00,15.25
7211,Product_7211,Category_15,90.50,5.71
7212,Product_7212,Category_6,307.94,10.37
7213,Product_7213,Category_14,115.13,18.89
7214,Product_7214,Category_4,16.98,7.07
7215,Product_7215,Category_17,352.76,8.62
7216,Product_7216,Category_14,154.53,18.89
7217,Product_7217,Category_10,230.75,1.96
7218,Product_7218,Category_7,98.29,15.23
7219,Product_7219,Category_9,135.69,17.02
7220,Product_7220,Category_9,261.68,17.02
7221,Product_7221,Category_15,38.75,5.71
7222,Product_7222,Category_7,306.58,15.23
7223,Product_7223,Category_5,139.53,15.25
7224,Product_7224,Category_14,460.28,18.89
7225,Product_7225,Category_11,303.77,2.04
7226,Product_7226,Category_19,102.45,12.09
7227,Product_7227,Category_17,24.32,8.62
7228,Product_7228,Category_4,398.43,7.07
7229,Product_7229,Category_14,468.63,18.89
7230,Product_7230,Category_14,326.51,18.89
7231,Product_7231,Category_10,59.49,1.96
7232,Product_7232,Category_20,2.95,7.01
7233,Product_7233,Category_20,46.53,7.01
7234,Product_7234,Category_15,371.87,5.71
7235,Product_7235,Category_4,85.48,7.07
7236,Product_7236,Category_9,403.74,17.02
7237,Product_7237,Category_6,393.95,10.37
7238,Product_7238,Category_19,4.14,12.09
7239,Product_7239,Category_16,228.55,10.21
7240,Product_7240,Category_3,390.91,9.60
7241,Product_7241,Category_2,323.78,5.19
7242,Product_7242,Category_3,135.51,9.60
7243,Product_7243,Category_15,26.65,5.71
7244,Product_7244,Category_5,77.58,15.25
7245,Product_7245,Category_12,217.05,16.64
7246,Product_7246,Category_1,60.31,1.59
7247,Product_7247,Category_16,169.50,10.21
7248,Product_7248,Category_20,340.23,7.01
7249,Product_7249,Category_6,80.70,10.37
7250,Product_7250,Category_5,387.15,15.25
7251,Product_7251,Category_4,1.17,7.07
7252,Product_7252,Category_8,225.42,4.87
7253,Product_7253,Category_2,413.57,5.19
7254,Product_7254,Category_11,86.36,2.04
7255,Product_7255,Category_9,391.37,17.02
7256,Product_7256,Category_20,333.16,7.01
7257,Product_7257,Category_7,138.45,15.23
7258,Product_7258,Category_19,18.17,12.09
7259,Product_7259,Category_3,342.74,9.60
7260,Product_7260,Category_4,146.46,7.07
7261,Product_7261,Category_3,293.82,9.60
7262,Product_7262,Category_6,346.54,10.37
7263,Product_7263,Category_12,308.00,16.64
7264,Product_7264,Category_2,29.06,5.19
7265,Product_7265,Category_19,41.17,12.09
7266,Product_7266,Category_9,84.03,17.02
7267,Product_7267,Category_17,156.18,8.62
7268,Product_7268,Category_20,46.44,7.01
7269,Product_7269,Category_2,276.30,5.19
7270,Product_7270,Category_14,489.63,18.89
7271,Product_7271,Category_20,311.27,7.01
7272,Product_7272,Category_2,198.95,5.19
7273,Product_7273,Category_6,498.57,10.37
7274,Product_7274,Category_14,231.15,18.89
7275,Product_7275,Category_5,458.36,15.25
7276,Product_7276,Category_15,7.46,5.71
7277,Product_7277,Category_5,0.39,15.25
7278,Product_7278,Category_20,156.92,7.01
7279,Product_7279,Category_9,236.44,17.02
7280,Product_7280,Category_7,331.24,15.23
7281,Product_7281,Category_3,164.53,9.60
7282,Product_7282,Category_4,75.98,7.07
7283,Product_7283,Category_3,438.42,9.60
7284,Product_7284,Category_10,93.21,1.96
7285,Product_7285,Category_16,104.68,10.21
7286,Product_7286,Category_18,468.35,1.76
7287,Product_7287,Category_8,246.22,4.87
7288,Product_7288,Category_4,2.54,7.07
7289,Product_7289,Category_8,140.17,4.87
7290,Product_7290,Category_7,181.07,15.23
7291,Product_7291,Category_18,45.89,1.76
7292,Product_7292,Category_15,23.46,5.71
7293,Product_7293,Category_14,170.81,18.89
7294,Product_7294,Category_14,254.70,18.89
7295,Product_7295,Category_7,281.71,15.23
7296,Product_7296,Category_12,117.68,16.64
7297,Product_7297,Category_19,474.44,12.09
7298,Product_7298,Category_7,67.92,15.23
7299,Product_7299,Category_3,380.56,9.60
7300,Product_7300,Category_8,142.66,4.87
7301,Product_7301,Category_18,343.84,1.76
7302,Product_7302,Category_2,85.70,5.19
7303,Product_7303,Category_11,255.54,2.04
7304,Product_7304,Category_16,495.90,10.21
7305,Product_7305,Category_11,480.26,2.04
7306,Product_7306,Category_18,134.71,1.76
7307,Product_7307,Category_11,443.27,2.04
7308,Product_7308,Category_14,40.43,18.89
7309,Product_7309,Category_16,277.46,10.21
7310,Product_7310,Category_3,59.34,9.60
7311,Product_7311,Category_11,153.96,2.04
7312,Product_7312,Category_3,14.54,9.60
7313,Product_7313,Category_18,237.30,1.76
7314,Product_7314,Category_6,397.71,10.37
7315,Product_7315,Category_14,89.57,18.89
7316,Product_7316,Category_5,384.92,15.25
7317,Product_7317,Category_8,418.37,4.87
7318,Product_7318,Category_14,88.07,18.89
7319,Product_7319,Category_13,328.94,9.82
7320,Product_7320,Category_20,499.93,7.01
7321,Product_7321,Category_15,104.99,5.71
7322,Product_7322,Category_4,314.93,7.07
7323,Product_7323,Category_5,371.03,15.25
7324,Product_7324,Category_20,211.52,7.01
7325,Product_7325,Category_18,331.79,1.76
7326,Product_7326,Category_1,321.78,1.59
7327,Product_7327,Category_12,55.64,16.64
7328,Product_7328,Category_12,150.69,16.64
7329,Product_7329,Category_1,187.93,1.59
7330,Product_7330,Category_18,166.84,1.76
7331,Product_7331,Category_5,368.16,15.25
7332,Product_7332,Category_13,473.64,9.82
7333,Product_7333,Category_18,334.29,1.76
7334,Product_7334,Category_20,324.06,7.01
7335,Product_7335,Category_13,215.22,9.82
7336,Product_7336,Category_20,277.37,7.01
7337,Product_7337,Category_5,437.40,15.25
7338,Product_7338,Category_4,53.98,7.07
7339,Product_7339,Category_4,16.69,7.07
7340,Product_7340,Category_6,267.31,10.37
7341,Product_7341,Category_12,168.47,16.64
7342,Product_7342,Category_14,402.65,18.89
7343,Product_7343,Category_19,220.70,12.09
7344,Product_7344,Category_6,362.51,10.37
7345,Product_7345,Category_12,208.46,16.64
7346,Product_7346,Category_2,343.98,5.19
7347,Product_7347,Category_6,225.50,10.37
7348,Product_7348,Category_5,50.69,15.25
7349,Product_7349,Category_20,437.61,7.01
7350,Product_7350,Category_2,388.02,5.19
7351,Product_7351,Category_7,267.07,15.23
7352,Product_7352,Category_9,335.75,17.02
7353,Product_7353,Category_11,58.65,2.04
7354,Product_7354,Category_16,457.44,10.21
7355,Product_7355,Category_4,433.45,7.07
7356,Product_7356,Category_8,22.50,4.87
7357,Product_7357,Category_12,324.42,16.64
7358,Product_7358,Category_13,26.84,9.82
7359,Product_7359,Category_11,243.09,2.04
7360,Product_7360,Category_12,359.51,16.64
7361,Product_7361,Category_6,132.48,10.37
7362,Product_7362,Category_17,148.38,8.62
7363,Product_7363,Category_8,275.35,4.87
7364,Product_7364,Category_10,113.03,1.96
7365,Product_7365,Category_3,94.41,9.60
7366,Product_7366,Category_7,115.58,15.23
7367,Product_7367,Category_10,282.87,1.96
7368,Product_7368,Category_12,275.20,16.64
7369,Product_7369,Category_12,152.82,16.64
7370,Product_7370,Category_17,105.80,8.62
7371,Product_7371,Category_11,319.64,2.04
7372,Product_7372,Category_5,332.30,15.25
7373,Product_7373,Category_1,7.75,1.59
7374,Product_7374,Category_12,342.11,16.64
7375,Product_7375,Category_5,358.94,15.25
7376,Product_7376,Category_15,58.97,5.71
7377,Product_7377,Category_2,153.01,5.19
7378,Product_7378,Category_19,384.64,12.09
7379,Product_7379,Category_16,33.96,10.21
7380,Product_7380,Category_2,59.67,5.19
7381,Product_7381,Category_4,465.80,7.07
7382,Product_7382,Category_6,368.06,10.37
7383,Product_7383,Category_16,425.34,10.21
7384,Product_7384,Category_11,323.94,2.04
7385,Product_7385,Category_3,346.33,9.60
7386,Product_7386,Category_6,477.49,10.37
7387,Product_7387,Category_3,67.74,9.60
7388,Product_7388,Category_17,260.99,8.62
7389,Product_7389,Category_19,123.94,12.09
7390,Product_7390,Category_17,499.21,8.62
7391,Product_7391,Category_5,26.66,15.25
7392,Product_7392,Category_12,480.65,16.64
7393,Product_7393,Category_8,280.95,4.87
7394,Product_7394,Category_9,108.21,17.02
7395,Product_7395,Category_13,109.73,9.82
7396,Product_7396,Category_5,83.14,15.25
7397,Product_7397,Category_15,262.08,5.71
7398,Product_7398,Category_7,267.74,15.23
7399,Product_7399,Category_4,475.57,7.07
7400,Product_7400,Category_2,218.91,5.19
7401,Product_7401,Category_18,408.51,1.76
7402,Product_7402,Category_19,49.01,12.09
7403,Product_7403,Category_4,277.62,7.07
7404,Product_7404,Category_9,61.25,17.02
7405,Product_7405,Category_2,434.56,5.19
7406,Product_7406,Category_19,23.11,12.09
7407,Product_7407,Category_5,199.81,15.25
7408,Product_7408,Category_5,338.16,15.25
7409,Product_7409,Category_5,225.73,15.25
7410,Product_7410,Category_18,476.86,1.76
7411,Product_7411,Category_13,494.58,9.82
7412,Product_7412,Category_12,268.35,16.64
7413,Product_7413,Category_7,303.28,15.23
7414,Product_7414,Category_12,157.49,16.64
7415,Product_7415,Category_13,397.17,9.82
7416,Product_7416,Category_12,319.62,16.64
7417,Product_7417,Category_1,88.08,1.59
7418,Product_7418,Category_8,295.42,4.87
7419,Product_7419,Category_14,242.70,18.89
7420,Product_7420,Category_4,255.93,7.07
7421,Product_7421,Category_8,90.02,4.87
7422,Product_7422,Category_18,57.20,1.76
7423,Product_7423,Category_3,460.28,9.60
7424,Product_7424,Category_16,358.97,10.21
7425,Product_7425,Category_6,304.35,10.37
7426,Product_7426,Category_5,204.46,15.25
7427,Product_7427,Category_3,289.65,9.60
7428,Product_7428,Category_2,97.83,5.19
7429,Product_7429,Category_5,427.85,15.25
7430,Product_7430,Category_17,6.28,8.62
7431,Product_7431,Category_11,138.29,2.04
7432,Product_7432,Category_7,453.63,15.23
7433,Product_7433,Category_15,294.66,5.71
7434,Product_7434,Category_18,332.63,1.76
7435,Product_7435,Category_16,270.04,10.21
7436,Product_7436,Category_20,93.75,7.01
7437,Product_7437,Category_17,430.98,8.62
7438,Product_7438,Category_18,344.38,1.76
7439,Product_7439,Category_7,294.68,15.23
7440,Product_7440,Category_6,242.54,10.37
7441,Product_7441,Category_8,111.23,4.87
7442,Product_7442,Category_6,436.92,10.37
7443,Product_7443,Category_6,357.13,10.37
7444,Product_7444,Category_7,74.47,15.23
7445,Product_7445,Category_4,363.89,7.07
7446,Product_7446,Category_8,158.25,4.87
7447,Product_7447,Category_16,229.05,10.21
7448,Product_7448,Category_6,51.98,10.37
7449,Product_7449,Category_8,13.88,4.87
7450,Product_7450,Category_2,165.82,5.19
7451,Product_7451,Category_20,31.40,7.01
7452,Product_7452,Category_14,451.47,18.89
7453,Product_7453,Category_18,447.73,1.76
7454,Product_7454,Category_13,226.19,9.82
7455,Product_7455,Category_13,336.08,9.82
7456,Product_7456,Category_17,360.62,8.62
7457,Product_7457,Category_10,399.02,1.96
7458,Product_7458,Category_6,273.23,10.37
7459,Product_7459,Category_16,68.89,10.21
7460,Product_7460,Category_2,12.81,5.19
7461,Product_7461,Category_5,442.79,15.25
7462,Product_7462,Category_9,137.43,17.02
7463,Product_7463,Category_10,435.40,1.96
7464,Product_7464,Category_2,179.96,5.19
7465,Product_7465,Category_9,380.59,17.02
7466,Product_7466,Category_11,303.45,2.04
7467,Product_7467,Category_8,311.70,4.87
7468,Product_7468,Category_9,421.15,17.02
7469,Product_7469,Category_17,133.83,8.62
7470,Product_7470,Category_2,330.03,5.19
7471,Product_7471,Category_19,260.91,12.09
7472,Product_7472,Category_20,191.29,7.01
7473,Product_7473,Category_18,21.77,1.76
7474,Product_7474,Category_14,97.40,18.89
7475,Product_7475,Category_17,247.70,8.62
7476,Product_7476,Category_20,387.72,7.01
7477,Product_7477,Category_2,445.18,5.19
7478,Product_7478,Category_13,140.17,9.82
7479,Product_7479,Category_14,304.75,18.89
7480,Product_7480,Category_16,149.30,10.21
7481,Product_7481,Category_14,489.72,18.89
7482,Product_7482,Category_6,128.04,10.37
7483,Product_7483,Category_11,342.43,2.04
7484,Product_7484,Category_6,115.53,10.37
7485,Product_7485,Category_1,357.73,1.59
7486,Product_7486,Category_3,409.83,9.60
7487,Product_7487,Category_7,456.85,15.23
7488,Product_7488,Category_15,367.25,5.71
7489,Product_7489,Category_20,374.16,7.01
7490,Product_7490,Category_2,383.36,5.19
7491,Product_7491,Category_16,194.37,10.21
7492,Product_7492,Category_8,391.29,4.87
7493,Product_7493,Category_18,195.24,1.76
7494,Product_7494,Category_15,203.07,5.71
7495,Product_7495,Category_14,45.63,18.89
7496,Product_7496,Category_12,155.84,16.64
7497,Product_7497,Category_17,119.96,8.62
7498,Product_7498,Category_20,321.87,7.01
7499,Product_7499,Category_9,314.30,17.02
7500,Product_7500,Category_11,424.50,2.04
7501,Product_7501,Category_20,439.56,7.01
7502,Product_7502,Category_3,47.00,9.60
7503,Product_7503,Category_17,44.73,8.62
7504,Product_7504,Category_5,484.78,15.25
7505,Product_7505,Category_8,347.99,4.87
7506,Product_7506,Category_17,137.11,8.62
7507,Product_7507,Category_10,340.35,1.96
7508,Product_7508,Category_15,329.01,5.71
7509,Product_7509,Category_2,174.05,5.19
7510,Product_7510,Category_11,249.74,2.04
7511,Product_7511,Category_5,490.68,15.25
7512,Product_7512,Category_6,452.37,10.37
7513,Product_7513,Category_7,150.12,15.23
7514,Product_7514,Category_5,391.48,15.25
7515,Product_7515,Category_7,273.47,15.23
7516,Product_7516,Category_12,468.07,16.64
7517,Product_7517,Category_14,227.88,18.89
7518,Product_7518,Category_7,475.38,15.23
7519,Product_7519,Category_7,334.01,15.23
7520,Product_7520,Category_4,50.57,7.07
7521,Product_7521,Category_11,169.04,2.04
7522,Product_7522,Category_17,344.23,8.62
7523,Product_7523,Category_15,276.57,5.71
7524,Product_7524,Category_5,81.63,15.25
7525,Product_7525,Category_11,178.30,2.04
7526,Product_7526,Category_9,382.91,17.02
7527,Product_7527,Category_14,35.58,18.89
7528,Product_7528,Category_3,489.89,9.60
7529,Product_7529,Category_14,396.81,18.89
7530,Product_7530,Category_10,5.47,1.96
7531,Product_7531,Category_19,168.77,12.09
7532,Product_7532,Category_13,166.36,9.82
7533,Product_7533,Category_2,375.25,5.19
7534,Product_7534,Category_5,293.46,15.25
7535,Product_7535,Category_20,269.98,7.01
7536,Product_7536,Category_7,380.13,15.23
7537,Product_7537,Category_10,474.26,1.96
7538,Product_7538,Category_2,306.12,5.19
7539,Product_7539,Category_12,402.03,16.64
7540,Product_7540,Category_9,211.61,17.02
7541,Product_7541,Category_10,252.73,1.96
7542,Product_7542,Category_10,56.43,1.96
7543,Product_7543,Category_12,102.20,16.64
7544,Product_7544,Category_5,200.66,15.25
7545,Product_7545,Category_2,204.45,5.19
7546,Product_7546,Category_6,204.79,10.37
7547,Product_7547,Category_16,494.90,10.21
7548,Product_7548,Category_16,49.03,10.21
7549,Product_7549,Category_9,223.16,17.02
7550,Product_7550,Category_12,71.78,16.64
7551,Product_7551,Category_19,418.08,12.09
7552,Product_7552,Category_18,354.38,1.76
7553,Product_7553,Category_16,208.81,10.21
7554,Product_7554,Category_13,104.30,9.82
7555,Product_7555,Category_1,296.01,1.59
7556,Product_7556,Category_19,387.95,12.09
7557,Product_7557,Category_10,93.84,1.96
7558,Product_7558,Category_3,147.40,9.60
7559,Product_7559,Category_8,43.73,4.87
7560,Product_7560,Category_13,494.91,9.82
7561,Product_7561,Category_1,61.29,1.59
7562,Product_7562,Category_18,246.35,1.76
7563,Product_7563,Category_10,432.52,1.96
7564,Product_7564,Category_16,377.69,10.21
7565,Product_7565,Category_15,202.51,5.71
7566,Product_7566,Category_17,213.11,8.62
7567,Product_7567,Category_5,485.52,15.25
7568,Product_7568,Category_11,70.56,2.04
7569,Product_7569,Category_19,330.76,12.09
7570,Product_7570,Category_18,407.81,1.76
7571,Product_7571,Category_7,14.09,15.23
7572,Product_7572,Category_8,16.99,4.87
7573,Product_7573,Category_3,276.98,9.60
7574,Product_7574,Category_9,0.33,17.02
7575,Product_7575,Category_4,354.73,7.07
7576,Product_7576,Category_19,122.08,12.09
7577,Product_7577,Category_4,379.12,7.07
7578,Product_7578,Category_18,125.66,1.76
7579,Product_7579,Category_16,84.05,10.21
7580,Product_7580,Category_18,63.21,1.76
7581,Product_7581,Category_2,112.79,5.19
7582,Product_7582,Category_12,256.14,16.64
7583,Product_7583,Category_11,479.71,2.04
7584,Product_7584,Category_6,182.60,10.37
7585,Product_7585,Category_7,76.57,15.23
7586,Product_7586,Category_19,252.31,12.09
7587,Product_7587,Category_1,395.31,1.59
7588,Product_7588,Category_16,303.57,10.21
7589,Product_7589,Category_9,309.31,17.02
7590,Product_7590,Category_20,248.18,7.01
7591,Product_7591,Category_12,443.00,16.64
7592,Product_7592,Category_12,319.52,16.64
7593,Product_7593,Category_8,356.86,4.87
7594,Product_7594,Category_5,194.79,15.25
7595,Product_7595,Category_18,341.62,1.76
7596,Product_7596,Category_5,285.68,15.25
7597,Product_7597,Category_1,481.07,1.59
7598,Product_7598,Category_12,382.31,16.64
7599,Product_7599,Category_3,399.34,9.60
7600,Product_7600,Category_6,88.90,10.37
7601,Product_7601,Category_9,342.30,17.02
7602,Product_7602,Category_20,171.33,7.01
7603,Product_7603,Category_3,469.17,9.60
7604,Product_7604,Category_4,14.99,7.07
7605,Product_7605,Category_8,398.33,4.87
7606,Product_7606,Category_15,495.50,5.71
7607,Product_7607,Category_8,72.08,4.87
7608,Product_7608,Category_18,273.06,1.76
7609,Product_7609,Category_9,7.76,17.02
7610,Product_7610,Category_13,180.93,9.82
7611,Product_7611,Category_9,208.81,17.02
7612,Product_7612,Category_11,358.06,2.04
7613,Product_7613,Category_19,457.27,12.09
7614,Product_7614,Category_18,284.24,1.76
7615,Product_7615,Category_20,131.52,7.01
7616,Product_7616,Category_12,396.20,16.64
7617,Product_7617,Category_17,438.60,8.62
7618,Product_7618,Category_1,295.29,1.59
7619,Product_7619,Category_14,205.82,18.89
7620,Product_7620,Category_20,402.24,7.01
7621,Product_7621,Category_6,166.89,10.37
7622,Product_7622,Category_17,238.02,8.62
7623,Product_7623,Category_16,336.65,10.21
7624,Product_7624,Category_10,313.26,1.96
7625,Product_7625,Category_16,286.79,10.21
7626,Product_7626,Category_7,355.88,15.23
7627,Product_7627,Category_10,164.19,1.96
7628,Product_7628,Category_11,72.00,2.04
7629,Product_7629,Category_20,423.59,7.01
7630,Product_7630,Category_19,347.28,12.09
7631,Product_7631,Category_19,404.88,12.09
7632,Product_7632,Category_4,191.68,7.07
7633,Product_7633,Category_5,3.78,15.25
7634,Product_7634,Category_11,387.46,2.04
7635,Product_7635,Category_15,325.44,5.71
7636,Product_7636,Category_18,46.22,1.76
7637,Product_7637,Category_15,366.76,5.71
7638,Product_7638,Category_12,377.99,16.64
7639,Product_7639,Category_11,454.82,2.04
7640,Product_7640,Category_20,21.48,7.01
7641,Product_7641,Category_12,372.59,16.64
7642,Product_7642,Category_8,437.85,4.87
7643,Product_7643,Category_2,23.92,5.19
7644,Product_7644,Category_1,228.55,1.59
7645,Product_7645,Category_11,184.43,2.04
7646,Product_7646,Category_16,104.10,10.21
7647,Product_7647,Category_17,27.08,8.62
7648,Product_7648,Category_5,345.71,15.25
7649,Product_7649,Category_10,162.87,1.96
7650,Product_7650,Category_4,368.32,7.07
7651,Product_7651,Category_10,473.82,1.96
7652,Product_7652,Category_15,4.04,5.71
7653,Product_7653,Category_20,434.31,7.01
7654,Product_7654,Category_15,270.62,5.71
7655,Product_7655,Category_12,113.23,16.64
7656,Product_7656,Category_15,429.95,5.71
7657,Product_7657,Category_8,356.72,4.87
7658,Product_7658,Category_15,80.06,5.71
7659,Product_7659,Category_17,471.85,8.62
7660,Product_7660,Category_1,311.01,1.59
7661,Product_7661,Category_7,86.14,15.23
7662,Product_7662,Category_4,19.96,7.07
7663,Product_7663,Category_9,245.24,17.02
7664,Product_7664,Category_19,209.07,12.09
7665,Product_7665,Category_6,164.36,10.37
7666,Product_7666,Category_20,104.97,7.01
7667,Product_7667,Category_20,283.14,7.01
7668,Product_7668,Category_19,376.01,12.09
7669,Product_7669,Category_17,278.58,8.62
7670,Product_7670,Category_3,158.16,9.60
7671,Product_7671,Category_19,313.76,12.09
7672,Product_7672,Category_3,136.73,9.60
7673,Product_7673,Category_17,337.48,8.62
7674,Product_7674,Category_8,405.59,4.87
7675,Product_7675,Category_14,260.84,18.89
7676,Product_7676,Category_2,367.01,5.19
7677,Product_7677,Category_9,67.43,17.02
7678,Product_7678,Category_16,301.75,10.21
7679,Product_7679,Category_15,291.11,5.71
7680,Product_7680,Category_6,485.17,10.37
7681,Product_7681,Category_1,47.04,1.59
7682,Product_7682,Category_6,442.24,10.37
7683,Product_7683,Category_12,399.67,16.64
7684,Product_7684,Category_8,217.83,4.87
7685,Product_7685,Category_10,449.09,1.96
7686,Product_7686,Category_8,50.24,4.87
7687,Product_7687,Category_6,495.36,10.37
7688,Product_7688,Category_20,46.80,7.01
7689,Product_7689,Category_7,385.87,15.23
7690,Product_7690,Category_3,188.68,9.60
7691,Product_7691,Category_19,37.30,12.09
7692,Product_7692,Category_14,354.73,18.89
7693,Product_7693,Category_4,253.71,7.07
7694,Product_7694,Category_3,146.50,9.60
7695,Product_7695,Category_19,61.17,12.09
7696,Product_7696,Category_16,454.19,10.21
7697,Product_7697,Category_16,15.13,10.21
7698,Product_7698,Category_3,106.14,9.60
7699,Product_7699,Category_3,215.62,9.60
7700,Product_7700,Category_10,267.70,1.96
7701,Product_7701,Category_1,420.87,1.59
7702,Product_7702,Category_7,477.76,15.23
7703,Product_7703,Category_11,134.68,2.04
7704,Product_7704,Category_9,482.43,17.02
7705,Product_7705,Category_5,275.56,15.25
7706,Product_7706,Category_14,392.86,18.89
7707,Product_7707,Category_8,346.90,4.87
7708,Product_7708,Category_13,104.58,9.82
7709,Product_7709,Category_8,285.45,4.87
7710,Product_7710,Category_4,51.68,7.07
7711,Product_7711,Category_8,90.29,4.87
7712,Product_7712,Category_3,288.05,9.60
7713,Product_7713,Category_19,204.58,12.09
7714,Product_7714,Category_5,159.22,15.25
7715,Product_7715,Category_17,3.65,8.62
7716,Product_7716,Category_7,298.41,15.23
7717,Product_7717,Category_18,68.08,1.76
7718,Product_7718,Category_4,322.41,7.07
7719,Product_7719,Category_8,69.70,4.87
7720,Product_7720,Category_14,255.42,18.89
7721,Product_7721,Category_20,194.13,7.01
7722,Product_7722,Category_10,494.99,1.96
7723,Product_7723,Category_14,341.82,18.89
7724,Product_7724,Category_11,172.94,2.04
7725,Product_7725,Category_8,118.89,4.87
7726,Product_7726,Category_14,249.13,18.89
7727,Product_7727,Category_9,464.34,17.02
7728,Product_7728,Category_4,148.53,7.07
7729,Product_7729,Category_6,371.73,10.37
7730,Product_7730,Category_1,88.06,1.59
7731,Product_7731,Category_3,32.53,9.60
7732,Product_7732,Category_18,463.21,1.76
7733,Product_7733,Category_11,497.61,2.04
7734,Product_7734,Category_12,408.13,16.64
7735,Product_7735,Category_1,360.05,1.59
7736,Product_7736,Category_7,107.58,15.23
7737,Product_7737,Category_10,82.23,1.96
7738,Product_7738,Category_11,445.35,2.04
7739,Product_7739,Category_1,406.79,1.59
7740,Product_7740,Category_12,358.32,16.64
7741,Product_7741,Category_12,285.75,16.64
7742,Product_7742,Category_20,263.76,7.01
7743,Product_7743,Category_1,342.90,1.59
7744,Product_7744,Category_19,350.08,12.09
7745,Product_7745,Category_14,288.91,18.89
7746,Product_7746,Category_5,333.21,15.25
7747,Product_7747,Category_6,105.99,10.37
7748,Product_7748,Category_2,164.68,5.19
7749,Product_7749,Category_2,322.98,5.19
7750,Product_7750,Category_5,472.31,15.25
7751,Product_7751,Category_8,121.87,4.87
7752,Product_7752,Category_8,331.83,4.87
7753,Product_7753,Category_17,368.46,8.62
7754,Product_7754,Category_5,422.88,15.25
7755,Product_7755,Category_6,81.72,10.37
7756,Product_7756,Category_10,303.62,1.96
7757,Product_7757,Category_16,370.77,10.21
7758,Product_7758,Category_12,154.58,16.64
7759,Product_7759,Category_1,477.16,1.59
7760,Product_7760,Category_15,161.75,5.71
7761,Product_7761,Category_8,412.52,4.87
7762,Product_7762,Category_2,226.20,5.19
7763,Product_7763,Category_13,31.41,9.82
7764,Product_7764,Category_16,334.61,10.21
7765,Product_7765,Category_9,317.28,17.02
7766,Product_7766,Category_1,151.74,1.59
7767,Product_7767,Category_16,13.04,10.21
7768,Product_7768,Category_3,242.61,9.60
7769,Product_7769,Category_16,390.81,10.21
7770,Product_7770,Category_9,199.89,17.02
7771,Product_7771,Category_9,188.95,17.02
7772,Product_7772,Category_2,362.98,5.19
7773,Product_7773,Category_4,182.26,7.07
7774,Product_7774,Category_10,484.20,1.96
7775,Product_7775,Category_15,12.30,5.71
7776,Product_7776,Category_18,241.06,1.76
7777,Product_7777,Category_18,488.84,1.76
7778,Product_7778,Category_6,180.44,10.37
7779,Product_7779,Category_13,440.10,9.82
7780,Product_7780,Category_20,449.42,7.01
7781,Product_7781,Category_3,142.67,9.60
7782,Product_7782,Category_8,462.86,4.87
7783,Product_7783,Category_14,264.64,18.89
7784,Product_7784,Category_5,92.13,15.25
7785,Product_7785,Category_14,448.70,18.89
7786,Product_7786,Category_17,456.70,8.62
7787,Product_7787,Category_18,204.99,1.76
7788,Product_7788,Category_2,235.21,5.19
7789,Product_7789,Category_8,389.86,4.87
7790,Product_7790,Category_3,348.79,9.60
7791,Product_7791,Category_19,314.65,12.09
7792,Product_7792,Category_11,52.55,2.04
7793,Product_7793,Category_3,136.07,9.60
7794,Product_7794,Category_6,490.98,10.37
7795,Product_7795,Category_5,84.80,15.25
7796,Product_7796,Category_13,237.31,9.82
7797,Product_7797,Category_7,212.93,15.23
7798,Product_7798,Category_15,166.37,5.71
7799,Product_7799,Category_9,305.04,17.02
7800,Product_7800,Category_3,385.41,9.60
7801,Product_7801,Category_1,434.52,1.59
7802,Product_7802,Category_10,454.89,1.96
7803,Product_7803,Category_2,210.01,5.19
7804,Product_7804,Category_20,78.51,7.01
7805,Product_7805,Category_14,216.56,18.89
7806,Product_7806,Category_11,198.74,2.04
7807,Product_7807,Category_4,174.67,7.07
7808,Product_7808,Category_16,400.71,10.21
7809,Product_7809,Category_10,490.92,1.96
7810,Product_7810,Category_9,453.76,17.02
7811,Product_7811,Category_3,97.41,9.60
7812,Product_7812,Category_12,133.39,16.64
7813,Product_7813,Category_1,492.44,1.59
7814,Product_7814,Category_16,96.79,10.21
7815,Product_7815,Category_11,123.60,2.04
7816,Product_7816,Category_20,447.69,7.01
7817,Product_7817,Category_17,359.69,8.62
7818,Product_7818,Category_5,64.22,15.25
7819,Product_7819,Category_15,80.65,5.71
7820,Product_7820,Category_5,229.38,15.25
7821,Product_7821,Category_8,497.61,4.87
7822,Product_7822,Category_1,312.03,1.59
7823,Product_7823,Category_8,76.98,4.87
7824,Product_7824,Category_14,296.71,18.89
7825,Product_7825,Category_13,145.32,9.82
7826,Product_7826,Category_11,299.48,2.04
7827,Product_7827,Category_20,1.45,7.01
7828,Product_7828,Category_12,356.74,16.64
7829,Product_7829,Category_19,442.41,12.09
7830,Product_7830,Category_19,231.80,12.09
7831,Product_7831,Category_10,160.99,1.96
7832,Product_7832,Category_6,308.79,10.37
7833,Product_7833,Category_19,159.26,12.09
7834,Product_7834,Category_19,302.03,12.09
7835,Product_7835,Category_10,364.25,1.96
7836,Product_7836,Category_4,67.42,7.07
7837,Product_7837,Category_3,228.35,9.60
7838,Product_7838,Category_10,297.47,1.96
7839,Product_7839,Category_15,167.21,5.71
7840,Product_7840,Category_12,469.87,16.64
7841,Product_7841,Category_13,259.46,9.82
7842,Product_7842,Category_3,14.26,9.60
7843,Product_7843,Category_5,366.79,15.25
7844,Product_7844,Category_5,30.54,15.25
7845,Product_7845,Category_13,390.25,9.82
7846,Product_7846,Category_1,51.77,1.59
7847,Product_7847,Category_4,290.86,7.07
7848,Product_7848,Category_20,354.83,7.01
7849,Product_7849,Category_15,209.04,5.71
7850,Product_7850,Category_18,359.48,1.76
7851,Product_7851,Category_12,192.40,16.64
7852,Product_7852,Category_14,337.81,18.89
7853,Product_7853,Category_7,230.07,15.23
7854,Product_7854,Category_4,97.27,7.07
7855,Product_7855,Category_8,390.71,4.87
7856,Product_7856,Category_11,199.65,2.04
7857,Product_7857,Category_12,245.91,16.64
7858,Product_7858,Category_10,168.58,1.96
7859,Product_7859,Category_16,463.14,10.21
7860,Product_7860,Category_2,320.74,5.19
7861,Product_7861,Category_2,69.96,5.19
7862,Product_7862,Category_12,315.08,16.64
7863,Product_7863,Category_8,1.90,4.87
7864,Product_7864,Category_14,299.39,18.89
7865,Product_7865,Category_6,446.39,10.37
7866,Product_7866,Category_5,108.51,15.25
7867,Product_7867,Category_5,420.55,15.25
7868,Product_7868,Category_15,331.09,5.71
7869,Product_7869,Category_4,487.93,7.07
7870,Product_7870,Category_10,301.63,1.96
7871,Product_7871,Category_7,187.95,15.23
7872,Product_7872,Category_19,347.77,12.09
7873,Product_7873,Category_4,262.25,7.07
7874,Product_7874,Category_5,163.75,15.25
7875,Product_7875,Category_14,257.85,18.89
7876,Product_7876,Category_16,432.96,10.21
7877,Product_7877,Category_7,366.58,15.23
7878,Product_7878,Category_14,398.36,18.89
7879,Product_7879,Category_2,283.82,5.19
7880,Product_7880,Category_17,55.73,8.62
7881,Product_7881,Category_19,226.67,12.09
7882,Product_7882,Category_3,339.96,9.60
7883,Product_7883,Category_9,402.66,17.02
7884,Product_7884,Category_18,358.13,1.76
7885,Product_7885,Category_1,242.77,1.59
7886,Product_7886,Category_14,10.20,18.89
7887,Product_7887,Category_9,73.58,17.02
7888,Product_7888,Category_18,400.01,1.76
7889,Product_7889,Category_10,499.95,1.96
7890,Product_7890,Category_18,208.66,1.76
7891,Product_7891,Category_1,451.30,1.59
7892,Product_7892,Category_20,213.43,7.01
7893,Product_7893,Category_4,266.04,7.07
7894,Product_7894,Category_3,365.49,9.60
7895,Product_7895,Category_9,412.72,17.02
7896,Product_7896,Category_8,198.06,4.87
7897,Product_7897,Category_20,292.37,7.01
7898,Product_7898,Category_1,379.15,1.59
7899,Product_7899,Category_4,17.13,7.07
7900,Product_7900,Category_19,360.63,12.09
7901,Product_7901,Category_18,212.28,1.76
7902,Product_7902,Category_17,480.16,8.62
7903,Product_7903,Category_2,335.75,5.19
7904,Product_7904,Category_6,239.24,10.37
7905,Product_7905,Category_19,20.77,12.09
7906,Product_7906,Category_20,491.23,7.01
7907,Product_7907,Category_17,153.53,8.62
7908,Product_7908,Category_14,11.57,18.89
7909,Product_7909,Category_4,399.58,7.07
7910,Product_7910,Category_12,282.35,16.64
7911,Product_7911,Category_10,395.70,1.96
7912,Product_7912,Category_12,317.66,16.64
7913,Product_7913,Category_17,199.73,8.62
7914,Product_7914,Category_2,10.65,5.19
7915,Product_7915,Category_19,473.69,12.09
7916,Product_7916,Category_8,76.81,4.87
7917,Product_7917,Category_19,178.25,12.09
7918,Product_7918,Category_19,118.73,12.09
7919,Product_7919,Category_8,228.15,4.87
7920,Product_7920,Category_9,62.98,17.02
7921,Product_7921,Category_1,222.86,1.59
7922,Product_7922,Category_7,8.51,15.23
7923,Product_7923,Category_5,438.09,15.25
7924,Product_7924,Category_2,123.24,5.19
7925,Product_7925,Category_14,307.57,18.89
7926,Product_7926,Category_14,82.90,18.89
7927,Product_7927,Category_19,184.24,12.09
7928,Product_7928,Category_9,452.72,17.02
7929,Product_7929,Category_2,493.19,5.19
7930,Product_7930,Category_16,494.47,10.21
7931,Product_7931,Category_9,180.33,17.02
7932,Product_7932,Category_13,86.24,9.82
7933,Product_7933,Category_11,23.26,2.04
7934,Product_7934,Category_12,47.92,16.64
7935,Product_7935,Category_17,261.90,8.62
7936,Product_7936,Category_14,244.85,18.89
7937,Product_7937,Category_14,115.83,18.89
7938,Product_7938,Category_1,176.25,1.59
7939,Product_7939,Category_14,207.21,18.89
7940,Product_7940,Category_3,466.42,9.60
7941,Product_7941,Category_10,79.18,1.96
7942,Product_7942,Category_10,87.79,1.96
7943,Product_7943,Category_19,24.99,12.09
7944,Product_7944,Category_5,220.72,15.25
7945,Product_7945,Category_13,386.69,9.82
7946,Product_7946,Category_18,128.40,1.76
7947,Product_7947,Category_5,353.59,15.25
7948,Product_7948,Category_18,87.32,1.76
7949,Product_7949,Category_4,117.76,7.07
7950,Product_7950,Category_13,287.61,9.82
7951,Product_7951,Category_10,145.62,1.96
7952,Product_7952,Category_9,404.30,17.02
7953,Product_7953,Category_5,129.38,15.25
7954,Product_7954,Category_8,55.49,4.87
7955,Product_7955,Category_1,39.87,1.59
7956,Product_7956,Category_19,273.41,12.09
7957,Product_7957,Category_9,61.61,17.02
7958,Product_7958,Category_14,166.92,18.89
7959,Product_7959,Category_1,54.01,1.59
7960,Product_7960,Category_7,155.15,15.23
7961,Product_7961,Category_9,342.33,17.02
7962,Product_7962,Category_8,7.78,4.87
7963,Product_7963,Category_11,264.31,2.04
7964,Product_7964,Category_3,24.98,9.60
7965,Product_7965,Category_19,238.18,12.09
7966,Product_7966,Category_2,262.63,5.19
7967,Product_7967,Category_3,77.17,9.60
7968,Product_7968,Category_14,173.44,18.89
7969,Product_7969,Category_11,396.20,2.04
7970,Product_7970,Category_7,301.42,15.23
7971,Product_7971,Category_1,56.70,1.59
7972,Product_7972,Category_2,142.75,5.19
7973,Product_7973,Category_19,133.77,12.09
7974,Product_7974,Category_19,290.67,12.09
7975,Product_7975,Category_13,292.93,9.82
7976,Product_7976,Category_20,47.77,7.01
7977,Product_7977,Category_16,36.75,10.21
7978,Product_7978,Category_2,207.43,5.19
7979,Product_7979,Category_14,29.23,18.89
7980,Product_7980,Category_16,277.86,10.21
7981,Product_7981,Category_8,452.14,4.87
7982,Product_7982,Category_8,257.25,4.87
7983,Product_7983,Category_14,315.06,18.89
7984,Product_7984,Category_11,144.63,2.04
7985,Product_7985,Category_16,81.58,10.21
7986,Product_7986,Category_10,148.11,1.96
7987,Product_7987,Category_10,208.70,1.96
7988,Product_7988,Category_12,67.50,16.64
7989,Product_7989,Category_6,112.78,10.37
7990,Product_7990,Category_20,136.97,7.01
7991,Product_7991,Category_14,482.52,18.89
7992,Product_7992,Category_17,124.80,8.62
7993,Product_7993,Category_6,150.53,10.37
7994,Product_7994,Category_12,470.47,16.64
7995,Product_7995,Category_12,347.99,16.64
7996,Product_7996,Category_6,241.66,10.37
7997,Product_7997,Category_18,359.84,1.76
7998,Product_7998,Category_2,440.35,5.19
7999,Product_7999,Category_4,317.23,7.07
8000,Product_8000,Category_14,235.10,18.89
8001,Product_8001,Category_18,379.32,1.76
8002,Product_8002,Category_16,474.17,10.21
8003,Product_8003,Category_5,36.23,15.25
8004,Product_8004,Category_5,49.98,15.25
8005,Product_8005,Category_17,135.98,8.62
8006,Product_8006,Category_19,399.40,12.09
8007,Product_8007,Category_7,98.09,15.23
8008,Product_8008,Category_10,409.68,1.96
8009,Product_8009,Category_17,318.11,8.62
8010,Product_8010,Category_12,175.47,16.64
8011,Product_8011,Category_8,34.79,4.87
8012,Product_8012,Category_1,375.32,1.59
8013,Product_8013,Category_20,435.40,7.01
8014,Product_8014,Category_17,486.22,8.62
8015,Product_8015,Category_4,311.37,7.07
8016,Product_8016,Category_18,312.78,1.76
8017,Product_8017,Category_7,85.18,15.23
8018,Product_8018,Category_6,34.81,10.37
8019,Product_8019,Category_12,269.66,16.64
8020,Product_8020,Category_11,35.68,2.04
8021,Product_8021,Category_8,47.75,4.87
8022,Product_8022,Category_9,232.42,17.02
8023,Product_8023,Category_1,251.35,1.59
8024,Product_8024,Category_19,75.15,12.09
8025,Product_8025,Category_14,280.39,18.89
8026,Product_8026,Category_20,115.80,7.01
8027,Product_8027,Category_3,469.42,9.60
8028,Product_8028,Category_17,278.87,8.62
8029,Product_8029,Category_5,479.44,15.25
8030,Product_8030,Category_14,327.42,18.89
8031,Product_8031,Category_6,399.55,10.37
8032,Product_8032,Category_14,420.55,18.89
8033,Product_8033,Category_7,79.93,15.23
8034,Product_8034,Category_20,91.75,7.01
8035,Product_8035,Category_11,7.28,2.04
8036,Product_8036,Category_19,30.63,12.09
8037,Product_8037,Category_6,303.03,10.37
8038,Product_8038,Category_14,220.20,18.89
8039,Product_8039,Category_17,404.05,8.62
8040,Product_8040,Category_2,485.50,5.19
8041,Product_8041,Category_9,259.84,17.02
8042,Product_8042,Category_14,3.52,18.89
8043,Product_8043,Category_6,231.97,10.37
8044,Product_8044,Category_8,149.92,4.87
8045,Product_8045,Category_5,4.02,15.25
8046,Product_8046,Category_12,467.94,16.64
8047,Product_8047,Category_2,370.90,5.19
8048,Product_8048,Category_9,169.65,17.02
8049,Product_8049,Category_11,193.50,2.04
8050,Product_8050,Category_20,207.83,7.01
8051,Product_8051,Category_1,172.53,1.59
8052,Product_8052,Category_1,20.12,1.59
8053,Product_8053,Category_17,22.20,8.62
8054,Product_8054,Category_6,440.20,10.37
8055,Product_8055,Category_17,277.88,8.62
8056,Product_8056,Category_8,70.92,4.87
8057,Product_8057,Category_4,135.16,7.07
8058,Product_8058,Category_19,70.68,12.09
8059,Product_8059,Category_2,319.81,5.19
8060,Product_8060,Category_6,457.19,10.37
8061,Product_8061,Category_5,295.19,15.25
8062,Product_8062,Category_18,201.98,1.76
8063,Product_8063,Category_14,382.70,18.89
8064,Product_8064,Category_12,340.20,16.64
8065,Product_8065,Category_4,399.37,7.07
8066,Product_8066,Category_4,416.73,7.07
8067,Product_8067,Category_10,332.17,1.96
8068,Product_8068,Category_7,171.60,15.23
8069,Product_8069,Category_13,221.91,9.82
8070,Product_8070,Category_14,342.89,18.89
8071,Product_8071,Category_18,156.08,1.76
8072,Product_8072,Category_16,68.98,10.21
8073,Product_8073,Category_5,196.42,15.25
8074,Product_8074,Category_13,21.15,9.82
8075,Product_8075,Category_11,26.91,2.04
8076,Product_8076,Category_16,436.29,10.21
8077,Product_8077,Category_15,142.05,5.71
8078,Product_8078,Category_1,233.44,1.59
8079,Product_8079,Category_15,299.67,5.71
8080,Product_8080,Category_4,239.40,7.07
8081,Product_8081,Category_17,243.28,8.62
8082,Product_8082,Category_18,114.32,1.76
8083,Product_8083,Category_16,389.31,10.21
8084,Product_8084,Category_19,499.69,12.09
8085,Product_8085,Category_10,142.41,1.96
8086,Product_8086,Category_16,5.41,10.21
8087,Product_8087,Category_1,300.24,1.59
8088,Product_8088,Category_17,304.73,8.62
8089,Product_8089,Category_17,401.47,8.62
8090,Product_8090,Category_11,438.75,2.04
8091,Product_8091,Category_2,127.38,5.19
8092,Product_8092,Category_9,446.47,17.02
8093,Product_8093,Category_2,7.82,5.19
8094,Product_8094,Category_14,495.70,18.89
8095,Product_8095,Category_12,405.75,16.64
8096,Product_8096,Category_20,311.04,7.01
8097,Product_8097,Category_10,393.52,1.96
8098,Product_8098,Category_9,499.82,17.02
8099,Product_8099,Category_15,134.48,5.71
8100,Product_8100,Category_13,318.70,9.82
8101,Product_8101,Category_4,232.10,7.07
8102,Product_8102,Category_10,27.95,1.96
8103,Product_8103,Category_20,378.12,7.01
8104,Product_8104,Category_8,199.10,4.87
8105,Product_8105,Category_7,459.38,15.23
8106,Product_8106,Category_20,183.49,7.01
8107,Product_8107,Category_13,292.81,9.82
8108,Product_8108,Category_11,55.83,2.04
8109,Product_8109,Category_4,171.59,7.07
8110,Product_8110,Category_7,89.40,15.23
8111,Product_8111,Category_12,409.78,16.64
8112,Product_8112,Category_19,288.66,12.09
8113,Product_8113,Category_13,281.95,9.82
8114,Product_8114,Category_10,410.98,1.96
8115,Product_8115,Category_17,364.94,8.62
8116,Product_8116,Category_15,274.85,5.71
8117,Product_8117,Category_6,415.15,10.37
8118,Product_8118,Category_20,484.43,7.01
8119,Product_8119,Category_19,86.34,12.09
8120,Product_8120,Category_14,411.31,18.89
8121,Product_8121,Category_10,340.39,1.96
8122,Product_8122,Category_17,366.98,8.62
8123,Product_8123,Category_17,126.88,8.62
8124,Product_8124,Category_1,355.94,1.59
8125,Product_8125,Category_13,211.37,9.82
8126,Product_8126,Category_9,164.55,17.02
8127,Product_8127,Category_3,138.56,9.60
8128,Product_8128,Category_10,153.35,1.96
8129,Product_8129,Category_5,315.61,15.25
8130,Product_8130,Category_4,399.84,7.07
8131,Product_8131,Category_3,324.81,9.60
8132,Product_8132,Category_6,350.89,10.37
8133,Product_8133,Category_9,211.07,17.02
8134,Product_8134,Category_14,398.54,18.89
8135,Product_8135,Category_17,427.31,8.62
8136,Product_8136,Category_5,307.10,15.25
8137,Product_8137,Category_19,335.13,12.09
8138,Product_8138,Category_2,327.44,5.19
8139,Product_8139,Category_14,206.12,18.89
8140,Product_8140,Category_5,331.20,15.25
8141,Product_8141,Category_12,466.30,16.64
8142,Product_8142,Category_20,213.44,7.01
8143,Product_8143,Category_1,451.13,1.59
8144,Product_8144,Category_17,127.07,8.62
8145,Product_8145,Category_4,205.01,7.07
8146,Product_8146,Category_6,450.01,10.37
8147,Product_8147,Category_11,69.16,2.04
8148,Product_8148,Category_13,219.73,9.82
8149,Product_8149,Category_17,60.29,8.62
8150,Product_8150,Category_18,72.15,1.76
8151,Product_8151,Category_5,279.60,15.25
8152,Product_8152,Category_20,64.37,7.01
8153,Product_8153,Category_16,169.68,10.21
8154,Product_8154,Category_15,40.01,5.71
8155,Product_8155,Category_4,396.28,7.07
8156,Product_8156,Category_7,222.63,15.23
8157,Product_8157,Category_8,66.06,4.87
8158,Product_8158,Category_9,305.67,17.02
8159,Product_8159,Category_18,3.99,1.76
8160,Product_8160,Category_16,293.24,10.21
8161,Product_8161,Category_15,392.57,5.71
8162,Product_8162,Category_14,285.93,18.89
8163,Product_8163,Category_20,280.25,7.01
8164,Product_8164,Category_4,391.01,7.07
8165,Product_8165,Category_2,98.62,5.19
8166,Product_8166,Category_2,308.03,5.19
8167,Product_8167,Category_5,289.07,15.25
8168,Product_8168,Category_1,271.07,1.59
8169,Product_8169,Category_7,187.87,15.23
8170,Product_8170,Category_11,401.00,2.04
8171,Product_8171,Category_18,321.90,1.76
8172,Product_8172,Category_17,146.07,8.62
8173,Product_8173,Category_1,68.96,1.59
8174,Product_8174,Category_1,14.06,1.59
8175,Product_8175,Category_7,270.82,15.23
8176,Product_8176,Category_16,381.68,10.21
8177,Product_8177,Category_6,311.51,10.37
8178,Product_8178,Category_18,425.56,1.76
8179,Product_8179,Category_12,321.80,16.64
8180,Product_8180,Category_14,147.16,18.89
8181,Product_8181,Category_1,83.41,1.59
8182,Product_8182,Category_18,281.82,1.76
8183,Product_8183,Category_15,90.23,5.71
8184,Product_8184,Category_1,474.98,1.59
8185,Product_8185,Category_20,21.14,7.01
8186,Product_8186,Category_17,450.19,8.62
8187,Product_8187,Category_3,285.83,9.60
8188,Product_8188,Category_7,415.84,15.23
8189,Product_8189,Category_14,478.90,18.89
8190,Product_8190,Category_2,102.58,5.19
8191,Product_8191,Category_11,45.07,2.04
8192,Product_8192,Category_3,468.37,9.60
8193,Product_8193,Category_6,52.22,10.37
8194,Product_8194,Category_12,463.93,16.64
8195,Product_8195,Category_16,475.52,10.21
8196,Product_8196,Category_6,354.64,10.37
8197,Product_8197,Category_17,112.97,8.62
8198,Product_8198,Category_4,59.73,7.07
8199,Product_8199,Category_19,356.75,12.09
8200,Product_8200,Category_8,364.60,4.87
8201,Product_8201,Category_20,472.55,7.01
8202,Product_8202,Category_14,287.22,18.89
8203,Product_8203,Category_9,342.97,17.02
8204,Product_8204,Category_13,330.62,9.82
8205,Product_8205,Category_1,103.12,1.59
8206,Product_8206,Category_7,226.08,15.23
8207,Product_8207,Category_1,162.90,1.59
8208,Product_8208,Category_11,89.42,2.04
8209,Product_8209,Category_7,197.80,15.23
8210,Product_8210,Category_18,484.77,1.76
8211,Product_8211,Category_4,69.15,7.07
8212,Product_8212,Category_7,331.49,15.23
8213,Product_8213,Category_16,326.44,10.21
8214,Product_8214,Category_7,119.66,15.23
8215,Product_8215,Category_9,385.45,17.02
8216,Product_8216,Category_13,14.88,9.82
8217,Product_8217,Category_13,379.33,9.82
8218,Product_8218,Category_17,456.38,8.62
8219,Product_8219,Category_17,366.66,8.62
8220,Product_8220,Category_7,209.69,15.23
8221,Product_8221,Category_12,156.90,16.64
8222,Product_8222,Category_2,175.01,5.19
8223,Product_8223,Category_15,213.08,5.71
8224,Product_8224,Category_8,268.49,4.87
8225,Product_8225,Category_13,96.99,9.82
8226,Product_8226,Category_3,248.60,9.60
8227,Product_8227,Category_15,367.71,5.71
8228,Product_8228,Category_9,177.19,17.02
8229,Product_8229,Category_16,291.16,10.21
8230,Product_8230,Category_13,95.83,9.82
8231,Product_8231,Category_5,109.50,15.25
8232,Product_8232,Category_14,445.91,18.89
8233,Product_8233,Category_11,283.18,2.04
8234,Product_8234,Category_2,488.47,5.19
8235,Product_8235,Category_12,249.38,16.64
8236,Product_8236,Category_19,162.51,12.09
8237,Product_8237,Category_15,298.12,5.71
8238,Product_8238,Category_10,475.79,1.96
8239,Product_8239,Category_15,64.38,5.71
8240,Product_8240,Category_7,351.78,15.23
8241,Product_8241,Category_9,429.94,17.02
8242,Product_8242,Category_20,131.41,7.01
8243,Product_8243,Category_10,267.67,1.96
8244,Product_8244,Category_7,80.48,15.23
8245,Product_8245,Category_5,453.86,15.25
8246,Product_8246,Category_14,486.07,18.89
8247,Product_8247,Category_9,161.50,17.02
8248,Product_8248,Category_20,466.94,7.01
8249,Product_8249,Category_3,467.46,9.60
8250,Product_8250,Category_19,468.19,12.09
8251,Product_8251,Category_1,130.80,1.59
8252,Product_8252,Category_1,480.43,1.59
8253,Product_8253,Category_11,366.86,2.04
8254,Product_8254,Category_20,172.79,7.01
8255,Product_8255,Category_17,350.15,8.62
8256,Product_8256,Category_16,373.31,10.21
8257,Product_8257,Category_12,232.32,16.64
8258,Product_8258,Category_19,183.84,12.09
8259,Product_8259,Category_5,313.45,15.25
8260,Product_8260,Category_3,101.76,9.60
8261,Product_8261,Category_5,333.35,15.25
8262,Product_8262,Category_3,350.08,9.60
8263,Product_8263,Category_14,220.88,18.89
8264,Product_8264,Category_8,432.67,4.87
8265,Product_8265,Category_7,495.50,15.23
8266,Product_8266,Category_15,221.34,5.71
8267,Product_8267,Category_7,284.38,15.23
8268,Product_8268,Category_13,147.62,9.82
8269,Product_8269,Category_17,146.43,8.62
8270,Product_8270,Category_3,68.68,9.60
8271,Product_8271,Category_11,471.41,2.04
8272,Product_8272,Category_12,99.18,16.64
8273,Product_8273,Category_15,158.58,5.71
8274,Product_8274,Category_7,266.52,15.23
8275,Product_8275,Category_5,78.69,15.25
8276,Product_8276,Category_12,449.66,16.64
8277,Product_8277,Category_3,164.84,9.60
8278,Product_8278,Category_7,44.69,15.23
8279,Product_8279,Category_14,370.54,18.89
8280,Product_8280,Category_5,375.31,15.25
8281,Product_8281,Category_7,334.18,15.23
8282,Product_8282,Category_16,107.47,10.21
8283,Product_8283,Category_16,276.05,10.21
8284,Product_8284,Category_7,163.31,15.23
8285,Product_8285,Category_5,457.56,15.25
8286,Product_8286,Category_19,330.04,12.09
8287,Product_8287,Category_2,53.11,5.19
8288,Product_8288,Category_6,68.08,10.37
8289,Product_8289,Category_17,173.10,8.62
8290,Product_8290,Category_18,203.80,1.76
8291,Product_8291,Category_8,137.43,4.87
8292,Product_8292,Category_10,394.37,1.96
8293,Product_8293,Category_13,46.06,9.82
8294,Product_8294,Category_5,237.66,15.25
8295,Product_8295,Category_16,60.65,10.21
8296,Product_8296,Category_14,36.51,18.89
8297,Product_8297,Category_9,255.66,17.02
8298,Product_8298,Category_3,154.86,9.60
8299,Product_8299,Category_9,396.80,17.02
8300,Product_8300,Category_1,364.61,1.59
8301,Product_8301,Category_14,65.29,18.89
8302,Product_8302,Category_11,170.77,2.04
8303,Product_8303,Category_17,285.42,8.62
8304,Product_8304,Category_5,13.46,15.25
8305,Product_8305,Category_20,419.48,7.01
8306,Product_8306,Category_11,12.57,2.04
8307,Product_8307,Category_17,200.55,8.62
8308,Product_8308,Category_3,90.33,9.60
8309,Product_8309,Category_16,484.25,10.21
8310,Product_8310,Category_8,40.98,4.87
8311,Product_8311,Category_19,78.53,12.09
8312,Product_8312,Category_13,375.16,9.82
8313,Product_8313,Category_18,402.88,1.76
8314,Product_8314,Category_10,434.24,1.96
8315,Product_8315,Category_18,123.79,1.76
8316,Product_8316,Category_1,383.34,1.59
8317,Product_8317,Category_17,434.76,8.62
8318,Product_8318,Category_3,391.03,9.60
8319,Product_8319,Category_9,323.63,17.02
8320,Product_8320,Category_18,186.94,1.76
8321,Product_8321,Category_14,282.21,18.89
8322,Product_8322,Category_17,377.07,8.62
8323,Product_8323,Category_8,311.55,4.87
8324,Product_8324,Category_4,456.86,7.07
8325,Product_8325,Category_18,328.06,1.76
8326,Product_8326,Category_3,112.30,9.60
8327,Product_8327,Category_1,342.79,1.59
8328,Product_8328,Category_16,272.03,10.21
8329,Product_8329,Category_20,65.80,7.01
8330,Product_8330,Category_16,394.30,10.21
8331,Product_8331,Category_2,146.21,5.19
8332,Product_8332,Category_13,365.56,9.82
8333,Product_8333,Category_19,238.40,12.09
8334,Product_8334,Category_11,490.51,2.04
8335,Product_8335,Category_10,175.95,1.96
8336,Product_8336,Category_5,150.55,15.25
8337,Product_8337,Category_11,12.99,2.04
8338,Product_8338,Category_13,190.20,9.82
8339,Product_8339,Category_20,414.20,7.01
8340,Product_8340,Category_9,51.04,17.02
8341,Product_8341,Category_17,4.28,8.62
8342,Product_8342,Category_18,42.27,1.76
8343,Product_8343,Category_15,121.97,5.71
8344,Product_8344,Category_10,216.79,1.96
8345,Product_8345,Category_3,55.87,9.60
8346,Product_8346,Category_17,85.67,8.62
8347,Product_8347,Category_9,186.53,17.02
8348,Product_8348,Category_13,335.81,9.82
8349,Product_8349,Category_14,499.20,18.89
8350,Product_8350,Category_10,49.65,1.96
8351,Product_8351,Category_17,374.93,8.62
8352,Product_8352,Category_15,223.90,5.71
8353,Product_8353,Category_5,472.06,15.25
8354,Product_8354,Category_18,370.57,1.76
8355,Product_8355,Category_20,226.37,7.01
8356,Product_8356,Category_5,365.90,15.25
8357,Product_8357,Category_4,328.50,7.07
8358,Product_8358,Category_19,1.74,12.09
8359,Product_8359,Category_19,293.52,12.09
8360,Product_8360,Category_8,294.66,4.87
8361,Product_8361,Category_3,173.34,9.60
8362,Product_8362,Category_19,0.21,12.09
8363,Product_8363,Category_2,118.55,5.19
8364,Product_8364,Category_12,244.64,16.64
8365,Product_8365,Category_11,216.19,2.04
8366,Product_8366,Category_10,150.79,1.96
8367,Product_8367,Category_19,25.92,12.09
8368,Product_8368,Category_7,223.71,15.23
8369,Product_8369,Category_16,23.61,10.21
8370,Product_8370,Category_9,413.87,17.02
8371,Product_8371,Category_14,195.08,18.89
8372,Product_8372,Category_9,124.24,17.02
8373,Product_8373,Category_15,16.96,5.71
8374,Product_8374,Category_14,340.97,18.89
8375,Product_8375,Category_18,294.36,1.76
8376,Product_8376,Category_5,258.63,15.25
8377,Product_8377,Category_20,130.64,7.01
8378,Product_8378,Category_8,0.84,4.87
8379,Product_8379,Category_11,460.88,2.04
8380,Product_8380,Category_13,407.91,9.82
8381,Product_8381,Category_2,198.40,5.19
8382,Product_8382,Category_10,359.47,1.96
8383,Product_8383,Category_12,380.45,16.64
8384,Product_8384,Category_10,340.05,1.96
8385,Product_8385,Category_14,242.48,18.89
8386,Product_8386,Category_4,478.84,7.07
8387,Product_8387,Category_14,67.57,18.89
8388,Product_8388,Category_18,182.25,1.76
8389,Product_8389,Category_13,473.24,9.82
8390,Product_8390,Category_17,255.00,8.62
8391,Product_8391,Category_3,367.81,9.60
8392,Product_8392,Category_6,343.65,10.37
8393,Product_8393,Category_11,126.78,2.04
8394,Product_8394,Category_15,156.36,5.71
8395,Product_8395,Category_19,181.93,12.09
8396,Product_8396,Category_14,63.57,18.89
8397,Product_8397,Category_4,327.95,7.07
8398,Product_8398,Category_11,359.88,2.04
8399,Product_8399,Category_18,325.13,1.76
8400,Product_8400,Category_10,84.94,1.96
8401,Product_8401,Category_5,328.98,15.25
8402,Product_8402,Category_17,415.96,8.62
8403,Product_8403,Category_20,165.76,7.01
8404,Product_8404,Category_19,87.71,12.09
8405,Product_8405,Category_1,493.61,1.59
8406,Product_8406,Category_5,41.36,15.25
8407,Product_8407,Category_4,438.30,7.07
8408,Product_8408,Category_7,208.71,15.23
8409,Product_8409,Category_11,54.38,2.04
8410,Product_8410,Category_17,147.98,8.62
8411,Product_8411,Category_15,19.36,5.71
8412,Product_8412,Category_15,208.17,5.71
8413,Product_8413,Category_17,297.48,8.62
8414,Product_8414,Category_17,222.32,8.62
8415,Product_8415,Category_14,200.00,18.89
8416,Product_8416,Category_14,37.59,18.89
8417,Product_8417,Category_1,154.34,1.59
8418,Product_8418,Category_2,217.28,5.19
8419,Product_8419,Category_17,141.86,8.62
8420,Product_8420,Category_14,117.33,18.89
8421,Product_8421,Category_15,220.81,5.71
8422,Product_8422,Category_14,198.39,18.89
8423,Product_8423,Category_10,149.95,1.96
8424,Product_8424,Category_14,428.54,18.89
8425,Product_8425,Category_20,291.75,7.01
8426,Product_8426,Category_1,46.55,1.59
8427,Product_8427,Category_3,186.78,9.60
8428,Product_8428,Category_19,28.90,12.09
8429,Product_8429,Category_3,260.23,9.60
8430,Product_8430,Category_18,416.98,1.76
8431,Product_8431,Category_10,67.43,1.96
8432,Product_8432,Category_6,398.90,10.37
8433,Product_8433,Category_10,393.78,1.96
8434,Product_8434,Category_14,334.96,18.89
8435,Product_8435,Category_19,338.66,12.09
8436,Product_8436,Category_1,205.97,1.59
8437,Product_8437,Category_9,342.50,17.02
8438,Product_8438,Category_6,140.32,10.37
8439,Product_8439,Category_18,251.29,1.76
8440,Product_8440,Category_7,418.53,15.23
8441,Product_8441,Category_7,331.74,15.23
8442,Product_8442,Category_20,0.47,7.01
8443,Product_8443,Category_8,40.89,4.87
8444,Product_8444,Category_1,150.21,1.59
8445,Product_8445,Category_4,215.49,7.07
8446,Product_8446,Category_17,34.97,8.62
8447,Product_8447,Category_17,180.11,8.62
8448,Product_8448,Category_3,349.64,9.60
8449,Product_8449,Category_4,32.16,7.07
8450,Product_8450,Category_7,29.24,15.23
8451,Product_8451,Category_10,25.68,1.96
8452,Product_8452,Category_9,462.69,17.02
8453,Product_8453,Category_6,69.73,10.37
8454,Product_8454,Category_1,346.71,1.59
8455,Product_8455,Category_19,259.40,12.09
8456,Product_8456,Category_17,424.83,8.62
8457,Product_8457,Category_17,4.81,8.62
8458,Product_8458,Category_6,283.15,10.37
8459,Product_8459,Category_6,327.33,10.37
8460,Product_8460,Category_3,87.26,9.60
8461,Product_8461,Category_11,108.62,2.04
8462,Product_8462,Category_10,334.46,1.96
8463,Product_8463,Category_7,304.93,15.23
8464,Product_8464,Category_4,441.28,7.07
8465,Product_8465,Category_11,197.75,2.04
8466,Product_8466,Category_4,246.95,7.07
8467,Product_8467,Category_9,223.51,17.02
8468,Product_8468,Category_2,103.22,5.19
8469,Product_8469,Category_18,128.59,1.76
8470,Product_8470,Category_3,269.72,9.60
8471,Product_8471,Category_12,158.21,16.64
8472,Product_8472,Category_12,144.24,16.64
8473,Product_8473,Category_6,132.96,10.37
8474,Product_8474,Category_14,76.59,18.89
8475,Product_8475,Category_4,132.86,7.07
8476,Product_8476,Category_5,392.15,15.25
8477,Product_8477,Category_19,238.32,12.09
8478,Product_8478,Category_19,231.46,12.09
8479,Product_8479,Category_1,381.96,1.59
8480,Product_8480,Category_3,396.16,9.60
8481,Product_8481,Category_9,272.84,17.02
8482,Product_8482,Category_12,462.68,16.64
8483,Product_8483,Category_8,381.67,4.87
8484,Product_8484,Category_6,235.57,10.37
8485,Product_8485,Category_2,237.89,5.19
8486,Product_8486,Category_13,46.14,9.82
8487,Product_8487,Category_11,417.18,2.04
8488,Product_8488,Category_17,451.42,8.62
8489,Product_8489,Category_8,241.84,4.87
8490,Product_8490,Category_13,197.65,9.82
8491,Product_8491,Category_7,159.56,15.23
8492,Product_8492,Category_11,149.65,2.04
8493,Product_8493,Category_18,264.29,1.76
8494,Product_8494,Category_4,110.88,7.07
8495,Product_8495,Category_16,130.78,10.21
8496,Product_8496,Category_11,354.86,2.04
8497,Product_8497,Category_15,247.47,5.71
8498,Product_8498,Category_2,189.65,5.19
8499,Product_8499,Category_17,101.64,8.62
8500,Product_8500,Category_2,48.12,5.19
8501,Product_8501,Category_5,133.05,15.25
8502,Product_8502,Category_2,107.83,5.19
8503,Product_8503,Category_19,59.29,12.09
8504,Product_8504,Category_18,82.27,1.76
8505,Product_8505,Category_7,123.80,15.23
8506,Product_8506,Category_13,133.76,9.82
8507,Product_8507,Category_11,13.44,2.04
8508,Product_8508,Category_15,304.85,5.71
8509,Product_8509,Category_5,86.48,15.25
8510,Product_8510,Category_16,319.65,10.21
8511,Product_8511,Category_3,27.18,9.60
8512,Product_8512,Category_4,223.11,7.07
8513,Product_8513,Category_16,235.84,10.21
8514,Product_8514,Category_14,125.77,18.89
8515,Product_8515,Category_19,196.81,12.09
8516,Product_8516,Category_17,39.82,8.62
8517,Product_8517,Category_19,146.93,12.09
8518,Product_8518,Category_15,316.45,5.71
8519,Product_8519,Category_7,403.06,15.23
8520,Product_8520,Category_4,340.02,7.07
8521,Product_8521,Category_7,464.14,15.23
8522,Product_8522,Category_9,169.78,17.02
8523,Product_8523,Category_9,323.62,17.02
8524,Product_8524,Category_20,308.43,7.01
8525,Product_8525,Category_3,383.99,9.60
8526,Product_8526,Category_2,105.81,5.19
8527,Product_8527,Category_10,336.25,1.96
8528,Product_8528,Category_2,182.48,5.19
8529,Product_8529,Category_20,184.76,7.01
8530,Product_8530,Category_18,47.92,1.76
8531,Product_8531,Category_8,61.85,4.87
8532,Product_8532,Category_20,13.96,7.01
8533,Product_8533,Category_12,200.31,16.64
8534,Product_8534,Category_16,8.98,10.21
8535,Product_8535,Category_18,114.29,1.76
8536,Product_8536,Category_6,336.13,10.37
8537,Product_8537,Category_6,214.18,10.37
8538,Product_8538,Category_17,175.47,8.62
8539,Product_8539,Category_8,76.55,4.87
8540,Product_8540,Category_3,445.05,9.60
8541,Product_8541,Category_3,159.74,9.60
8542,Product_8542,Category_5,464.22,15.25
8543,Product_8543,Category_18,69.78,1.76
8544,Product_8544,Category_16,485.43,10.21
8545,Product_8545,Category_18,194.20,1.76
8546,Product_8546,Category_11,232.77,2.04
8547,Product_8547,Category_14,318.56,18.89
8548,Product_8548,Category_19,269.54,12.09
8549,Product_8549,Category_13,380.63,9.82
8550,Product_8550,Category_18,368.63,1.76
8551,Product_8551,Category_18,84.96,1.76
8552,Product_8552,Category_16,334.55,10.21
8553,Product_8553,Category_12,67.61,16.64
8554,Product_8554,Category_5,9.73,15.25
8555,Product_8555,Category_10,424.67,1.96
8556,Product_8556,Category_12,443.52,16.64
8557,Product_8557,Category_2,281.21,5.19
8558,Product_8558,Category_13,72.04,9.82
8559,Product_8559,Category_1,407.03,1.59
8560,Product_8560,Category_18,5.12,1.76
8561,Product_8561,Category_4,304.34,7.07
8562,Product_8562,Category_10,446.93,1.96
8563,Product_8563,Category_1,230.97,1.59
8564,Product_8564,Category_1,410.92,1.59
8565,Product_8565,Category_19,484.05,12.09
8566,Product_8566,Category_6,429.18,10.37
8567,Product_8567,Category_8,169.94,4.87
8568,Product_8568,Category_7,209.68,15.23
8569,Product_8569,Category_3,175.51,9.60
8570,Product_8570,Category_1,319.64,1.59
8571,Product_8571,Category_7,329.46,15.23
8572,Product_8572,Category_10,336.76,1.96
8573,Product_8573,Category_11,49.37,2.04
8574,Product_8574,Category_14,439.55,18.89
8575,Product_8575,Category_9,198.83,17.02
8576,Product_8576,Category_7,295.81,15.23
8577,Product_8577,Category_12,485.13,16.64
8578,Product_8578,Category_15,131.06,5.71
8579,Product_8579,Category_4,67.56,7.07
8580,Product_8580,Category_17,496.71,8.62
8581,Product_8581,Category_9,313.61,17.02
8582,Product_8582,Category_13,204.05,9.82
8583,Product_8583,Category_1,491.02,1.59
8584,Product_8584,Category_20,369.42,7.01
8585,Product_8585,Category_14,492.60,18.89
8586,Product_8586,Category_6,332.13,10.37
8587,Product_8587,Category_19,350.42,12.09
8588,Product_8588,Category_1,15.40,1.59
8589,Product_8589,Category_13,261.17,9.82
8590,Product_8590,Category_10,394.11,1.96
8591,Product_8591,Category_14,94.86,18.89
8592,Product_8592,Category_16,33.95,10.21
8593,Product_8593,Category_10,174.41,1.96
8594,Product_8594,Category_16,70.92,10.21
8595,Product_8595,Category_8,237.14,4.87
8596,Product_8596,Category_19,369.60,12.09
8597,Product_8597,Category_2,225.95,5.19
8598,Product_8598,Category_1,421.92,1.59
8599,Product_8599,Category_6,245.07,10.37
8600,Product_8600,Category_1,79.80,1.59
8601,Product_8601,Category_20,27.64,7.01
8602,Product_8602,Category_1,485.67,1.59
8603,Product_8603,Category_12,196.46,16.64
8604,Product_8604,Category_10,288.08,1.96
8605,Product_8605,Category_20,3.15,7.01
8606,Product_8606,Category_8,171.69,4.87
8607,Product_8607,Category_10,303.75,1.96
8608,Product_8608,Category_12,97.41,16.64
8609,Product_8609,Category_18,0.46,1.76
8610,Product_8610,Category_2,351.23,5.19
8611,Product_8611,Category_13,383.98,9.82
8612,Product_8612,Category_14,342.31,18.89
8613,Product_8613,Category_20,88.36,7.01
8614,Product_8614,Category_16,130.49,10.21
8615,Product_8615,Category_5,493.59,15.25
8616,Product_8616,Category_15,203.44,5.71
8617,Product_8617,Category_6,15.29,10.37
8618,Product_8618,Category_10,441.78,1.96
8619,Product_8619,Category_4,104.59,7.07
8620,Product_8620,Category_9,416.25,17.02
8621,Product_8621,Category_2,488.84,5.19
8622,Product_8622,Category_8,374.22,4.87
8623,Product_8623,Category_9,42.88,17.02
8624,Product_8624,Category_1,410.06,1.59
8625,Product_8625,Category_4,300.99,7.07
8626,Product_8626,Category_2,142.11,5.19
8627,Product_8627,Category_6,477.91,10.37
8628,Product_8628,Category_14,105.80,18.89
8629,Product_8629,Category_12,56.12,16.64
8630,Product_8630,Category_8,285.01,4.87
8631,Product_8631,Category_19,167.03,12.09
8632,Product_8632,Category_9,10.66,17.02
8633,Product_8633,Category_10,14.89,1.96
8634,Product_8634,Category_12,70.62,16.64
8635,Product_8635,Category_7,230.11,15.23
8636,Product_8636,Category_17,307.26,8.62
8637,Product_8637,Category_10,298.00,1.96
8638,Product_8638,Category_7,235.20,15.23
8639,Product_8639,Category_13,284.84,9.82
8640,Product_8640,Category_13,335.04,9.82
8641,Product_8641,Category_10,260.55,1.96
8642,Product_8642,Category_17,105.32,8.62
8643,Product_8643,Category_20,130.44,7.01
8644,Product_8644,Category_10,159.35,1.96
8645,Product_8645,Category_8,50.67,4.87
8646,Product_8646,Category_8,373.18,4.87
8647,Product_8647,Category_7,152.28,15.23
8648,Product_8648,Category_11,233.03,2.04
8649,Product_8649,Category_4,157.74,7.07
8650,Product_8650,Category_12,332.14,16.64
8651,Product_8651,Category_15,289.06,5.71
8652,Product_8652,Category_2,127.87,5.19
8653,Product_8653,Category_20,28.72,7.01
8654,Product_8654,Category_1,308.62,1.59
8655,Product_8655,Category_7,300.03,15.23
8656,Product_8656,Category_20,103.71,7.01
8657,Product_8657,Category_18,306.54,1.76
8658,Product_8658,Category_20,327.75,7.01
8659,Product_8659,Category_18,232.27,1.76
8660,Product_8660,Category_20,9.16,7.01
8661,Product_8661,Category_19,436.24,12.09
8662,Product_8662,Category_3,101.15,9.60
8663,Product_8663,Category_5,252.08,15.25
8664,Product_8664,Category_16,39.95,10.21
8665,Product_8665,Category_11,108.31,2.04
8666,Product_8666,Category_2,443.78,5.19
8667,Product_8667,Category_14,348.96,18.89
8668,Product_8668,Category_5,331.49,15.25
8669,Product_8669,Category_6,347.87,10.37
8670,Product_8670,Category_2,402.31,5.19
8671,Product_8671,Category_14,419.07,18.89
8672,Product_8672,Category_13,116.32,9.82
8673,Product_8673,Category_5,68.03,15.25
8674,Product_8674,Category_1,138.09,1.59
8675,Product_8675,Category_20,86.31,7.01
8676,Product_8676,Category_14,212.68,18.89
8677,Product_8677,Category_14,26.84,18.89
8678,Product_8678,Category_2,101.26,5.19
8679,Product_8679,Category_1,239.10,1.59
8680,Product_8680,Category_14,338.28,18.89
8681,Product_8681,Category_20,89.73,7.01
8682,Product_8682,Category_13,344.12,9.82
8683,Product_8683,Category_17,119.60,8.62
8684,Product_8684,Category_16,322.37,10.21
8685,Product_8685,Category_4,349.33,7.07
8686,Product_8686,Category_10,69.29,1.96
8687,Product_8687,Category_9,284.71,17.02
8688,Product_8688,Category_2,377.15,5.19
8689,Product_8689,Category_9,86.82,17.02
8690,Product_8690,Category_17,480.02,8.62
8691,Product_8691,Category_5,478.58,15.25
8692,Product_8692,Category_3,245.13,9.60
8693,Product_8693,Category_3,356.44,9.60
8694,Product_8694,Category_6,366.63,10.37
8695,Product_8695,Category_16,203.42,10.21
8696,Product_8696,Category_14,298.05,18.89
8697,Product_8697,Category_20,331.94,7.01
8698,Product_8698,Category_4,286.82,7.07
8699,Product_8699,Category_2,119.92,5.19
8700,Product_8700,Category_14,398.13,18.89
8701,Product_8701,Category_18,191.29,1.76
8702,Product_8702,Category_4,366.13,7.07
8703,Product_8703,Category_16,169.76,10.21
8704,Product_8704,Category_19,326.28,12.09
8705,Product_8705,Category_4,389.73,7.07
8706,Product_8706,Category_16,470.95,10.21
8707,Product_8707,Category_19,222.42,12.09
8708,Product_8708,Category_11,366.01,2.04
8709,Product_8709,Category_16,26.77,10.21
8710,Product_8710,Category_16,357.99,10.21
8711,Product_8711,Category_11,282.24,2.04
8712,Product_8712,Category_9,409.03,17.02
8713,Product_8713,Category_8,419.19,4.87
8714,Product_8714,Category_5,157.59,15.25
8715,Product_8715,Category_4,213.69,7.07
8716,Product_8716,Category_19,111.80,12.09
8717,Product_8717,Category_16,69.29,10.21
8718,Product_8718,Category_12,214.65,16.64
8719,Product_8719,Category_3,64.71,9.60
8720,Product_8720,Category_15,212.69,5.71
8721,Product_8721,Category_9,428.98,17.02
8722,Product_8722,Category_15,112.04,5.71
8723,Product_8723,Category_17,356.20,8.62
8724,Product_8724,Category_20,267.44,7.01
8725,Product_8725,Category_8,362.25,4.87
8726,Product_8726,Category_6,316.15,10.37
8727,Product_8727,Category_1,364.24,1.59
8728,Product_8728,Category_4,235.94,7.07
8729,Product_8729,Category_19,138.00,12.09
8730,Product_8730,Category_12,39.28,16.64
8731,Product_8731,Category_6,413.96,10.37
8732,Product_8732,Category_20,327.45,7.01
8733,Product_8733,Category_20,343.92,7.01
8734,Product_8734,Category_15,222.50,5.71
8735,Product_8735,Category_2,109.10,5.19
8736,Product_8736,Category_10,193.56,1.96
8737,Product_8737,Category_7,352.43,15.23
8738,Product_8738,Category_2,332.28,5.19
8739,Product_8739,Category_18,391.44,1.76
8740,Product_8740,Category_18,163.80,1.76
8741,Product_8741,Category_14,132.34,18.89
8742,Product_8742,Category_6,397.44,10.37
8743,Product_8743,Category_20,147.65,7.01
8744,Product_8744,Category_11,20.26,2.04
8745,Product_8745,Category_3,310.63,9.60
8746,Product_8746,Category_5,364.23,15.25
8747,Product_8747,Category_17,308.88,8.62
8748,Product_8748,Category_5,279.83,15.25
8749,Product_8749,Category_19,74.09,12.09
8750,Product_8750,Category_18,271.42,1.76
8751,Product_8751,Category_14,15.59,18.89
8752,Product_8752,Category_2,337.27,5.19
8753,Product_8753,Category_14,151.93,18.89
8754,Product_8754,Category_3,210.47,9.60
8755,Product_8755,Category_2,429.98,5.19
8756,Product_8756,Category_9,208.64,17.02
8757,Product_8757,Category_8,177.24,4.87
8758,Product_8758,Category_3,299.54,9.60
8759,Product_8759,Category_1,257.77,1.59
8760,Product_8760,Category_14,460.74,18.89
8761,Product_8761,Category_10,55.85,1.96
8762,Product_8762,Category_16,392.27,10.21
8763,Product_8763,Category_7,43.39,15.23
8764,Product_8764,Category_6,139.34,10.37
8765,Product_8765,Category_18,111.44,1.76
8766,Product_8766,Category_13,492.88,9.82
8767,Product_8767,Category_17,89.70,8.62
8768,Product_8768,Category_13,67.41,9.82
8769,Product_8769,Category_6,272.40,10.37
8770,Product_8770,Category_17,316.32,8.62
8771,Product_8771,Category_13,373.09,9.82
8772,Product_8772,Category_6,431.39,10.37
8773,Product_8773,Category_4,332.95,7.07
8774,Product_8774,Category_8,403.13,4.87
8775,Product_8775,Category_5,230.79,15.25
8776,Product_8776,Category_7,48.25,15.23
8777,Product_8777,Category_15,9.25,5.71
8778,Product_8778,Category_9,326.11,17.02
8779,Product_8779,Category_12,108.24,16.64
8780,Product_8780,Category_13,184.47,9.82
8781,Product_8781,Category_9,327.47,17.02
8782,Product_8782,Category_11,441.84,2.04
8783,Product_8783,Category_12,445.27,16.64
8784,Product_8784,Category_20,272.27,7.01
8785,Product_8785,Category_3,260.41,9.60
8786,Product_8786,Category_4,228.97,7.07
8787,Product_8787,Category_18,145.99,1.76
8788,Product_8788,Category_16,451.82,10.21
8789,Product_8789,Category_5,320.04,15.25
8790,Product_8790,Category_16,336.46,10.21
8791,Product_8791,Category_4,41.28,7.07
8792,Product_8792,Category_8,372.00,4.87
8793,Product_8793,Category_2,234.34,5.19
8794,Product_8794,Category_17,491.11,8.62
8795,Product_8795,Category_15,38.35,5.71
8796,Product_8796,Category_15,34.32,5.71
8797,Product_8797,Category_1,68.01,1.59
8798,Product_8798,Category_2,432.54,5.19
8799,Product_8799,Category_6,161.23,10.37
8800,Product_8800,Category_14,477.79,18.89
8801,Product_8801,Category_3,493.09,9.60
8802,Product_8802,Category_5,160.70,15.25
8803,Product_8803,Category_18,139.66,1.76
8804,Product_8804,Category_20,164.10,7.01
8805,Product_8805,Category_8,6.07,4.87
8806,Product_8806,Category_14,358.64,18.89
8807,Product_8807,Category_4,425.41,7.07
8808,Product_8808,Category_7,34.26,15.23
8809,Product_8809,Category_14,170.58,18.89
8810,Product_8810,Category_15,384.89,5.71
8811,Product_8811,Category_2,396.25,5.19
8812,Product_8812,Category_9,428.15,17.02
8813,Product_8813,Category_3,205.06,9.60
8814,Product_8814,Category_1,4.58,1.59
8815,Product_8815,Category_14,142.35,18.89
8816,Product_8816,Category_14,284.83,18.89
8817,Product_8817,Category_4,231.48,7.07
8818,Product_8818,Category_1,265.03,1.59
8819,Product_8819,Category_11,486.01,2.04
8820,Product_8820,Category_19,460.80,12.09
8821,Product_8821,Category_20,286.01,7.01
8822,Product_8822,Category_11,485.03,2.04
8823,Product_8823,Category_6,144.40,10.37
8824,Product_8824,Category_5,144.39,15.25
8825,Product_8825,Category_12,275.88,16.64
8826,Product_8826,Category_16,391.95,10.21
8827,Product_8827,Category_3,354.56,9.60
8828,Product_8828,Category_8,446.08,4.87
8829,Product_8829,Category_10,65.02,1.96
8830,Product_8830,Category_13,4.30,9.82
8831,Product_8831,Category_1,76.15,1.59
8832,Product_8832,Category_6,191.31,10.37
8833,Product_8833,Category_14,7.28,18.89
8834,Product_8834,Category_20,484.78,7.01
8835,Product_8835,Category_20,487.98,7.01
8836,Product_8836,Category_8,149.28,4.87
8837,Product_8837,Category_13,162.65,9.82
8838,Product_8838,Category_8,313.29,4.87
8839,Product_8839,Category_7,25.35,15.23
8840,Product_8840,Category_8,123.00,4.87
8841,Product_8841,Category_1,356.11,1.59
8842,Product_8842,Category_3,256.81,9.60
8843,Product_8843,Category_4,313.66,7.07
8844,Product_8844,Category_11,303.00,2.04
8845,Product_8845,Category_16,299.77,10.21
8846,Product_8846,Category_7,196.47,15.23
8847,Product_8847,Category_11,167.93,2.04
8848,Product_8848,Category_2,46.18,5.19
8849,Product_8849,Category_19,35.98,12.09
8850,Product_8850,Category_20,48.76,7.01
8851,Product_8851,Category_12,250.26,16.64
8852,Product_8852,Category_16,437.76,10.21
8853,Product_8853,Category_15,77.73,5.71
8854,Product_8854,Category_2,419.74,5.19
8855,Product_8855,Category_3,70.99,9.60
8856,Product_8856,Category_2,33.66,5.19
8857,Product_8857,Category_12,146.28,16.64
8858,Product_8858,Category_10,57.96,1.96
8859,Product_8859,Category_16,96.27,10.21
8860,Product_8860,Category_10,451.92,1.96
8861,Product_8861,Category_1,129.80,1.59
8862,Product_8862,Category_1,8.09,1.59
8863,Product_8863,Category_1,67.33,1.59
8864,Product_8864,Category_17,184.27,8.62
8865,Product_8865,Category_9,301.29,17.02
8866,Product_8866,Category_7,80.96,15.23
8867,Product_8867,Category_8,46.25,4.87
8868,Product_8868,Category_6,128.30,10.37
8869,Product_8869,Category_18,240.14,1.76
8870,Product_8870,Category_2,280.78,5.19
8871,Product_8871,Category_12,489.44,16.64
8872,Product_8872,Category_9,38.38,17.02
8873,Product_8873,Category_18,88.71,1.76
8874,Product_8874,Category_5,481.94,15.25
8875,Product_8875,Category_7,310.62,15.23
8876,Product_8876,Category_1,254.83,1.59
8877,Product_8877,Category_1,41.76,1.59
8878,Product_8878,Category_17,255.20,8.62
8879,Product_8879,Category_8,273.45,4.87
8880,Product_8880,Category_19,299.40,12.09
8881,Product_8881,Category_15,27.41,5.71
8882,Product_8882,Category_14,80.10,18.89
8883,Product_8883,Category_20,382.67,7.01
8884,Product_8884,Category_8,349.25,4.87
8885,Product_8885,Category_18,317.99,1.76
8886,Product_8886,Category_19,28.83,12.09
8887,Product_8887,Category_10,366.02,1.96
8888,Product_8888,Category_9,27.05,17.02
8889,Product_8889,Category_9,375.22,17.02
8890,Product_8890,Category_19,349.82,12.09
8891,Product_8891,Category_7,156.45,15.23
8892,Product_8892,Category_16,487.54,10.21
8893,Product_8893,Category_3,385.74,9.60
8894,Product_8894,Category_16,235.38,10.21
8895,Product_8895,Category_3,461.09,9.60
8896,Product_8896,Category_3,65.63,9.60
8897,Product_8897,Category_15,123.48,5.71
8898,Product_8898,Category_8,4.73,4.87
8899,Product_8899,Category_6,191.15,10.37
8900,Product_8900,Category_3,198.48,9.60
8901,Product_8901,Category_19,60.68,12.09
8902,Product_8902,Category_11,285.68,2.04
8903,Product_8903,Category_6,431.38,10.37
8904,Product_8904,Category_18,305.25,1.76
8905,Product_8905,Category_16,61.02,10.21
8906,Product_8906,Category_10,405.58,1.96
8907,Product_8907,Category_2,382.24,5.19
8908,Product_8908,Category_14,1.83,18.89
8909,Product_8909,Category_5,235.21,15.25
8910,Product_8910,Category_3,122.85,9.60
8911,Product_8911,Category_7,65.09,15.23
8912,Product_8912,Category_18,492.80,1.76
8913,Product_8913,Category_19,113.54,12.09
8914,Product_8914,Category_18,114.28,1.76
8915,Product_8915,Category_19,461.38,12.09
8916,Product_8916,Category_3,399.00,9.60
8917,Product_8917,Category_6,176.97,10.37
8918,Product_8918,Category_5,92.12,15.25
8919,Product_8919,Category_15,12.25,5.71
8920,Product_8920,Category_20,347.48,7.01
8921,Product_8921,Category_10,212.94,1.96
8922,Product_8922,Category_20,206.88,7.01
8923,Product_8923,Category_11,478.82,2.04
8924,Product_8924,Category_6,194.96,10.37
8925,Product_8925,Category_19,494.67,12.09
8926,Product_8926,Category_5,444.64,15.25
8927,Product_8927,Category_11,329.93,2.04
8928,Product_8928,Category_4,485.09,7.07
8929,Product_8929,Category_4,464.46,7.07
8930,Product_8930,Category_14,13.40,18.89
8931,Product_8931,Category_9,103.73,17.02
8932,Product_8932,Category_20,359.64,7.01
8933,Product_8933,Category_1,150.04,1.59
8934,Product_8934,Category_11,0.79,2.04
8935,Product_8935,Category_1,134.74,1.59
8936,Product_8936,Category_9,27.61,17.02
8937,Product_8937,Category_12,429.20,16.64
8938,Product_8938,Category_20,133.83,7.01
8939,Product_8939,Category_11,12.63,2.04
8940,Product_8940,Category_20,183.60,7.01
8941,Product_8941,Category_9,88.09,17.02
8942,Product_8942,Category_3,239.47,9.60
8943,Product_8943,Category_16,171.43,10.21
8944,Product_8944,Category_5,96.60,15.25
8945,Product_8945,Category_10,54.12,1.96
8946,Product_8946,Category_13,249.76,9.82
8947,Product_8947,Category_16,216.00,10.21
8948,Product_8948,Category_18,200.29,1.76
8949,Product_8949,Category_13,427.92,9.82
8950,Product_8950,Category_3,288.11,9.60
8951,Product_8951,Category_16,372.40,10.21
8952,Product_8952,Category_14,241.19,18.89
8953,Product_8953,Category_5,395.63,15.25
8954,Product_8954,Category_9,27.80,17.02
8955,Product_8955,Category_14,73.53,18.89
8956,Product_8956,Category_7,198.44,15.23
8957,Product_8957,Category_14,165.88,18.89
8958,Product_8958,Category_4,357.16,7.07
8959,Product_8959,Category_9,99.31,17.02
8960,Product_8960,Category_5,436.82,15.25
8961,Product_8961,Category_5,176.01,15.25
8962,Product_8962,Category_17,152.74,8.62
8963,Product_8963,Category_3,493.16,9.60
8964,Product_8964,Category_19,423.93,12.09
8965,Product_8965,Category_18,14.85,1.76
8966,Product_8966,Category_9,361.59,17.02
8967,Product_8967,Category_15,333.79,5.71
8968,Product_8968,Category_6,241.73,10.37
8969,Product_8969,Category_15,167.79,5.71
8970,Product_8970,Category_8,46.33,4.87
8971,Product_8971,Category_3,155.17,9.60
8972,Product_8972,Category_15,364.03,5.71
8973,Product_8973,Category_11,449.53,2.04
8974,Product_8974,Category_3,235.17,9.60
8975,Product_8975,Category_2,318.43,5.19
8976,Product_8976,Category_6,365.65,10.37
8977,Product_8977,Category_3,168.51,9.60
8978,Product_8978,Category_3,435.75,9.60
8979,Product_8979,Category_11,248.28,2.04
8980,Product_8980,Category_15,129.47,5.71
8981,Product_8981,Category_13,26.45,9.82
8982,Product_8982,Category_6,249.57,10.37
8983,Product_8983,Category_16,256.16,10.21
8984,Product_8984,Category_5,383.75,15.25
8985,Product_8985,Category_16,298.27,10.21
8986,Product_8986,Category_11,345.61,2.04
8987,Product_8987,Category_9,202.61,17.02
8988,Product_8988,Category_13,451.17,9.82
8989,Product_8989,Category_4,232.54,7.07
8990,Product_8990,Category_6,187.00,10.37
8991,Product_8991,Category_20,224.61,7.01
8992,Product_8992,Category_20,476.30,7.01
8993,Product_8993,Category_2,326.76,5.19
8994,Product_8994,Category_4,16.01,7.07
8995,Product_8995,Category_15,143.64,5.71
8996,Product_8996,Category_5,216.48,15.25
8997,Product_8997,Category_15,84.87,5.71
8998,Product_8998,Category_19,374.14,12.09
8999,Product_8999,Category_5,473.85,15.25
9000,Product_9000,Category_6,1.26,10.37
9001,Product_9001,Category_17,0.99,8.62
9002,Product_9002,Category_13,213.80,9.82
9003,Product_9003,Category_11,64.80,2.04
9004,Product_9004,Category_3,63.75,9.60
9005,Product_9005,Category_12,155.42,16.64
9006,Product_9006,Category_1,27.41,1.59
9007,Product_9007,Category_18,147.32,1.76
9008,Product_9008,Category_12,357.43,16.64
9009,Product_9009,Category_15,460.54,5.71
9010,Product_9010,Category_12,157.47,16.64
9011,Product_9011,Category_6,78.91,10.37
9012,Product_9012,Category_13,58.57,9.82
9013,Product_9013,Category_8,303.90,4.87
9014,Product_9014,Category_8,449.74,4.87
9015,Product_9015,Category_1,3.79,1.59
9016,Product_9016,Category_8,293.64,4.87
9017,Product_9017,Category_4,138.50,7.07
9018,Product_9018,Category_20,92.11,7.01
9019,Product_9019,Category_6,207.51,10.37
9020,Product_9020,Category_11,99.77,2.04
9021,Product_9021,Category_9,129.36,17.02
9022,Product_9022,Category_1,182.19,1.59
9023,Product_9023,Category_16,291.05,10.21
9024,Product_9024,Category_6,408.77,10.37
9025,Product_9025,Category_3,39.75,9.60
9026,Product_9026,Category_15,458.04,5.71
9027,Product_9027,Category_6,28.63,10.37
9028,Product_9028,Category_9,181.58,17.02
9029,Product_9029,Category_11,429.35,2.04
9030,Product_9030,Category_13,115.42,9.82
9031,Product_9031,Category_19,417.80,12.09
9032,Product_9032,Category_15,117.42,5.71
9033,Product_9033,Category_5,356.10,15.25
9034,Product_9034,Category_8,384.48,4.87
9035,Product_9035,Category_14,395.46,18.89
9036,Product_9036,Category_10,42.81,1.96
9037,Product_9037,Category_18,8.22,1.76
9038,Product_9038,Category_13,22.71,9.82
9039,Product_9039,Category_14,381.93,18.89
9040,Product_9040,Category_12,143.09,16.64
9041,Product_9041,Category_17,457.64,8.62
9042,Product_9042,Category_10,82.40,1.96
9043,Product_9043,Category_11,415.22,2.04
9044,Product_9044,Category_12,291.75,16.64
9045,Product_9045,Category_15,78.01,5.71
9046,Product_9046,Category_2,427.63,5.19
9047,Product_9047,Category_14,429.18,18.89
9048,Product_9048,Category_18,257.35,1.76
9049,Product_9049,Category_14,49.65,18.89
9050,Product_9050,Category_16,252.59,10.21
9051,Product_9051,Category_6,244.28,10.37
9052,Product_9052,Category_14,8.36,18.89
9053,Product_9053,Category_1,396.16,1.59
9054,Product_9054,Category_20,268.56,7.01
9055,Product_9055,Category_6,278.66,10.37
9056,Product_9056,Category_16,384.30,10.21
9057,Product_9057,Category_10,332.08,1.96
9058,Product_9058,Category_11,169.65,2.04
9059,Product_9059,Category_10,400.85,1.96
9060,Product_9060,Category_3,48.21,9.60
9061,Product_9061,Category_19,276.22,12.09
9062,Product_9062,Category_11,327.88,2.04
9063,Product_9063,Category_14,347.04,18.89
9064,Product_9064,Category_14,366.21,18.89
9065,Product_9065,Category_6,257.13,10.37
9066,Product_9066,Category_2,345.90,5.19
9067,Product_9067,Category_11,34.18,2.04
9068,Product_9068,Category_3,358.56,9.60
9069,Product_9069,Category_13,481.03,9.82
9070,Product_9070,Category_7,442.96,15.23
9071,Product_9071,Category_6,207.88,10.37
9072,Product_9072,Category_18,380.31,1.76
9073,Product_9073,Category_1,254.52,1.59
9074,Product_9074,Category_6,357.83,10.37
9075,Product_9075,Category_2,224.13,5.19
9076,Product_9076,Category_11,382.77,2.04
9077,Product_9077,Category_5,29.82,15.25
9078,Product_9078,Category_5,134.68,15.25
9079,Product_9079,Category_13,72.56,9.82
9080,Product_9080,Category_19,228.46,12.09
9081,Product_9081,Category_11,131.95,2.04
9082,Product_9082,Category_2,14.08,5.19
9083,Product_9083,Category_17,37.93,8.62
9084,Product_9084,Category_18,453.27,1.76
9085,Product_9085,Category_8,260.96,4.87
9086,Product_9086,Category_12,333.37,16.64
9087,Product_9087,Category_1,205.29,1.59
9088,Product_9088,Category_17,381.24,8.62
9089,Product_9089,Category_9,62.99,17.02
9090,Product_9090,Category_17,277.44,8.62
9091,Product_9091,Category_20,78.73,7.01
9092,Product_9092,Category_6,479.64,10.37
9093,Product_9093,Category_3,64.39,9.60
9094,Product_9094,Category_14,320.44,18.89
9095,Product_9095,Category_12,36.52,16.64
9096,Product_9096,Category_5,93.66,15.25
9097,Product_9097,Category_17,455.13,8.62
9098,Product_9098,Category_1,90.94,1.59
9099,Product_9099,Category_6,6.15,10.37
9100,Product_9100,Category_3,137.17,9.60
9101,Product_9101,Category_1,429.44,1.59
9102,Product_9102,Category_3,398.10,9.60
9103,Product_9103,Category_8,363.33,4.87
9104,Product_9104,Category_19,403.53,12.09
9105,Product_9105,Category_12,97.59,16.64
9106,Product_9106,Category_18,496.49,1.76
9107,Product_9107,Category_13,230.83,9.82
9108,Product_9108,Category_17,284.00,8.62
9109,Product_9109,Category_12,452.84,16.64
9110,Product_9110,Category_7,26.56,15.23
9111,Product_9111,Category_6,233.70,10.37
9112,Product_9112,Category_2,381.79,5.19
9113,Product_9113,Category_13,392.82,9.82
9114,Product_9114,Category_6,145.73,10.37
9115,Product_9115,Category_8,234.29,4.87
9116,Product_9116,Category_8,325.51,4.87
9117,Product_9117,Category_17,176.32,8.62
9118,Product_9118,Category_1,29.47,1.59
9119,Product_9119,Category_16,397.78,10.21
9120,Product_9120,Category_10,80.33,1.96
9121,Product_9121,Category_8,351.41,4.87
9122,Product_9122,Category_14,421.02,18.89
9123,Product_9123,Category_20,327.78,7.01
9124,Product_9124,Category_5,41.93,15.25
9125,Product_9125,Category_13,452.87,9.82
9126,Product_9126,Category_4,119.37,7.07
9127,Product_9127,Category_6,329.18,10.37
9128,Product_9128,Category_15,289.43,5.71
9129,Product_9129,Category_18,377.08,1.76
9130,Product_9130,Category_7,429.94,15.23
9131,Product_9131,Category_11,323.54,2.04
9132,Product_9132,Category_16,470.52,10.21
9133,Product_9133,Category_1,270.62,1.59
9134,Product_9134,Category_12,199.32,16.64
9135,Product_9135,Category_17,97.42,8.62
9136,Product_9136,Category_11,348.20,2.04
9137,Product_9137,Category_17,396.08,8.62
9138,Product_9138,Category_15,436.80,5.71
9139,Product_9139,Category_2,334.76,5.19
9140,Product_9140,Category_10,42.81,1.96
9141,Product_9141,Category_1,19.86,1.59
9142,Product_9142,Category_6,86.70,10.37
9143,Product_9143,Category_1,456.44,1.59
9144,Product_9144,Category_19,356.18,12.09
9145,Product_9145,Category_5,493.31,15.25
9146,Product_9146,Category_10,107.16,1.96
9147,Product_9147,Category_8,371.82,4.87
9148,Product_9148,Category_15,202.37,5.71
9149,Product_9149,Category_20,272.60,7.01
9150,Product_9150,Category_2,327.51,5.19
9151,Product_9151,Category_17,305.11,8.62
9152,Product_9152,Category_6,285.72,10.37
9153,Product_9153,Category_8,370.55,4.87
9154,Product_9154,Category_9,161.16,17.02
9155,Product_9155,Category_10,277.01,1.96
9156,Product_9156,Category_12,486.91,16.64
9157,Product_9157,Category_20,356.46,7.01
9158,Product_9158,Category_10,332.24,1.96
9159,Product_9159,Category_4,492.82,7.07
9160,Product_9160,Category_11,359.01,2.04
9161,Product_9161,Category_2,394.74,5.19
9162,Product_9162,Category_12,23.97,16.64
9163,Product_9163,Category_20,5.73,7.01
9164,Product_9164,Category_11,472.54,2.04
9165,Product_9165,Category_8,284.09,4.87
9166,Product_9166,Category_18,425.06,1.76
9167,Product_9167,Category_14,468.98,18.89
9168,Product_9168,Category_5,237.31,15.25
9169,Product_9169,Category_15,288.57,5.71
9170,Product_9170,Category_11,433.02,2.04
9171,Product_9171,Category_12,243.57,16.64
9172,Product_9172,Category_8,330.10,4.87
9173,Product_9173,Category_20,315.51,7.01
9174,Product_9174,Category_6,175.62,10.37
9175,Product_9175,Category_5,213.55,15.25
9176,Product_9176,Category_20,494.00,7.01
9177,Product_9177,Category_16,329.76,10.21
9178,Product_9178,Category_18,55.03,1.76
9179,Product_9179,Category_19,25.22,12.09
9180,Product_9180,Category_11,259.21,2.04
9181,Product_9181,Category_6,206.06,10.37
9182,Product_9182,Category_17,228.91,8.62
9183,Product_9183,Category_13,213.96,9.82
9184,Product_9184,Category_12,90.74,16.64
9185,Product_9185,Category_2,245.13,5.19
9186,Product_9186,Category_12,409.56,16.64
9187,Product_9187,Category_4,228.74,7.07
9188,Product_9188,Category_8,334.65,4.87
9189,Product_9189,Category_5,251.23,15.25
9190,Product_9190,Category_14,210.83,18.89
9191,Product_9191,Category_15,492.72,5.71
9192,Product_9192,Category_15,179.39,5.71
9193,Product_9193,Category_6,483.46,10.37
9194,Product_9194,Category_5,484.31,15.25
9195,Product_9195,Category_9,82.24,17.02
9196,Product_9196,Category_12,157.25,16.64
9197,Product_9197,Category_15,443.56,5.71
9198,Product_9198,Category_13,188.62,9.82
9199,Product_9199,Category_14,494.13,18.89
9200,Product_9200,Category_11,425.81,2.04
9201,Product_9201,Category_3,167.71,9.60
9202,Product_9202,Category_14,486.15,18.89
9203,Product_9203,Category_1,469.77,1.59
9204,Product_9204,Category_12,108.36,16.64
9205,Product_9205,Category_7,4.44,15.23
9206,Product_9206,Category_16,380.87,10.21
9207,Product_9207,Category_17,259.99,8.62
9208,Product_9208,Category_17,297.20,8.62
9209,Product_9209,Category_13,58.09,9.82
9210,Product_9210,Category_20,258.30,7.01
9211,Product_9211,Category_8,168.10,4.87
9212,Product_9212,Category_7,378.56,15.23
9213,Product_9213,Category_11,21.19,2.04
9214,Product_9214,Category_5,198.11,15.25
9215,Product_9215,Category_7,298.47,15.23
9216,Product_9216,Category_11,268.40,2.04
9217,Product_9217,Category_18,466.33,1.76
9218,Product_9218,Category_3,90.32,9.60
9219,Product_9219,Category_2,308.54,5.19
9220,Product_9220,Category_1,173.31,1.59
9221,Product_9221,Category_14,485.73,18.89
9222,Product_9222,Category_2,305.20,5.19
9223,Product_9223,Category_12,382.08,16.64
9224,Product_9224,Category_13,432.23,9.82
9225,Product_9225,Category_20,203.78,7.01
9226,Product_9226,Category_7,458.16,15.23
9227,Product_9227,Category_3,236.02,9.60
9228,Product_9228,Category_7,466.03,15.23
9229,Product_9229,Category_16,212.75,10.21
9230,Product_9230,Category_18,381.68,1.76
9231,Product_9231,Category_4,349.78,7.07
9232,Product_9232,Category_12,144.29,16.64
9233,Product_9233,Category_12,47.61,16.64
9234,Product_9234,Category_3,136.13,9.60
9235,Product_9235,Category_2,335.24,5.19
9236,Product_9236,Category_9,117.93,17.02
9237,Product_9237,Category_11,344.97,2.04
9238,Product_9238,Category_11,46.96,2.04
9239,Product_9239,Category_13,194.72,9.82
9240,Product_9240,Category_4,304.26,7.07
9241,Product_9241,Category_14,298.52,18.89
9242,Product_9242,Category_13,219.29,9.82
9243,Product_9243,Category_4,132.91,7.07
9244,Product_9244,Category_16,281.37,10.21
9245,Product_9245,Category_1,111.36,1.59
9246,Product_9246,Category_6,451.64,10.37
9247,Product_9247,Category_7,421.03,15.23
9248,Product_9248,Category_5,147.50,15.25
9249,Product_9249,Category_1,312.12,1.59
9250,Product_9250,Category_2,68.74,5.19
9251,Product_9251,Category_7,387.60,15.23
9252,Product_9252,Category_20,155.25,7.01
9253,Product_9253,Category_20,412.76,7.01
9254,Product_9254,Category_5,187.89,15.25
9255,Product_9255,Category_16,267.29,10.21
9256,Product_9256,Category_2,483.56,5.19
9257,Product_9257,Category_2,178.85,5.19
9258,Product_9258,Category_4,117.40,7.07
9259,Product_9259,Category_13,445.51,9.82
9260,Product_9260,Category_18,152.94,1.76
9261,Product_9261,Category_15,331.81,5.71
9262,Product_9262,Category_4,2.64,7.07
9263,Product_9263,Category_1,79.51,1.59
9264,Product_9264,Category_19,319.94,12.09
9265,Product_9265,Category_7,355.81,15.23
9266,Product_9266,Category_15,342.93,5.71
9267,Product_9267,Category_20,234.29,7.01
9268,Product_9268,Category_1,472.04,1.59
9269,Product_9269,Category_18,447.67,1.76
9270,Product_9270,Category_20,345.54,7.01
9271,Product_9271,Category_19,66.39,12.09
9272,Product_9272,Category_10,464.78,1.96
9273,Product_9273,Category_11,459.60,2.04
9274,Product_9274,Category_2,319.50,5.19
9275,Product_9275,Category_20,21.25,7.01
9276,Product_9276,Category_3,211.22,9.60
9277,Product_9277,Category_1,291.35,1.59
9278,Product_9278,Category_13,201.08,9.82
9279,Product_9279,Category_10,194.42,1.96
9280,Product_9280,Category_11,461.35,2.04
9281,Product_9281,Category_7,207.75,15.23
9282,Product_9282,Category_11,60.47,2.04
9283,Product_9283,Category_12,497.48,16.64
9284,Product_9284,Category_5,211.75,15.25
9285,Product_9285,Category_5,259.38,15.25
9286,Product_9286,Category_17,435.94,8.62
9287,Product_9287,Category_19,123.88,12.09
9288,Product_9288,Category_17,185.88,8.62
9289,Product_9289,Category_10,209.72,1.96
9290,Product_9290,Category_10,355.62,1.96
9291,Product_9291,Category_2,414.99,5.19
9292,Product_9292,Category_17,432.36,8.62
9293,Product_9293,Category_5,324.52,15.25
9294,Product_9294,Category_16,253.55,10.21
9295,Product_9295,Category_10,201.31,1.96
9296,Product_9296,Category_19,445.19,12.09
9297,Product_9297,Category_19,181.36,12.09
9298,Product_9298,Category_11,134.26,2.04
9299,Product_9299,Category_1,395.72,1.59
9300,Product_9300,Category_11,288.92,2.04
9301,Product_9301,Category_7,307.82,15.23
9302,Product_9302,Category_4,148.96,7.07
9303,Product_9303,Category_18,48.13,1.76
9304,Product_9304,Category_3,118.29,9.60
9305,Product_9305,Category_8,6.83,4.87
9306,Product_9306,Category_11,137.95,2.04
9307,Product_9307,Category_8,375.10,4.87
9308,Product_9308,Category_6,343.36,10.37
9309,Product_9309,Category_20,389.22,7.01
9310,Product_9310,Category_7,239.53,15.23
9311,Product_9311,Category_19,327.87,12.09
9312,Product_9312,Category_18,348.42,1.76
9313,Product_9313,Category_15,291.47,5.71
9314,Product_9314,Category_15,143.93,5.71
9315,Product_9315,Category_18,69.64,1.76
9316,Product_9316,Category_12,451.66,16.64
9317,Product_9317,Category_20,233.26,7.01
9318,Product_9318,Category_11,370.65,2.04
9319,Product_9319,Category_16,383.57,10.21
9320,Product_9320,Category_15,447.17,5.71
9321,Product_9321,Category_11,469.77,2.04
9322,Product_9322,Category_7,423.54,15.23
9323,Product_9323,Category_9,129.73,17.02
9324,Product_9324,Category_20,12.07,7.01
9325,Product_9325,Category_20,358.98,7.01
9326,Product_9326,Category_5,18.54,15.25
9327,Product_9327,Category_18,213.29,1.76
9328,Product_9328,Category_3,261.73,9.60
9329,Product_9329,Category_12,246.79,16.64
9330,Product_9330,Category_19,387.92,12.09
9331,Product_9331,Category_8,249.98,4.87
9332,Product_9332,Category_14,238.18,18.89
9333,Product_9333,Category_9,135.84,17.02
9334,Product_9334,Category_2,111.22,5.19
9335,Product_9335,Category_3,486.01,9.60
9336,Product_9336,Category_3,116.30,9.60
9337,Product_9337,Category_7,152.45,15.23
9338,Product_9338,Category_18,180.54,1.76
9339,Product_9339,Category_4,55.64,7.07
9340,Product_9340,Category_20,275.07,7.01
9341,Product_9341,Category_18,202.42,1.76
9342,Product_9342,Category_19,161.48,12.09
9343,Product_9343,Category_20,499.27,7.01
9344,Product_9344,Category_1,170.83,1.59
9345,Product_9345,Category_2,334.62,5.19
9346,Product_9346,Category_2,457.12,5.19
9347,Product_9347,Category_18,286.11,1.76
9348,Product_9348,Category_2,360.13,5.19
9349,Product_9349,Category_10,250.64,1.96
9350,Product_9350,Category_10,423.18,1.96
9351,Product_9351,Category_12,285.11,16.64
9352,Product_9352,Category_7,368.80,15.23
9353,Product_9353,Category_1,319.77,1.59
9354,Product_9354,Category_7,169.39,15.23
9355,Product_9355,Category_16,216.68,10.21
9356,Product_9356,Category_5,410.01,15.25
9357,Product_9357,Category_11,78.63,2.04
9358,Product_9358,Category_14,460.79,18.89
9359,Product_9359,Category_18,195.14,1.76
9360,Product_9360,Category_7,52.18,15.23
9361,Product_9361,Category_10,17.60,1.96
9362,Product_9362,Category_2,406.73,5.19
9363,Product_9363,Category_19,443.71,12.09
9364,Product_9364,Category_11,145.90,2.04
9365,Product_9365,Category_10,268.53,1.96
9366,Product_9366,Category_6,211.45,10.37
9367,Product_9367,Category_13,441.03,9.82
9368,Product_9368,Category_5,62.54,15.25
9369,Product_9369,Category_19,414.85,12.09
9370,Product_9370,Category_14,25.32,18.89
9371,Product_9371,Category_7,437.74,15.23
9372,Product_9372,Category_15,336.87,5.71
9373,Product_9373,Category_8,430.12,4.87
9374,Product_9374,Category_3,20.72,9.60
9375,Product_9375,Category_8,234.99,4.87
9376,Product_9376,Category_3,190.96,9.60
9377,Product_9377,Category_15,78.25,5.71
9378,Product_9378,Category_17,238.34,8.62
9379,Product_9379,Category_9,453.15,17.02
9380,Product_9380,Category_12,430.98,16.64
9381,Product_9381,Category_5,363.31,15.25
9382,Product_9382,Category_5,162.58,15.25
9383,Product_9383,Category_8,417.68,4.87
9384,Product_9384,Category_13,436.15,9.82
9385,Product_9385,Category_13,316.14,9.82
9386,Product_9386,Category_2,0.57,5.19
9387,Product_9387,Category_9,262.22,17.02
9388,Product_9388,Category_3,462.35,9.60
9389,Product_9389,Category_8,123.20,4.87
9390,Product_9390,Category_5,197.81,15.25
9391,Product_9391,Category_11,46.55,2.04
9392,Product_9392,Category_10,140.56,1.96
9393,Product_9393,Category_7,100.55,15.23
9394,Product_9394,Category_1,52.99,1.59
9395,Product_9395,Category_16,19.92,10.21
9396,Product_9396,Category_9,44.71,17.02
9397,Product_9397,Category_12,210.15,16.64
9398,Product_9398,Category_17,208.46,8.62
9399,Product_9399,Category_12,189.99,16.64
9400,Product_9400,Category_20,437.15,7.01
9401,Product_9401,Category_4,132.55,7.07
9402,Product_9402,Category_17,220.91,8.62
9403,Product_9403,Category_20,450.58,7.01
9404,Product_9404,Category_12,239.42,16.64
9405,Product_9405,Category_5,432.76,15.25
9406,Product_9406,Category_16,155.03,10.21
9407,Product_9407,Category_7,344.70,15.23
9408,Product_9408,Category_2,73.96,5.19
9409,Product_9409,Category_8,344.47,4.87
9410,Product_9410,Category_2,128.40,5.19
9411,Product_9411,Category_16,411.23,10.21
9412,Product_9412,Category_3,68.89,9.60
9413,Product_9413,Category_19,300.50,12.09
9414,Product_9414,Category_2,415.61,5.19
9415,Product_9415,Category_8,257.82,4.87
9416,Product_9416,Category_17,358.31,8.62
9417,Product_9417,Category_9,78.10,17.02
9418,Product_9418,Category_15,261.05,5.71
9419,Product_9419,Category_4,31.88,7.07
9420,Product_9420,Category_11,335.82,2.04
9421,Product_9421,Category_5,259.86,15.25
9422,Product_9422,Category_8,414.08,4.87
9423,Product_9423,Category_10,124.66,1.96
9424,Product_9424,Category_9,304.08,17.02
9425,Product_9425,Category_9,147.30,17.02
9426,Product_9426,Category_4,47.78,7.07
9427,Product_9427,Category_17,27.19,8.62
9428,Product_9428,Category_6,465.36,10.37
9429,Product_9429,Category_2,437.03,5.19
9430,Product_9430,Category_9,374.87,17.02
9431,Product_9431,Category_5,425.85,15.25
9432,Product_9432,Category_19,221.29,12.09
9433,Product_9433,Category_1,404.47,1.59
9434,Product_9434,Category_3,281.31,9.60
9435,Product_9435,Category_10,257.33,1.96
9436,Product_9436,Category_10,3.72,1.96
9437,Product_9437,Category_8,146.57,4.87
9438,Product_9438,Category_1,108.51,1.59
9439,Product_9439,Category_17,64.07,8.62
9440,Product_9440,Category_3,478.79,9.60
9441,Product_9441,Category_9,224.06,17.02
9442,Product_9442,Category_12,204.15,16.64
9443,Product_9443,Category_12,211.90,16.64
9444,Product_9444,Category_13,33.71,9.82
9445,Product_9445,Category_11,454.23,2.04
9446,Product_9446,Category_19,395.66,12.09
9447,Product_9447,Category_14,93.26,18.89
9448,Product_9448,Category_1,284.53,1.59
9449,Product_9449,Category_15,171.88,5.71
9450,Product_9450,Category_3,458.35,9.60
9451,Product_9451,Category_3,15.85,9.60
9452,Product_9452,Category_11,442.13,2.04
9453,Product_9453,Category_15,63.47,5.71
9454,Product_9454,Category_8,273.46,4.87
9455,Product_9455,Category_13,282.68,9.82
9456,Product_9456,Category_19,337.23,12.09
9457,Product_9457,Category_10,416.50,1.96
9458,Product_9458,Category_17,179.61,8.62
9459,Product_9459,Category_2,262.34,5.19
9460,Product_9460,Category_14,6.02,18.89
9461,Product_9461,Category_10,13.12,1.96
9462,Product_9462,Category_19,186.59,12.09
9463,Product_9463,Category_11,326.60,2.04
9464,Product_9464,Category_10,456.55,1.96
9465,Product_9465,Category_6,316.86,10.37
9466,Product_9466,Category_15,495.83,5.71
9467,Product_9467,Category_16,493.50,10.21
9468,Product_9468,Category_11,75.21,2.04
9469,Product_9469,Category_11,24.05,2.04
9470,Product_9470,Category_3,241.73,9.60
9471,Product_9471,Category_18,208.49,1.76
9472,Product_9472,Category_4,30.26,7.07
9473,Product_9473,Category_18,218.98,1.76
9474,Product_9474,Category_10,482.91,1.96
9475,Product_9475,Category_10,405.37,1.96
9476,Product_9476,Category_17,295.54,8.62
9477,Product_9477,Category_20,405.57,7.01
9478,Product_9478,Category_8,39.30,4.87
9479,Product_9479,Category_15,183.11,5.71
9480,Product_9480,Category_9,134.89,17.02
9481,Product_9481,Category_5,194.42,15.25
9482,Product_9482,Category_3,33.50,9.60
9483,Product_9483,Category_15,343.57,5.71
9484,Product_9484,Category_4,293.37,7.07
9485,Product_9485,Category_4,289.79,7.07
9486,Product_9486,Category_20,149.89,7.01
9487,Product_9487,Category_15,355.86,5.71
9488,Product_9488,Category_17,340.59,8.62
9489,Product_9489,Category_14,447.81,18.89
9490,Product_9490,Category_5,354.18,15.25
9491,Product_9491,Category_5,428.13,15.25
9492,Product_9492,Category_10,143.24,1.96
9493,Product_9493,Category_17,494.46,8.62
9494,Product_9494,Category_7,388.88,15.23
9495,Product_9495,Category_13,389.56,9.82
9496,Product_9496,Category_16,25.91,10.21
9497,Product_9497,Category_6,446.21,10.37
9498,Product_9498,Category_12,199.52,16.64
9499,Product_9499,Category_15,247.40,5.71
9500,Product_9500,Category_15,218.18,5.71
9501,Product_9501,Category_3,253.85,9.60
9502,Product_9502,Category_2,329.60,5.19
9503,Product_9503,Category_1,141.39,1.59
9504,Product_9504,Category_17,205.67,8.62
9505,Product_9505,Category_10,163.27,1.96
9506,Product_9506,Category_12,430.55,16.64
9507,Product_9507,Category_18,402.97,1.76
9508,Product_9508,Category_10,113.04,1.96
9509,Product_9509,Category_8,365.66,4.87
9510,Product_9510,Category_1,162.27,1.59
9511,Product_9511,Category_13,267.98,9.82
9512,Product_9512,Category_15,16.35,5.71
9513,Product_9513,Category_18,218.87,1.76
9514,Product_9514,Category_18,396.42,1.76
9515,Product_9515,Category_10,169.38,1.96
9516,Product_9516,Category_14,133.67,18.89
9517,Product_9517,Category_7,463.87,15.23
9518,Product_9518,Category_11,445.81,2.04
9519,Product_9519,Category_13,89.57,9.82
9520,Product_9520,Category_14,491.48,18.89
9521,Product_9521,Category_16,25.69,10.21
9522,Product_9522,Category_7,301.66,15.23
9523,Product_9523,Category_1,43.59,1.59
9524,Product_9524,Category_12,471.11,16.64
9525,Product_9525,Category_12,269.29,16.64
9526,Product_9526,Category_1,91.74,1.59
9527,Product_9527,Category_10,445.95,1.96
9528,Product_9528,Category_9,242.71,17.02
9529,Product_9529,Category_19,316.41,12.09
9530,Product_9530,Category_10,212.54,1.96
9531,Product_9531,Category_2,469.82,5.19
9532,Product_9532,Category_15,399.46,5.71
9533,Product_9533,Category_9,226.37,17.02
9534,Product_9534,Category_6,302.61,10.37
9535,Product_9535,Category_7,60.76,15.23
9536,Product_9536,Category_17,231.28,8.62
9537,Product_9537,Category_16,243.60,10.21
9538,Product_9538,Category_20,141.43,7.01
9539,Product_9539,Category_18,214.86,1.76
9540,Product_9540,Category_16,158.66,10.21
9541,Product_9541,Category_10,331.71,1.96
9542,Product_9542,Category_7,378.60,15.23
9543,Product_9543,Category_4,99.81,7.07
9544,Product_9544,Category_12,302.65,16.64
9545,Product_9545,Category_5,293.78,15.25
9546,Product_9546,Category_19,465.22,12.09
9547,Product_9547,Category_10,464.75,1.96
9548,Product_9548,Category_5,177.34,15.25
9549,Product_9549,Category_13,356.38,9.82
9550,Product_9550,Category_13,15.90,9.82
9551,Product_9551,Category_20,265.08,7.01
9552,Product_9552,Category_6,12.12,10.37
9553,Product_9553,Category_1,496.74,1.59
9554,Product_9554,Category_12,215.22,16.64
9555,Product_9555,Category_8,229.33,4.87
9556,Product_9556,Category_4,76.43,7.07
9557,Product_9557,Category_12,352.50,16.64
9558,Product_9558,Category_1,190.73,1.59
9559,Product_9559,Category_5,472.69,15.25
9560,Product_9560,Category_14,180.16,18.89
9561,Product_9561,Category_19,416.50,12.09
9562,Product_9562,Category_9,125.30,17.02
9563,Product_9563,Category_8,209.63,4.87
9564,Product_9564,Category_9,164.73,17.02
9565,Product_9565,Category_18,195.26,1.76
9566,Product_9566,Category_12,162.58,16.64
9567,Product_9567,Category_3,348.72,9.60
9568,Product_9568,Category_7,456.18,15.23
9569,Product_9569,Category_15,352.09,5.71
9570,Product_9570,Category_7,34.40,15.23
9571,Product_9571,Category_6,205.28,10.37
9572,Product_9572,Category_2,351.61,5.19
9573,Product_9573,Category_12,191.76,16.64
9574,Product_9574,Category_4,40.27,7.07
9575,Product_9575,Category_6,85.52,10.37
9576,Product_9576,Category_17,412.31,8.62
9577,Product_9577,Category_15,456.77,5.71
9578,Product_9578,Category_15,35.59,5.71
9579,Product_9579,Category_1,171.50,1.59
9580,Product_9580,Category_1,410.24,1.59
9581,Product_9581,Category_2,118.25,5.19
9582,Product_9582,Category_9,381.05,17.02
9583,Product_9583,Category_5,18.06,15.25
9584,Product_9584,Category_3,208.75,9.60
9585,Product_9585,Category_2,270.78,5.19
9586,Product_9586,Category_8,254.08,4.87
9587,Product_9587,Category_8,17.04,4.87
9588,Product_9588,Category_4,0.83,7.07
9589,Product_9589,Category_19,246.41,12.09
9590,Product_9590,Category_19,144.43,12.09
9591,Product_9591,Category_8,364.61,4.87
9592,Product_9592,Category_1,253.27,1.59
9593,Product_9593,Category_5,33.88,15.25
9594,Product_9594,Category_9,494.70,17.02
9595,Product_9595,Category_3,428.73,9.60
9596,Product_9596,Category_7,336.10,15.23
9597,Product_9597,Category_16,412.00,10.21
9598,Product_9598,Category_10,248.06,1.96
9599,Product_9599,Category_16,480.47,10.21
9600,Product_9600,Category_12,258.07,16.64
9601,Product_9601,Category_1,67.21,1.59
9602,Product_9602,Category_10,438.38,1.96
9603,Product_9603,Category_13,115.87,9.82
9604,Product_9604,Category_8,279.93,4.87
9605,Product_9605,Category_11,180.49,2.04
9606,Product_9606,Category_13,459.81,9.82
9607,Product_9607,Category_7,50.45,15.23
9608,Product_9608,Category_8,461.62,4.87
9609,Product_9609,Category_8,407.24,4.87
9610,Product_9610,Category_3,83.29,9.60
9611,Product_9611,Category_7,231.42,15.23
9612,Product_9612,Category_3,371.25,9.60
9613,Product_9613,Category_11,433.49,2.04
9614,Product_9614,Category_12,200.98,16.64
9615,Product_9615,Category_19,446.03,12.09
9616,Product_9616,Category_9,447.81,17.02
9617,Product_9617,Category_16,487.81,10.21
9618,Product_9618,Category_5,23.60,15.25
9619,Product_9619,Category_14,66.13,18.89
9620,Product_9620,Category_17,108.43,8.62
9621,Product_9621,Category_17,221.98,8.62
9622,Product_9622,Category_8,212.25,4.87
9623,Product_9623,Category_7,144.74,15.23
9624,Product_9624,Category_11,105.08,2.04
9625,Product_9625,Category_2,451.18,5.19
9626,Product_9626,Category_20,346.40,7.01
9627,Product_9627,Category_16,226.64,10.21
9628,Product_9628,Category_11,15.35,2.04
9629,Product_9629,Category_17,94.65,8.62
9630,Product_9630,Category_17,291.35,8.62
9631,Product_9631,Category_1,355.01,1.59
9632,Product_9632,Category_13,93.67,9.82
9633,Product_9633,Category_17,477.15,8.62
9634,Product_9634,Category_16,14.85,10.21
9635,Product_9635,Category_12,252.80,16.64
9636,Product_9636,Category_18,187.57,1.76
9637,Product_9637,Category_16,148.44,10.21
9638,Product_9638,Category_13,63.56,9.82
9639,Product_9639,Category_1,317.13,1.59
9640,Product_9640,Category_3,148.75,9.60
9641,Product_9641,Category_2,282.42,5.19
9642,Product_9642,Category_3,282.62,9.60
9643,Product_9643,Category_4,7.68,7.07
9644,Product_9644,Category_20,162.67,7.01
9645,Product_9645,Category_5,368.46,15.25
9646,Product_9646,Category_16,73.78,10.21
9647,Product_9647,Category_11,183.80,2.04
9648,Product_9648,Category_17,287.03,8.62
9649,Product_9649,Category_2,389.53,5.19
9650,Product_9650,Category_18,10.07,1.76
9651,Product_9651,Category_16,366.30,10.21
9652,Product_9652,Category_20,288.29,7.01
9653,Product_9653,Category_13,400.98,9.82
9654,Product_9654,Category_20,188.70,7.01
9655,Product_9655,Category_9,16.87,17.02
9656,Product_9656,Category_1,4.14,1.59
9657,Product_9657,Category_8,121.39,4.87
9658,Product_9658,Category_8,241.07,4.87
9659,Product_9659,Category_13,126.00,9.82
9660,Product_9660,Category_14,4.99,18.89
9661,Product_9661,Category_13,202.37,9.82
9662,Product_9662,Category_20,12.25,7.01
9663,Product_9663,Category_7,346.27,15.23
9664,Product_9664,Category_17,243.08,8.62
9665,Product_9665,Category_12,217.76,16.64
9666,Product_9666,Category_3,417.73,9.60
9667,Product_9667,Category_13,73.25,9.82
9668,Product_9668,Category_11,228.19,2.04
9669,Product_9669,Category_5,298.09,15.25
9670,Product_9670,Category_2,320.55,5.19
9671,Product_9671,Category_9,274.23,17.02
9672,Product_9672,Category_1,235.71,1.59
9673,Product_9673,Category_17,378.27,8.62
9674,Product_9674,Category_3,438.99,9.60
9675,Product_9675,Category_7,249.96,15.23
9676,Product_9676,Category_5,167.46,15.25
9677,Product_9677,Category_3,372.31,9.60
9678,Product_9678,Category_16,234.56,10.21
9679,Product_9679,Category_10,424.77,1.96
9680,Product_9680,Category_17,207.73,8.62
9681,Product_9681,Category_19,28.83,12.09
9682,Product_9682,Category_7,7.18,15.23
9683,Product_9683,Category_11,277.00,2.04
9684,Product_9684,Category_2,3.80,5.19
9685,Product_9685,Category_4,426.29,7.07
9686,Product_9686,Category_7,276.35,15.23
9687,Product_9687,Category_5,486.13,15.25
9688,Product_9688,Category_12,184.78,16.64
9689,Product_9689,Category_3,496.63,9.60
9690,Product_9690,Category_1,253.50,1.59
9691,Product_9691,Category_10,489.52,1.96
9692,Product_9692,Category_15,103.34,5.71
9693,Product_9693,Category_5,494.71,15.25
9694,Product_9694,Category_11,340.92,2.04
9695,Product_9695,Category_18,329.89,1.76
9696,Product_9696,Category_14,154.76,18.89
9697,Product_9697,Category_12,439.23,16.64
9698,Product_9698,Category_9,460.83,17.02
9699,Product_9699,Category_18,418.43,1.76
9700,Product_9700,Category_15,397.46,5.71
9701,Product_9701,Category_1,449.40,1.59
9702,Product_9702,Category_5,478.83,15.25
9703,Product_9703,Category_19,127.54,12.09
9704,Product_9704,Category_10,20.85,1.96
9705,Product_9705,Category_9,23.87,17.02
9706,Product_9706,Category_8,96.49,4.87
9707,Product_9707,Category_16,387.05,10.21
9708,Product_9708,Category_16,130.85,10.21
9709,Product_9709,Category_4,297.15,7.07
9710,Product_9710,Category_15,200.99,5.71
9711,Product_9711,Category_17,144.82,8.62
9712,Product_9712,Category_12,91.21,16.64
9713,Product_9713,Category_12,394.49,16.64
9714,Product_9714,Category_8,93.89,4.87
9715,Product_9715,Category_19,30.65,12.09
9716,Product_9716,Category_12,87.19,16.64
9717,Product_9717,Category_17,142.98,8.62
9718,Product_9718,Category_7,90.08,15.23
9719,Product_9719,Category_14,166.29,18.89
9720,Product_9720,Category_20,408.78,7.01
9721,Product_9721,Category_19,345.76,12.09
9722,Product_9722,Category_20,27.10,7.01
9723,Product_9723,Category_18,278.82,1.76
9724,Product_9724,Category_7,115.67,15.23
9725,Product_9725,Category_13,490.36,9.82
9726,Product_9726,Category_14,333.13,18.89
9727,Product_9727,Category_14,101.54,18.89
9728,Product_9728,Category_4,5.85,7.07
9729,Product_9729,Category_10,177.70,1.96
9730,Product_9730,Category_13,455.52,9.82
9731,Product_9731,Category_8,51.52,4.87
9732,Product_9732,Category_19,79.94,12.09
9733,Product_9733,Category_18,274.44,1.76
9734,Product_9734,Category_19,349.39,12.09
9735,Product_9735,Category_4,378.64,7.07
9736,Product_9736,Category_10,94.05,1.96
9737,Product_9737,Category_5,249.20,15.25
9738,Product_9738,Category_20,408.92,7.01
9739,Product_9739,Category_4,257.79,7.07
9740,Product_9740,Category_1,341.97,1.59
9741,Product_9741,Category_15,390.18,5.71
9742,Product_9742,Category_6,419.38,10.37
9743,Product_9743,Category_13,186.19,9.82
9744,Product_9744,Category_3,341.14,9.60
9745,Product_9745,Category_17,480.71,8.62
9746,Product_9746,Category_13,329.64,9.82
9747,Product_9747,Category_19,275.92,12.09
9748,Product_9748,Category_6,111.95,10.37
9749,Product_9749,Category_18,160.68,1.76
9750,Product_9750,Category_5,341.07,15.25
9751,Product_9751,Category_9,51.23,17.02
9752,Product_9752,Category_6,373.25,10.37
9753,Product_9753,Category_3,324.99,9.60
9754,Product_9754,Category_6,354.11,10.37
9755,Product_9755,Category_16,375.15,10.21
9756,Product_9756,Category_20,19.48,7.01
9757,Product_9757,Category_5,87.38,15.25
9758,Product_9758,Category_1,336.20,1.59
9759,Product_9759,Category_8,202.75,4.87
9760,Product_9760,Category_12,120.75,16.64
9761,Product_9761,Category_12,441.29,16.64
9762,Product_9762,Category_2,71.89,5.19
9763,Product_9763,Category_4,100.56,7.07
9764,Product_9764,Category_7,308.73,15.23
9765,Product_9765,Category_2,193.43,5.19
9766,Product_9766,Category_14,24.35,18.89
9767,Product_9767,Category_5,174.48,15.25
9768,Product_9768,Category_3,307.76,9.60
9769,Product_9769,Category_3,43.45,9.60
9770,Product_9770,Category_14,227.79,18.89
9771,Product_9771,Category_10,172.03,1.96
9772,Product_9772,Category_13,7.85,9.82
9773,Product_9773,Category_1,414.93,1.59
9774,Product_9774,Category_1,445.27,1.59
9775,Product_9775,Category_3,38.93,9.60
9776,Product_9776,Category_11,162.57,2.04
9777,Product_9777,Category_4,443.59,7.07
9778,Product_9778,Category_8,267.92,4.87
9779,Product_9779,Category_11,371.93,2.04
9780,Product_9780,Category_8,268.62,4.87
9781,Product_9781,Category_2,193.51,5.19
9782,Product_9782,Category_8,402.18,4.87
9783,Product_9783,Category_4,154.81,7.07
9784,Product_9784,Category_13,439.40,9.82
9785,Product_9785,Category_7,240.62,15.23
9786,Product_9786,Category_10,158.33,1.96
9787,Product_9787,Category_15,227.85,5.71
9788,Product_9788,Category_15,95.71,5.71
9789,Product_9789,Category_6,363.86,10.37
9790,Product_9790,Category_15,24.19,5.71
9791,Product_9791,Category_18,106.76,1.76
9792,Product_9792,Category_19,72.31,12.09
9793,Product_9793,Category_17,40.58,8.62
9794,Product_9794,Category_5,93.20,15.25
9795,Product_9795,Category_9,69.67,17.02
9796,Product_9796,Category_17,114.83,8.62
9797,Product_9797,Category_18,339.21,1.76
9798,Product_9798,Category_17,183.61,8.62
9799,Product_9799,Category_2,161.41,5.19
9800,Product_9800,Category_19,33.77,12.09
9801,Product_9801,Category_17,262.22,8.62
9802,Product_9802,Category_15,212.12,5.71
9803,Product_9803,Category_3,257.21,9.60
9804,Product_9804,Category_1,205.18,1.59
9805,Product_9805,Category_18,125.14,1.76
9806,Product_9806,Category_7,143.40,15.23
9807,Product_9807,Category_14,110.48,18.89
9808,Product_9808,Category_11,353.54,2.04
9809,Product_9809,Category_11,47.14,2.04
9810,Product_9810,Category_8,264.01,4.87
9811,Product_9811,Category_17,125.26,8.62
9812,Product_9812,Category_5,393.04,15.25
9813,Product_9813,Category_19,399.76,12.09
9814,Product_9814,Category_15,133.15,5.71
9815,Product_9815,Category_2,145.78,5.19
9816,Product_9816,Category_14,39.81,18.89
9817,Product_9817,Category_1,217.45,1.59
9818,Product_9818,Category_18,438.57,1.76
9819,Product_9819,Category_7,250.08,15.23
9820,Product_9820,Category_3,347.90,9.60
9821,Product_9821,Category_12,102.07,16.64
9822,Product_9822,Category_1,480.02,1.59
9823,Product_9823,Category_18,119.66,1.76
9824,Product_9824,Category_15,103.69,5.71
9825,Product_9825,Category_19,234.73,12.09
9826,Product_9826,Category_9,306.42,17.02
9827,Product_9827,Category_1,412.96,1.59
9828,Product_9828,Category_17,139.76,8.62
9829,Product_9829,Category_3,128.02,9.60
9830,Product_9830,Category_16,130.20,10.21
9831,Product_9831,Category_19,216.06,12.09
9832,Product_9832,Category_14,457.59,18.89
9833,Product_9833,Category_14,339.43,18.89
9834,Product_9834,Category_19,258.50,12.09
9835,Product_9835,Category_19,131.16,12.09
9836,Product_9836,Category_16,11.80,10.21
9837,Product_9837,Category_2,466.71,5.19
9838,Product_9838,Category_6,461.97,10.37
9839,Product_9839,Category_20,186.86,7.01
9840,Product_9840,Category_6,270.64,10.37
9841,Product_9841,Category_20,357.41,7.01
9842,Product_9842,Category_14,129.16,18.89
9843,Product_9843,Category_18,53.48,1.76
9844,Product_9844,Category_2,29.08,5.19
9845,Product_9845,Category_5,264.08,15.25
9846,Product_9846,Category_19,196.53,12.09
9847,Product_9847,Category_4,33.92,7.07
9848,Product_9848,Category_7,31.97,15.23
9849,Product_9849,Category_6,320.54,10.37
9850,Product_9850,Category_5,346.49,15.25
9851,Product_9851,Category_13,139.43,9.82
9852,Product_9852,Category_10,420.63,1.96
9853,Product_9853,Category_16,462.89,10.21
9854,Product_9854,Category_16,370.50,10.21
9855,Product_9855,Category_13,44.19,9.82
9856,Product_9856,Category_9,46.80,17.02
9857,Product_9857,Category_14,433.68,18.89
9858,Product_9858,Category_14,180.47,18.89
9859,Product_9859,Category_19,473.09,12.09
9860,Product_9860,Category_11,101.45,2.04
9861,Product_9861,Category_2,208.43,5.19
9862,Product_9862,Category_12,341.85,16.64
9863,Product_9863,Category_4,377.31,7.07
9864,Product_9864,Category_9,151.63,17.02
9865,Product_9865,Category_14,165.27,18.89
9866,Product_9866,Category_16,74.95,10.21
9867,Product_9867,Category_11,202.02,2.04
9868,Product_9868,Category_12,191.25,16.64
9869,Product_9869,Category_18,212.80,1.76
9870,Product_9870,Category_18,241.24,1.76
9871,Product_9871,Category_10,419.69,1.96
9872,Product_9872,Category_16,278.87,10.21
9873,Product_9873,Category_1,409.95,1.59
9874,Product_9874,Category_18,364.12,1.76
9875,Product_9875,Category_6,425.07,10.37
9876,Product_9876,Category_6,70.98,10.37
9877,Product_9877,Category_15,418.63,5.71
9878,Product_9878,Category_11,463.91,2.04
9879,Product_9879,Category_20,52.72,7.01
9880,Product_9880,Category_5,467.63,15.25
9881,Product_9881,Category_19,229.23,12.09
9882,Product_9882,Category_14,336.78,18.89
9883,Product_9883,Category_4,218.32,7.07
9884,Product_9884,Category_9,90.20,17.02
9885,Product_9885,Category_2,480.78,5.19
9886,Product_9886,Category_12,419.23,16.64
9887,Product_9887,Category_1,348.85,1.59
9888,Product_9888,Category_19,222.84,12.09
9889,Product_9889,Category_12,352.03,16.64
9890,Product_9890,Category_8,401.99,4.87
9891,Product_9891,Category_14,267.06,18.89
9892,Product_9892,Category_13,209.77,9.82
9893,Product_9893,Category_14,171.31,18.89
9894,Product_9894,Category_11,392.79,2.04
9895,Product_9895,Category_1,463.48,1.59
9896,Product_9896,Category_13,28.92,9.82
9897,Product_9897,Category_3,293.70,9.60
9898,Product_9898,Category_8,225.39,4.87
9899,Product_9899,Category_3,303.44,9.60
9900,Product_9900,Category_20,63.21,7.01
9901,Product_9901,Category_10,295.14,1.96
9902,Product_9902,Category_3,169.14,9.60
9903,Product_9903,Category_8,389.73,4.87
9904,Product_9904,Category_19,449.47,12.09
9905,Product_9905,Category_6,361.65,10.37
9906,Product_9906,Category_18,364.53,1.76
9907,Product_9907,Category_2,290.77,5.19
9908,Product_9908,Category_10,211.04,1.96
9909,Product_9909,Category_13,384.62,9.82
9910,Product_9910,Category_11,180.02,2.04
9911,Product_9911,Category_2,98.82,5.19
9912,Product_9912,Category_20,384.48,7.01
9913,Product_9913,Category_12,224.66,16.64
9914,Product_9914,Category_14,123.35,18.89
9915,Product_9915,Category_11,436.72,2.04
9916,Product_9916,Category_12,487.98,16.64
9917,Product_9917,Category_17,213.34,8.62
9918,Product_9918,Category_3,274.94,9.60
9919,Product_9919,Category_14,288.41,18.89
9920,Product_9920,Category_18,245.05,1.76
9921,Product_9921,Category_13,319.81,9.82
9922,Product_9922,Category_8,26.17,4.87
9923,Product_9923,Category_1,148.86,1.59
9924,Product_9924,Category_2,186.29,5.19
9925,Product_9925,Category_16,238.51,10.21
9926,Product_9926,Category_3,84.34,9.60
9927,Product_9927,Category_16,347.60,10.21
9928,Product_9928,Category_17,167.82,8.62
9929,Product_9929,Category_20,323.29,7.01
9930,Product_9930,Category_16,459.49,10.21
9931,Product_9931,Category_1,109.40,1.59
9932,Product_9932,Category_3,271.46,9.60
9933,Product_9933,Category_15,12.45,5.71
9934,Product_9934,Category_15,193.42,5.71
9935,Product_9935,Category_3,53.11,9.60
9936,Product_9936,Category_14,144.87,18.89
9937,Product_9937,Category_10,23.43,1.96
9938,Product_9938,Category_3,366.79,9.60
9939,Product_9939,Category_9,150.71,17.02
9940,Product_9940,Category_10,145.46,1.96
9941,Product_9941,Category_19,347.10,12.09
9942,Product_9942,Category_16,443.30,10.21
9943,Product_9943,Category_16,219.64,10.21
9944,Product_9944,Category_12,338.03,16.64
9945,Product_9945,Category_9,242.79,17.02
9946,Product_9946,Category_8,295.01,4.87
9947,Product_9947,Category_1,20.01,1.59
9948,Product_9948,Category_3,178.47,9.60
9949,Product_9949,Category_10,60.25,1.96
9950,Product_9950,Category_16,196.13,10.21
9951,Product_9951,Category_5,441.36,15.25
9952,Product_9952,Category_20,292.09,7.01
9953,Product_9953,Category_5,102.59,15.25
9954,Product_9954,Category_15,107.78,5.71
9955,Product_9955,Category_11,206.08,2.04
9956,Product_9956,Category_4,294.98,7.07
9957,Product_9957,Category_1,354.72,1.59
9958,Product_9958,Category_17,103.01,8.62
9959,Product_9959,Category_9,324.29,17.02
9960,Product_9960,Category_15,288.87,5.71
9961,Product_9961,Category_14,405.54,18.89
9962,Product_9962,Category_15,316.63,5.71
9963,Product_9963,Category_10,250.68,1.96
9964,Product_9964,Category_7,10.38,15.23
9965,Product_9965,Category_15,102.73,5.71
9966,Product_9966,Category_8,373.34,4.87
9967,Product_9967,Category_15,285.00,5.71
9968,Product_9968,Category_10,332.90,1.96
9969,Product_9969,Category_17,194.32,8.62
9970,Product_9970,Category_2,308.02,5.19
9971,Product_9971,Category_6,46.38,10.37
9972,Product_9972,Category_1,485.88,1.59
9973,Product_9973,Category_11,61.65,2.04
9974,Product_9974,Category_16,495.65,10.21
9975,Product_9975,Category_15,162.88,5.71
9976,Product_9976,Category_15,4.96,5.71
9977,Product_9977,Category_11,33.37,2.04
9978,Product_9978,Category_7,244.46,15.23
9979,Product_9979,Category_16,363.08,10.21
9980,Product_9980,Category_7,134.49,15.23
9981,Product_9981,Category_9,315.00,17.02
9982,Product_9982,Category_8,289.35,4.87
9983,Product_9983,Category_9,91.57,17.02
9984,Product_9984,Category_6,328.36,10.37
9985,Product_9985,Category_2,417.12,5.19
9986,Product_9986,Category_10,278.07,1.96
9987,Product_9987,Category_11,454.37,2.04
9988,Product_9988,Category_17,248.65,8.62
9989,Product_9989,Category_14,462.54,18.89
9990,Product_9990,Category_1,92.45,1.59
9991,Product_9991,Category_11,56.38,2.04
9992,Product_9992,Category_3,6.67,9.60
9993,Product_9993,Category_7,402.84,15.23
9994,Product_9994,Category_2,38.42,5.19
9995,Product_9995,Category_9,448.12,17.02
9996,Product_9996,Category_16,54.87,10.21
9997,Product_9997,Category_18,18.48,1.76
9998,Product_9998,Category_2,418.38,5.19
9999,Product_9999,Category_3,419.06,9.60
10000,Product_10000,Category_20,62.41,7.01
